<?xml version="1.0" encoding="UTF-8"?>
<!DOCTYPE mapper PUBLIC "-//mybatis.org//DTD Mapper 3.0//EN" "http://mybatis.org/dtd/mybatis-3-mapper.dtd" >
<mapper namespace="com.clkj.mapper.dao.base.RBaseAccountUserMyMapper">
	<!-- Result Map -->
	<resultMap id="BaseResultMap" type="com.clkj.entity.base.RBaseAccountUser">
		<result column="u_id" property="uId" javaType="String" />
		<result column="a_id" property="aId" javaType="String" />
		<result column="update_time" property="updateTime" javaType="java.util.Date" />
	</resultMap>

	<sql id="Base_Column_List">
		u_id,a_id,update_time
	</sql>

	<select id="getUserIdsByRoleCode" parameterType="java.lang.String" resultType="java.lang.String">
		<![CDATA[ select rbau.u_id from t_base_role tbr 
		left join r_base_account_role rbar on tbr.id = rbar.role_id 
		left join r_base_account_user rbau on rbar.account_id = rbau.a_id 
		where tbr.role_code in ]]>
		<foreach collection="list" item="roleCode" open="(" separator="," close=")">
			#{roleCode,jdbcType=VARCHAR}
		</foreach>
		<![CDATA[  and rbau.u_id is not null ]]>
	</select>
	
	<select id="selectByAccountId" parameterType="java.lang.String" resultMap="BaseResultMap">
  		select 
		<include refid="Base_Column_List"/>
		from r_base_account_user 
		where a_id=#{accountId,jdbcType=VARCHAR}
  	</select>
</mapper>   
