<?xml version="1.0" encoding="UTF-8"?>
<!DOCTYPE mapper PUBLIC "-//mybatis.org//DTD Mapper 3.0//EN" "http://mybatis.org/dtd/mybatis-3-mapper.dtd" >
<mapper namespace="com.clkj.mapper.dao.base.RBaseUserDeptMyMapper" > 
  	<!-- Result Map-->
	<resultMap id="BaseResultMap" type="com.clkj.entity.base.RBaseUserDept" >
		<result column="USER_ID" property="userId" javaType="String"/>
		<result column="DEPT_ID" property="deptId" javaType="String"/>
		<result column="UPDATE_TIME" property="updateTime" javaType="java.util.Date"/>
		<result column="UPDATE_VERSION" property="updateVersion" javaType="String"/>
	</resultMap>
	<sql id="Base_Column_List" >
		USER_ID ,DEPT_ID ,UPDATE_TIME, UPDATE_VERSION
	</sql>
  	
  	<delete id="deleteByPrimaryKey" parameterType="java.util.Map">
	    <![CDATA[ delete from r_base_user_dept  ]]>
	    <trim prefix="where" prefixOverrides="AND|OR">
			<![CDATA[ AND USER_ID = #{userId,jdbcType=VARCHAR}	]]>
			<![CDATA[ AND DEPT_ID = #{deptId,jdbcType=VARCHAR}	]]>
	    </trim>
  	</delete>
  	
	<insert id="insertBatch" parameterType="java.util.List" >
		<![CDATA[ insert into r_base_user_dept (]]>
		<include refid="Base_Column_List"/>
		<![CDATA[ ) values ]]>
			<foreach collection="list" item="it" separator=",">
			<![CDATA[ (
				#{it.userId,jdbcType=VARCHAR},
				#{it.deptId,jdbcType=VARCHAR},
				#{it.updateTime,jdbcType=TIMESTAMP},
				#{it.updateVersion,jdbcType=VARCHAR}
			) ]]>
		</foreach>
	</insert>

	<delete id="deleteBatch" parameterType="java.util.List" >
	    <![CDATA[ delete from r_base_user_dept  ]]>
	    <trim prefix="where" prefixOverrides="AND|OR">
	    	<foreach collection="list" item="it" separator=" OR ">
				<![CDATA[ ( USER_ID = #{it.userId,jdbcType=VARCHAR} AND DEPT_ID = #{it.deptId,jdbcType=VARCHAR}	) ]]>
	    	</foreach>
	    </trim>
  	</delete>
</mapper>   
