<?xml version="1.0" encoding="UTF-8"?>
<!DOCTYPE mapper PUBLIC "-//mybatis.org//DTD Mapper 3.0//EN" "http://mybatis.org/dtd/mybatis-3-mapper.dtd" >
<mapper namespace="com.clkj.mapper.dao.base.RBaseAccountRoleMyMapper" > 
	<!-- Result Map-->
	<resultMap id="BaseResultMap" type="com.clkj.entity.base.RBaseAccountRole" >
		<result column="ACCOUNT_ID" property="accountId" javaType="String"/>
		<result column="ROLE_ID" property="roleId" javaType="String"/>
		<result column="UPDATE_TIME" property="updateTime" javaType="java.util.Date"/>
		
		<collection column="ACCOUNT_ID" 
			property="account" javaType="com.clkj.entity.base.TBaseAccount" ofType="map"   
			select="com.clkj.mapper.dao.base.TBaseAccountMapper.selectByPrimaryKey">
		</collection>
		<collection column="ROLE_ID" 
			property="role" javaType="com.clkj.entity.base.TBaseRole" ofType="map"   
			select="com.clkj.mapper.dao.base.TBaseRoleMapper.selectByPrimaryKey">
		</collection>
	</resultMap>
	<!-- 账号角色关联表 -->
	<sql id="Base_Column_List" >
		ACCOUNT_ID ,ROLE_ID ,UPDATE_TIME
	</sql>
	
	<!-- 插入记录 -->
	<insert id="insert" parameterType="com.clkj.entity.base.RBaseAccountRole" >
		<![CDATA[ insert into r_base_account_role ( ]]>
		<include refid="Base_Column_List"/>
		<![CDATA[  ) values ( 
			#{accountId,jdbcType=VARCHAR},
			#{roleId,jdbcType=VARCHAR},
			#{updateTime,jdbcType=DATE}
		 ) ]]>
	</insert>
	
	<select id="getRoleIdByRoleName" resultType="java.lang.String" parameterType="java.lang.String">
		<![CDATA[  select id from t_base_role where role_name= #{name,jdbcType=VARCHAR}  ]]>
	</select>
	
	<select id="selectByAccountId" resultMap="BaseResultMap" parameterType="java.lang.String">
		<![CDATA[  select * from r_base_account_role where ACCOUNT_ID= #{accountId,jdbcType=VARCHAR}  ]]>
	</select>
	
	<select id="getRoleIdByRoleCode" resultType="java.lang.String" parameterType="java.lang.String">
		<![CDATA[  select id from t_base_role where role_code= #{roleCode,jdbcType=VARCHAR}  ]]>
	</select>
	
</mapper>   
