<?xml version="1.0" encoding="UTF-8"?>
<!DOCTYPE mapper PUBLIC "-//mybatis.org//DTD Mapper 3.0//EN" "http://mybatis.org/dtd/mybatis-3-mapper.dtd" >
<mapper namespace="com.clkj.mapper.dao.base.TBaseDictTreeMyMapper" > 
	
		<resultMap id="BaseResultMap" type="com.clkj.entity.base.TBaseDictTree">
		<id column="DICT_ID" property="dictId" javaType="String"/>
		<result column="TYPE_ID" property="typeId" javaType="String"/>
		<result column="DICT_NAME" property="dictName" javaType="String"/>
		<result column="DICT_CODE" property="dictCode" javaType="String"/>
		<result column="PARENT_DICT_ID" property="parentDictId" javaType="String"/>
		<result column="SORT" property="sort" javaType="Integer"/>
		<result column="NAME_PATH" property="namePath" javaType="String"/>
		<result column="CODE_PATH" property="codePath" javaType="String"/>
		<result column="LEAF_FLAG" property="leafFlag" javaType="String"/>
		<result column="ATTR1" property="attr1" javaType="String"/>
		<result column="ATTR2" property="attr2" javaType="String"/>
		<result column="ATTR3" property="attr3" javaType="String"/>
		<result column="ATTR4" property="attr4" javaType="String"/>
		<result column="ATTR5" property="attr5" javaType="String"/>
		<result column="INVALID_FLAG" property="invalidFlag" javaType="String"/>
		<result column="INVALID_TIME" property="invalidTime" javaType="java.util.Date"/>
		<result column="CREATE_TIME" property="createTime" javaType="java.util.Date"/>
		<result column="CREATE_USER" property="createUser" javaType="String"/>
		<result column="UPDATE_TIME" property="updateTime" javaType="java.util.Date"/>
		<result column="UPDATE_USER" property="updateUser" javaType="String"/>
	</resultMap>
	
	<sql id="Base_Column_List" >
		DICT_ID ,TYPE_ID ,DICT_NAME ,DICT_CODE ,PARENT_DICT_ID ,SORT ,NAME_PATH ,CODE_PATH ,LEAF_FLAG ,ATTR1 ,ATTR2 ,ATTR3 ,ATTR4 ,ATTR5 ,INVALID_FLAG ,INVALID_TIME ,CREATE_TIME ,CREATE_USER ,UPDATE_TIME ,UPDATE_USER
	</sql>
	
	<insert id="batchInsert" parameterType="java.util.List" >
		<![CDATA[ insert into t_base_dict_tree (]]>
		<include refid="Base_Column_List"/>
		<![CDATA[ ) values ]]>
			<foreach collection="list" item="it" separator=",">
			<![CDATA[ (
				#{it.dictId,jdbcType=VARCHAR},
				#{it.typeId,jdbcType=VARCHAR},
				#{it.dictName,jdbcType=VARCHAR},
				#{it.dictCode,jdbcType=VARCHAR},
				#{it.parentDictId,jdbcType=VARCHAR},
				#{it.sort,jdbcType=INTEGER},
				#{it.namePath,jdbcType=VARCHAR},
				#{it.codePath,jdbcType=VARCHAR},
				#{it.leafFlag,jdbcType=CHAR},
				#{it.attr1,jdbcType=VARCHAR},
				#{it.attr2,jdbcType=VARCHAR},
				#{it.attr3,jdbcType=VARCHAR},
				#{it.attr4,jdbcType=VARCHAR},
				#{it.attr5,jdbcType=VARCHAR},
				#{it.invalidFlag,jdbcType=CHAR},
				#{it.invalidTime,jdbcType=DATE},
				#{it.createTime,jdbcType=DATE},
				#{it.createUser,jdbcType=VARCHAR},
				#{it.updateTime,jdbcType=DATE},
				#{it.updateUser,jdbcType=VARCHAR}
			) ]]>
		</foreach>
	</insert>
	
	<!-- 根据id，更新属性值为非NULL的数据记录--> 
  	<update id="updateByPrimaryKeySelective" parameterType="com.clkj.entity.base.TBaseDictTree" >
		<![CDATA[ update t_base_dict_tree ]]>
		<trim prefix="set" suffixOverrides=",">
			<if test=" typeId != null ">
				<![CDATA[ TYPE_ID = #{typeId,jdbcType=VARCHAR},	]]>
			</if>
			<if test=" dictName != null ">
				<![CDATA[ DICT_NAME = #{dictName,jdbcType=VARCHAR},	]]>
			</if>
			<if test=" dictCode != null ">
				<![CDATA[ DICT_CODE = #{dictCode,jdbcType=VARCHAR},	]]>
			</if>
			<if test=" parentDictId != null ">
				<![CDATA[ PARENT_DICT_ID = #{parentDictId,jdbcType=VARCHAR},	]]>
			</if>
			<if test=" sort != null ">
				<![CDATA[ SORT = #{sort,jdbcType=INTEGER},	]]>
			</if>
			<if test=" namePath != null ">
				<![CDATA[ NAME_PATH = #{namePath,jdbcType=VARCHAR},	]]>
			</if>
			<if test=" codePath != null ">
				<![CDATA[ CODE_PATH = #{codePath,jdbcType=VARCHAR},	]]>
			</if>
			<if test=" leafFlag != null ">
				<![CDATA[ LEAF_FLAG = #{leafFlag,jdbcType=CHAR},	]]>
			</if>
			<if test=" attr1 != null ">
				<![CDATA[ ATTR1 = #{attr1,jdbcType=VARCHAR},	]]>
			</if>
			<if test=" attr2 != null ">
				<![CDATA[ ATTR2 = #{attr2,jdbcType=VARCHAR},	]]>
			</if>
			<if test=" attr3 != null ">
				<![CDATA[ ATTR3 = #{attr3,jdbcType=VARCHAR},	]]>
			</if>
			<if test=" attr4 != null ">
				<![CDATA[ ATTR4 = #{attr4,jdbcType=VARCHAR},	]]>
			</if>
			<if test=" attr5 != null ">
				<![CDATA[ ATTR5 = #{attr5,jdbcType=VARCHAR},	]]>
			</if>
			<if test=" invalidFlag != null ">
				<![CDATA[ INVALID_FLAG = #{invalidFlag,jdbcType=CHAR},	]]>
			</if>
			<if test=" invalidTime != null ">
				<![CDATA[ INVALID_TIME = #{invalidTime,jdbcType=DATE},	]]>
			</if>
			<if test=" createTime != null ">
				<![CDATA[ CREATE_TIME = #{createTime,jdbcType=DATE},	]]>
			</if>
			<if test=" createUser != null ">
				<![CDATA[ CREATE_USER = #{createUser,jdbcType=VARCHAR},	]]>
			</if>
			<if test=" updateTime != null ">
				<![CDATA[ UPDATE_TIME = #{updateTime,jdbcType=DATE},	]]>
			</if>
			<if test=" updateUser != null ">
				<![CDATA[ UPDATE_USER = #{updateUser,jdbcType=VARCHAR},	]]>
			</if>
		</trim>
		<trim prefix="where" prefixOverrides="AND|OR">
			<![CDATA[ AND DICT_ID = #{dictId,jdbcType=VARCHAR}	]]>
		</trim>
	</update>
	
	<delete id="batchDeleteByPrimaryKey" parameterType="java.util.List" >
	    <![CDATA[ delete from t_base_dict_tree  ]]>
	    <trim prefix="where" prefixOverrides="AND|OR">
	    	<foreach collection="list" item="it" separator=" OR " open="(" close=")" >
	    		<trim prefixOverrides="AND|OR">
					<![CDATA[ AND DICT_ID = #{it.dictId,jdbcType=VARCHAR}	]]>
	    		</trim>
	    	</foreach>
	    </trim>
  	</delete>
  	
   	<select id="getDeptPathNull" parameterType="java.util.Map" resultMap="BaseResultMap">
		select * from t_base_dict_tree  where name_path is null or code_path is null
	</select>
	
  	<select id="selectByDeptCode" parameterType="java.lang.String" resultMap="BaseResultMap">
		select * from t_base_dict_tree  where DICT_CODE = #{dictCode,jdbcType=VARCHAR}
	</select>
	
  	<select id="selectDepts" parameterType="java.lang.String" resultType="java.lang.String">
  		<![CDATA[ select t1.DICT_NAME 	]]>
		<![CDATA[ from t_base_dict_tree t1 left join t_base_dict_type t2 on t1.TYPE_ID = t2.TYPE_ID where t1.LEAF_FLAG = 1 and t2.TYPE_CODE =#{typeCode,jdbcType=VARCHAR} order by t1.SORT asc  ]]>
  	</select>
  	
</mapper>   
