<?xml version="1.0" encoding="UTF-8"?>
<!DOCTYPE mapper PUBLIC "-//mybatis.org//DTD Mapper 3.0//EN" "http://mybatis.org/dtd/mybatis-3-mapper.dtd" >
<mapper namespace="com.clkj.mapper.dao.base.TBaseUserMyMapper">
	<!-- Result Map -->
	<resultMap id="BaseResultMapByMine" type="com.clkj.entity.base.TBaseUser">
		<id column="ID" property="id" javaType="String" />
		<result column="CREATOR" property="creator" javaType="String" />
		<result column="CREATOR_ID" property="creatorId" javaType="String" />
		<result column="CREATE_DATE" property="createDate" javaType="java.util.Date" />
		<result column="MODIFY_PERSON_ID" property="modifyPersonId"
			javaType="String" />
		<result column="MODIFY_PERSON" property="modifyPerson"
			javaType="String" />
		<result column="MODIFY_DATE" property="modifyDate" javaType="java.util.Date" />
		<result column="IS_INVALID" property="isInvalid" javaType="String" />
		<result column="INVALIDATE_DATE" property="invalidateDate"
			javaType="java.util.Date" />
		<result column="INVALIDATE_USER_ID" property="invalidateUserId"
			javaType="String" />
		<result column="USER_CNAME" property="userCname" javaType="String" />
		<result column="USER_ENAME" property="userEname" javaType="String" />
		<result column="EMAIL" property="email" javaType="String" />
		<result column="MOBILE" property="mobile" javaType="String" />
		<result column="TELEPHONE" property="telephone" javaType="String" />
		<result column="SORT" property="sort" javaType="Integer" />
		<result column="PHONE" property="phone" javaType="String" />
	</resultMap>

	<!-- 用户信息表 -->
	<sql id="Base_Column_List">
		ID ,CREATOR ,CREATOR_ID ,CREATE_DATE
		,MODIFY_PERSON_ID ,MODIFY_PERSON ,MODIFY_DATE ,IS_INVALID
		,INVALIDATE_DATE ,INVALIDATE_USER_ID ,USER_CNAME ,USER_ENAME ,EMAIL
		,MOBILE ,TELEPHONE ,SORT
	</sql>
	
	<insert id="insert" parameterType="com.clkj.entity.base.TBaseUser" >
		<![CDATA[ insert into t_base_user ( ]]>
		<include refid="Base_Column_List"/>
		<![CDATA[  ) values ( 
			#{id,jdbcType=VARCHAR},
			#{creator,jdbcType=VARCHAR},
			#{creatorId,jdbcType=VARCHAR},
			#{createDate,jdbcType=TIMESTAMP},
			#{modifyPersonId,jdbcType=VARCHAR},
			#{modifyPerson,jdbcType=VARCHAR},
			#{modifyDate,jdbcType=TIMESTAMP},
			#{isInvalid,jdbcType=CHAR},
			#{invalidateDate,jdbcType=TIMESTAMP},
			#{invalidateUserId,jdbcType=VARCHAR},
			#{userCname,jdbcType=VARCHAR},
			#{userEname,jdbcType=VARCHAR},
			#{email,jdbcType=VARCHAR},
			#{mobile,jdbcType=VARCHAR},
			#{telephone,jdbcType=VARCHAR},
			#{sort,jdbcType=SMALLINT}
		 ) ]]>
	</insert>
	
	<!-- 根据id查询 -->
	<select id="selectByPrimaryKey" resultMap="BaseResultMapByMine"
		parameterType="com.clkj.entity.base.TBaseUser">
		<![CDATA[ select ]]><include refid="Base_Column_List" /><![CDATA[ from t_base_user ]]>
		<trim prefix="where" prefixOverrides="AND|OR">
			<![CDATA[ AND ID = #{id,jdbcType=VARCHAR}	]]>
		</trim>
	</select>
	<!-- 批量插入 -->
	<insert id="batchInsert" parameterType="java.util.List">
		<![CDATA[ insert into t_base_user (]]>
		<include refid="Base_Column_List" />
		<![CDATA[ ) values ]]>
		<foreach collection="list" item="it" separator=",">
			<![CDATA[  (
				#{it.id,jdbcType=VARCHAR},
				#{it.creator,jdbcType=VARCHAR},
				#{it.creatorId,jdbcType=VARCHAR},
				#{it.createDate,jdbcType=TIMESTAMP},
				#{it.modifyPersonId,jdbcType=VARCHAR},
				#{it.modifyPerson,jdbcType=VARCHAR},
				#{it.modifyDate,jdbcType=TIMESTAMP},
				#{it.isInvalid,jdbcType=CHAR},
				#{it.invalidateDate,jdbcType=TIMESTAMP},
				#{it.invalidateUserId,jdbcType=VARCHAR},
				#{it.userCname,jdbcType=VARCHAR},
				#{it.userEname,jdbcType=VARCHAR},
				#{it.email,jdbcType=VARCHAR},
				#{it.mobile,jdbcType=VARCHAR},
				#{it.telephone,jdbcType=VARCHAR},
				#{it.sort,jdbcType=SMALLINT}
			) ]]>
		</foreach>
	</insert>

	<!-- 物理删除：通过主键ID批量删除 -->
	<delete id="batchDeleteByPrimaryKey" parameterType="java.util.List">
	    <![CDATA[ delete from t_base_user  ]]>
		<trim prefix="where" prefixOverrides="AND|OR">
			<foreach collection="list" item="it" separator=" OR " open="("
				close=")">
				<trim prefixOverrides="AND|OR">
					<![CDATA[ AND ID = #{it.id,jdbcType=VARCHAR}	]]>
				</trim>
			</foreach>
		</trim>
	</delete>
	<!-- 根据部门id和角色名称获取用户id -->
	<select id="getByRoleAndDept" resultType="java.lang.String"
		parameterType="java.util.Map">
		SELECT t_base_user.ID from r_base_user_dept
		inner join t_base_user on r_base_user_dept.USER_ID = t_base_user.ID
		inner
		join r_base_account_user on t_base_user.ID = r_base_account_user.U_ID
		inner join r_base_account_role on r_base_account_role.ACCOUNT_ID =
		r_base_account_user.A_ID
		inner join t_base_role on
		r_base_account_role.ROLE_ID=t_base_role.ID
		<trim prefix="where" prefixOverrides="AND|OR">
			<if test="roleName != null">
				<![CDATA[ AND t_base_role.ROLE_NAME = #{roleName,jdbcType=VARCHAR} ]]>
			</if>
			<if test="deptId != null">
				<![CDATA[ AND r_base_user_dept.DEPT_ID = #{deptId,jdbcType=VARCHAR} ]]>
			</if>
		</trim>
		group by t_base_user.ID
	</select>


	<!-- 根据id获取对象 -->
	<select id="getById" resultMap="BaseResultMapByMine"
		parameterType="java.lang.String">
		SELECT * from t_base_user 
		<![CDATA[ where ID = #{id,jdbcType=VARCHAR} ]]>
	</select>

	<select id="getUsersByDepts" parameterType="com.clkj.entity.base.TBaseDictTree"
		resultMap="BaseResultMapByMine">
		select * from t_base_user where id in (
		select USER_ID from r_base_user_dept where DEPT_ID in (
		<foreach collection="list" item="it" separator=" , ">
				<![CDATA[ #{it.dictId,jdbcType=VARCHAR}]]>
		</foreach>
		))
	</select>

	<!-- 获取用户 -->
	<select id="getUserList" resultMap="BaseResultMapByMine">
		select * from t_base_user
	</select>
	<!-- 根据角色名获取用户 -->
	<select id="getUseByRoleName" resultMap="BaseResultMapByMine">
		select t5.ID,t5.USER_CNAME from t_base_role t1 
		right join r_base_account_role t2 on t2.ROLE_ID = t1.id 
		right join t_base_account t3 on t2.ACCOUNT_ID = t3.ID
		right join r_base_account_user t4 on t4.A_ID = t3.ID
		right  join t_base_user t5 on t5.ID = t4.U_ID
		where t3.IS_DISABLED = '0' and ROLE_NAME = #{roleName};
	</select>
	
	<select id="getDeptManager" resultMap="BaseResultMapByMine" parameterType="java.lang.String">
		select t1.*
		from t_base_user t1
		left join r_base_dept_manager t2 on t1.ID = t2.USER_ID
		where t2.DEPT_ID = #{deptId}
	</select>
</mapper>   