<?xml version="1.0" encoding="UTF-8"?>
<!DOCTYPE mapper PUBLIC "-//mybatis.org//DTD Mapper 3.0//EN" "http://mybatis.org/dtd/mybatis-3-mapper.dtd" >
<mapper namespace="com.clkj.mapper.dao.base.TBaseDictTypeMyMapper" > 
	<!-- Result Map-->
	<resultMap id="BaseResultMap" type="com.clkj.entity.base.TBaseDictType">
		<id column="TYPE_ID" property="typeId" javaType="String"/>
		<result column="TYPE_NAME" property="typeName" javaType="String"/>
		<result column="TYPE_CODE" property="typeCode" javaType="String"/>
		<result column="DESCRIPTION" property="description" javaType="String"/>
		<result column="SORT" property="sort" javaType="Integer"/>
		<result column="CREATOR" property="creator" javaType="String"/>
		<result column="CREATOR_ID" property="creatorId" javaType="String"/>
		<result column="CREATE_DATE" property="createDate" javaType="java.util.Date"/>
		<result column="MODIFY_PERSON_ID" property="modifyPersonId" javaType="String"/>
		<result column="MODIFY_PERSON" property="modifyPerson" javaType="String"/>
		<result column="MODIFY_DATE" property="modifyDate" javaType="java.util.Date"/>
		<result column="INVALIDATE_DATE" property="invalidateDate" javaType="java.util.Date"/>
		<result column="INVALIDATE_USER_ID" property="invalidateUserId" javaType="String"/>
		<result column="INVALID_FLAG" property="invalidFlag" javaType="String"/>
	</resultMap>
       
	<sql id="Base_Column_List" >
		TYPE_ID ,TYPE_NAME ,TYPE_CODE ,DESCRIPTION ,SORT ,CREATOR ,CREATOR_ID ,CREATE_DATE ,MODIFY_PERSON_ID ,MODIFY_PERSON ,MODIFY_DATE ,INVALIDATE_DATE ,INVALIDATE_USER_ID ,INVALID_FLAG 
	</sql>

  	<select id="getTypeIdByName" parameterType="java.lang.String" resultType="java.lang.String">
  		<![CDATA[ select ]]>
		<include refid="Base_Column_List"/>
		<![CDATA[ from t_base_dict_type ]]>
		<![CDATA[ where TYPE_NAME  = #{typeName,jdbcType=VARCHAR} ]]>
  	</select>
  	
</mapper>   
