<?xml version="1.0" encoding="UTF-8" ?>
<!DOCTYPE mapper PUBLIC "-//mybatis.org//DTD Mapper 3.0//EN" "http://mybatis.org/dtd/mybatis-3-mapper.dtd">

<mapper namespace="com.clkj.mapper.dao.cmc.BugMapper">
    
    <resultMap id="BaseResultMap" type="com.clkj.entity.cmc.BugEntity">
        <id column="ID" property="id" javaType="String"/>
        <!-- 产品名称-->
        <result column="PRODUCT_NAME" property="productName" javaType="String"/>
        <!-- 产品情况-->
        <result column="BUG_NAME" property="bugName" javaType="String"/>
        <!-- 缺陷类型-->
        <result column="BUG_TYPE" property="bugType" javaType="String"/>
        <!-- 缺陷类别 -->
        <result column="BUG_GRADE" property="bugGrade" javaType="String"/>
        <!-- 生产厂商名称 -->
        <result column="ASSOCIATED_VENDOR_NAME" property="associatedVendorName" javaType="String"/>
        <!-- 设备型号/软件版本 -->
        <result column="ASSOCIATED_PRODUCT_VERSION" property="associatedProductVersion" javaType="String"/>
        <!-- 发现时间 -->
        <result column="BUG_TIME" property="bugTime" javaType="java.util.Date"/>

        <result column="CREATOR" property="creator" javaType="String"/>

        <result column="CREATOR_ID" property="creatorId" javaType="String"/>

        <result column="CREATE_DATE" property="createDate" javaType="java.util.Date"/>

        <result column="PUBLISHER" property="publisher" javaType="String"/>

        <result column="PUBLISH_TIME" property="publishTime" javaType="java.util.Date"/>

        <result column="ORG_CODE" property="orgCode" javaType="String"/>

    </resultMap>

    <sql id="Base_Column_List">
        `ID`,`PRODUCT_NAME`,`BUG_NAME`,`BUG_TYPE`,`BUG_GRADE`,`ASSOCIATED_VENDOR_NAME`,`ASSOCIATED_PRODUCT_VERSION`,`BUG_TIME`,
        `CREATOR`,`CREATOR_ID`,`CREATE_DATE`,`PUBLISHER`,`PUBLISH_TIME`,`ORG_CODE`
    </sql>

    <insert id="insert" parameterType="com.clkj.entity.cmc.BugEntity">
        <![CDATA[ replace into t_cm_bug_sync ( ]]>
        <include refid="Base_Column_List"/>
        <![CDATA[  ) values (
			#{id,jdbcType=VARCHAR},
			#{productName,jdbcType=VARCHAR},
			#{bugName,jdbcType=VARCHAR},
			#{bugType,jdbcType=VARCHAR},
			#{bugGrade,jdbcType=VARCHAR},
			#{associatedVendorName,jdbcType=VARCHAR},
			#{associatedProductVersion,jdbcType=VARCHAR},
			#{bugTime,jdbcType=TIMESTAMP},
			#{creator,jdbcType=VARCHAR},
			#{creatorId,jdbcType=VARCHAR},
			#{createDate,jdbcType=TIMESTAMP},
			#{publisher,jdbcType=VARCHAR},
			#{publishTime,jdbcType=TIMESTAMP},
			#{orgCode,jdbcType=VARCHAR}
		 ) ]]>
    </insert>

    <!-- 更新操作-->
    <!-- 根据id，更新属性值为非NULL的数据记录-->
    <update id="updateByPrimaryKeySelective" parameterType="com.clkj.entity.cmc.BugEntity">
        <![CDATA[ update t_cm_bug_sync ]]>
        <trim prefix="set" suffixOverrides=",">
            <if test=" bugName != null ">
                <![CDATA[ BUG_NAME = #{bugName,jdbcType=VARCHAR},	]]>
            </if>
            <if test=" bugType != null ">
                <![CDATA[ BUG_TYPE = #{bugType,jdbcType=VARCHAR},	]]>
            </if>
            <if test=" bugGrade != null ">
                <![CDATA[ BUG_GRADE = #{bugGrade,jdbcType=VARCHAR},	]]>
            </if>
            <if test=" associatedVendorName != null ">
                <![CDATA[ ASSOCIATED_VENDOR_NAME = #{associatedVendorName,jdbcType=VARCHAR},	]]>
            </if>
            <if test=" associatedProductVersion != null ">
                <![CDATA[ ASSOCIATED_PRODUCT_VERSION = #{associatedProductVersion,jdbcType=VARCHAR},	]]>
            </if>
            <if test=" creator != null ">
                <![CDATA[ CREATOR = #{creator,jdbcType=VARCHAR},	]]>
            </if>
            <if test=" creatorId != null ">
                <![CDATA[ CREATOR_ID = #{creatorId,jdbcType=VARCHAR},	]]>
            </if>
            <if test=" bugTime != null ">
                <![CDATA[ BUG_TIME = #{bugTime,jdbcType=TIMESTAMP},	]]>
            </if>
            <if test=" createDate != null ">
                <![CDATA[ CREATE_DATE = #{createDate,jdbcType=TIMESTAMP},	]]>
            </if>
            <if test=" productName != null ">
                <![CDATA[ PRODUCT_NAME = #{productName,jdbcType=VARCHAR},	]]>
            </if>
            <if test=" publisher != null ">
                <![CDATA[ PUBLISHER = #{publisher,jdbcType=VARCHAR},	]]>
            </if>
            <if test=" publishTime != null ">
                <![CDATA[ PUBLISH_TIME = #{publishTime,jdbcType=TIMESTAMP},	]]>
            </if>
            <if test=" orgCode != null and orgCode != ''">
                <![CDATA[ ORG_CODE = #{orgCode,jdbcType=VARCHAR},	]]>
            </if>
        </trim>
        <trim prefix="where" prefixOverrides="AND|OR">
            <![CDATA[ AND ID = #{id,jdbcType=VARCHAR} ]]>
        </trim>
    </update>


    <!-- 批量插入 -->
    <insert id="batchInsert" parameterType="java.util.List">
        <![CDATA[ replace into t_cm_bug_sync ( ]]>
        <include refid="Base_Column_List"/>
        <![CDATA[ ) values ]]>
        <foreach collection="list" item="it" separator=",">
            <![CDATA[ (
				#{it.id,jdbcType=VARCHAR},
				#{it.productName,jdbcType=VARCHAR},
				#{it.bugName,jdbcType=VARCHAR},
				#{it.bugType,jdbcType=VARCHAR},
				#{it.bugGrade,jdbcType=VARCHAR},
				#{it.associatedVendorName,jdbcType=VARCHAR},
				#{it.associatedProductVersion,jdbcType=VARCHAR},
				#{it.bugTime,jdbcType=TIMESTAMP},
				#{it.creator,jdbcType=VARCHAR},
				#{it.creatorId,jdbcType=VARCHAR},
				#{it.createDate,jdbcType=TIMESTAMP},
				#{it.publisher,jdbcType=VARCHAR},
				#{it.publishTime,jdbcType=TIMESTAMP},
				#{it.orgCode,jdbcType=VARCHAR}
			) ]]>
        </foreach>
    </insert>

    <!--获取数据条数 -->
    <select id="count" resultType="java.lang.Integer">
        <![CDATA[ select count(*) from t_cm_bug_sync  ]]>
    </select>

    <!--数据最后一次同步的记录 -->
    <select id="selectLastTime" resultMap="BaseResultMap">
        <![CDATA[ select  ]]>
           <include refid="Base_Column_List"/>
        <![CDATA[ from t_cm_bug_sync  ORDER BY PUBLISH_TIME desc LIMIT 0, 1 ]]>
    </select>

    <select id="publisherNumberByOrg" resultType="java.lang.Integer">
        <![CDATA[ select count(*) l FROM t_cm_bug_sync ]]>
        <trim prefix="where" prefixOverrides="AND|OR">
            <if test="orgName != null">
                <![CDATA[ AND ORG_CODE = #{orgName,jdbcType=VARCHAR}]]>
            </if>
            <if test="startTime != null and endTime != null">
                <![CDATA[ AND PUBLISH_TIME >=  #{startTime} AND PUBLISH_TIME <=  #{endTime}]]>
            </if>
        </trim>
    </select>
</mapper>