<?xml version="1.0" encoding="UTF-8" ?>
<!DOCTYPE mapper PUBLIC "-//mybatis.org//DTD Mapper 3.0//EN" "http://mybatis.org/dtd/mybatis-3-mapper.dtd">

<mapper namespace="com.clkj.mapper.dao.cmc.CaseMapper">
    
    <resultMap id="BaseResultMap" type="com.clkj.entity.cmc.CaseEntity">
        <id column="ID" property="id" javaType="String"/>
        <!-- 供应商名称-->
        <result column="SUPPLIER_NAME" property="supplierName" javaType="String"/>
        <!-- 统一社会信用代码-->
        <result column="CREDIT_CODE" property="creditCode" javaType="String"/>
        <!-- 案例名称-->
        <result column="CASE_NAME" property="caseName" javaType="String"/>
        <!-- 案例资料类型 -->
        <result column="CASE_TYPE" property="caseType" javaType="String"/>
        <!-- 案例简述内容 -->
        <result column="CASE_REMARK" property="caseRemark" javaType="String"/>
        <!-- 案例开始时间 -->
        <result column="CASE_START_TIME" property="caseStartTime" javaType="java.util.Date"/>
        <!-- 案例结束时间 -->
        <result column="CASE_TIME" property="caseTime" javaType="java.util.Date"/>
        <!-- 创建人-->
        <result column="CREATOR" property="creator" javaType="String"/>
        <!-- 创建人ID-->
        <result column="CREATOR_ID" property="creatorId" javaType="String"/>
        <!-- 创建时间-->
        <result column="CREATE_DATE" property="createDate" javaType="java.util.Date"/>
        <!-- 发布人 -->
        <result column="PUBLISHER" property="publisher" javaType="String"/>
        <!-- 发布时间-->
        <result column="PUBLISH_TIME" property="publishTime" javaType="java.util.Date"/>
        <!-- 发布组织 -->
        <result column="ORG_CODE" property="orgCode" javaType="String"/>
    </resultMap>

    <sql id="Base_Column_List">
        `ID`,`SUPPLIER_NAME`,`CREDIT_CODE`,`CASE_NAME`,`CASE_TYPE`,`CASE_REMARK`,`CASE_START_TIME`,`CASE_TIME`,
        `CREATOR`,`CREATOR_ID`,`CREATE_DATE`,`PUBLISHER`,`PUBLISH_TIME`,`ORG_CODE`
    </sql>

    <insert id="insert" parameterType="com.clkj.entity.cmc.BugEntity">
        <![CDATA[ replace into t_cm_caseback_sync ( ]]>
        <include refid="Base_Column_List"/>
        <![CDATA[  ) values (
			#{id,jdbcType=VARCHAR},
			#{supplierName,jdbcType=VARCHAR},
			#{creditCode,jdbcType=VARCHAR},
			#{caseName,jdbcType=VARCHAR},
			#{caseType,jdbcType=VARCHAR},
			#{caseRemark,jdbcType=VARCHAR},
			#{caseStartTime,jdbcType=TIMESTAMP},
			#{caseTime,jdbcType=TIMESTAMP},
			#{creator,jdbcType=VARCHAR},
			#{creatorId,jdbcType=VARCHAR},
			#{createDate,jdbcType=TIMESTAMP},
			#{publisher,jdbcType=VARCHAR},
			#{publishTime,jdbcType=TIMESTAMP},
			#{orgCode,jdbcType=VARCHAR}
		 ) ]]>
    </insert>

    <!-- 根据id，更新属性值为非NULL的数据记录-->
    <update id="updateByPrimaryKeySelective" parameterType="com.clkj.entity.cmc.BugEntity">
        <![CDATA[ update t_cm_caseback_sync ]]>
        <trim prefix="set" suffixOverrides=",">
            <if test=" supplierName != null ">
                <![CDATA[ SUPPLIER_NAME = #{supplierName,jdbcType=VARCHAR},	]]>
            </if>
            <if test=" creditCode != null ">
                <![CDATA[ CREDIT_CODE = #{creditCode,jdbcType=VARCHAR},	]]>
            </if>
            <if test=" caseName != null ">
                <![CDATA[ CASE_NAME = #{caseName,jdbcType=VARCHAR},	]]>
            </if>
            <if test=" caseType != null ">
                <![CDATA[ CASE_TYPE = #{caseType,jdbcType=VARCHAR},	]]>
            </if>
            <if test=" caseRemark != null ">
                <![CDATA[ CASE_REMARK = #{caseRemark,jdbcType=VARCHAR},	]]>
            </if>
            <if test=" caseStartTime != null ">
                <![CDATA[ CASE_START_TIME = #{caseStartTime,jdbcType=TIMESTAMP},	]]>
            </if>
            <if test=" caseTime != null ">
                <![CDATA[ CASE_TIME = #{caseTime,jdbcType=TIMESTAMP},	]]>
            </if>
            <if test=" creator != null ">
                <![CDATA[ CREATOR = #{creator,jdbcType=VARCHAR},	]]>
            </if>
            <if test=" creatorId != null ">
                <![CDATA[ CREATOR_ID = #{creatorId,jdbcType=VARCHAR},	]]>
            </if>
            <if test=" createDate != null ">
                <![CDATA[ CREATE_DATE = #{createDate,jdbcType=TIMESTAMP},	]]>
            </if>
            <if test=" publisher != null ">
                <![CDATA[ PUBLISHER = #{publisher,jdbcType=VARCHAR},	]]>
            </if>
            <if test=" publishTime != null ">
                <![CDATA[ PUBLISH_TIME = #{publishTime,jdbcType=TIMESTAMP},	]]>
            </if>
            <if test=" orgCode != null and orgCode != ''">
                <![CDATA[ ORG_CODE = #{orgCode,jdbcType=VARCHAR},	]]>
            </if>
        </trim>
        <trim prefix="where" prefixOverrides="AND|OR">
            <![CDATA[ AND ID = #{id,jdbcType=VARCHAR} ]]>
        </trim>
    </update>


    <!-- 批量插入 -->
    <insert id="batchInsert" parameterType="java.util.List">
        <![CDATA[ replace into t_cm_caseback_sync ( ]]>
        <include refid="Base_Column_List"/>
        <![CDATA[ ) values ]]>
        <foreach collection="list" item="it" separator=",">
            <![CDATA[ (
				#{it.id,jdbcType=VARCHAR},
				#{it.supplierName,jdbcType=VARCHAR},
				#{it.creditCode,jdbcType=VARCHAR},
				#{it.caseName,jdbcType=VARCHAR},
				#{it.caseType,jdbcType=VARCHAR},
				#{it.caseRemark,jdbcType=VARCHAR},
				#{it.caseStartTime,jdbcType=TIMESTAMP},
				#{it.caseTime,jdbcType=TIMESTAMP},
				#{it.creator,jdbcType=VARCHAR},
				#{it.creatorId,jdbcType=VARCHAR},
				#{it.createDate,jdbcType=TIMESTAMP},
				#{it.publisher,jdbcType=VARCHAR},
				#{it.publishTime,jdbcType=TIMESTAMP},
				#{it.orgCode,jdbcType=VARCHAR}
			) ]]>
        </foreach>
    </insert>

    <!--获取数据条数 -->
    <select id="count" resultType="java.lang.Integer">
        <![CDATA[ select count(*) from t_cm_caseback_sync  ]]>
    </select>

    <!--数据最后一次同步的记录 -->
    <select id="selectLastTime" resultMap="BaseResultMap">
        <![CDATA[ select  ]]>
           <include refid="Base_Column_List"/>
        <![CDATA[ from t_cm_caseback_sync  ORDER BY PUBLISH_TIME desc LIMIT 0, 1 ]]>
    </select>

    <select id="publisherNumberByOrg" resultType="java.lang.Integer">
        <![CDATA[ select count(*) l FROM t_cm_caseback_sync ]]>
        <trim prefix="where" prefixOverrides="AND|OR">
            <if test="orgName != null">
                <![CDATA[ AND ORG_CODE = #{orgName,jdbcType=VARCHAR}	]]>
            </if>
            <if test="startTime != null and endTime != null">
                <![CDATA[ AND PUBLISH_TIME >=  #{startTime} AND PUBLISH_TIME <=  #{endTime}]]>
            </if>
        </trim>
    </select>
</mapper>