<?xml version="1.0" encoding="UTF-8"?>
<!DOCTYPE mapper PUBLIC "-//mybatis.org//DTD Mapper 3.0//EN" "http://mybatis.org/dtd/mybatis-3-mapper.dtd" >
<mapper namespace="com.clkj.mapper.dao.cmc.ChainStatisticMapper" >

    <select id="getAllSupplier" resultType="string" parameterType="string">
		SELECT DISTINCT ASSOCIATED_VENDOR_NAME as supplierName FROM t_cm_bug_sync
		<trim prefix="where" prefixOverrides="AND|OR">
			<if test=" orgCode != null ">
				<![CDATA[ AND ORG_CODE = #{orgCode,jdbcType=VARCHAR}	]]>
			</if>
			<if test="startTime != null and endTime != null">
				<![CDATA[ AND PUBLISH_TIME >=  #{startTime} AND PUBLISH_TIME <=  #{endTime}]]>
			</if>
		</trim>
		UNION
		select DISTINCT `NAME` as supplierName from t_cm_supplier_sync
		<trim prefix="where" prefixOverrides="AND|OR">
			<if test=" orgCode  != null ">
				<![CDATA[ AND ORG_CODE = #{orgCode,jdbcType=VARCHAR}	]]>
			</if>
			<if test="startTime != null and endTime != null">
				<![CDATA[ AND PUBLISH_TIME >=  #{startTime} AND PUBLISH_TIME <=  #{endTime}]]>
			</if>
		</trim>
		UNION
		select DISTINCT ENTERPRICE_NAME as supplierName from t_cm_selfassessment_sync
		<trim prefix="where" prefixOverrides="AND|OR">
			<if test=" orgCode  != null ">
				<![CDATA[ AND ORG_CODE = #{orgCode,jdbcType=VARCHAR}	]]>
			</if>
			<if test="startTime != null and endTime != null">
				<![CDATA[ AND PUBLISH_TIME >=  #{startTime} AND PUBLISH_TIME <=  #{endTime}]]>
			</if>
		</trim>
		UNION
		select DISTINCT SUPPLIER_NAME as supplierName from t_cm_caseback_sync
		<trim prefix="where" prefixOverrides="AND|OR">
			<if test=" orgCode  != null ">
				<![CDATA[ AND ORG_CODE = #{orgCode,jdbcType=VARCHAR}	]]>
			</if>
			<if test="startTime != null and endTime != null">
				<![CDATA[ AND PUBLISH_TIME >=  #{startTime} AND PUBLISH_TIME <=  #{endTime}]]>
			</if>
		</trim>
		UNION
		select DISTINCT OUT_BUSINESS_NAME as supplierName from t_cm_riskassessment_sync
		<trim prefix="where" prefixOverrides="AND|OR">
			<if test=" orgCode  != null ">
				<![CDATA[ AND ORG_CODE = #{orgCode,jdbcType=VARCHAR}	]]>
			</if>
			<if test="startTime != null and endTime != null">
				<![CDATA[ AND PUBLISH_TIME >=  #{startTime} AND PUBLISH_TIME <=  #{endTime}]]>
			</if>
		</trim>
		UNION
		select DISTINCT SUPPLIER_NAME as supplierName from t_cm_unoutsource_sync
		<trim prefix="where" prefixOverrides="AND|OR">
			<if test=" orgCode  != null ">
				<![CDATA[ AND ORG_CODE = #{orgCode,jdbcType=VARCHAR}	]]>
			</if>
			<if test="startTime != null and endTime != null">
				<![CDATA[ AND PUBLISH_TIME >=  #{startTime} AND PUBLISH_TIME <=  #{endTime}]]>
			</if>
		</trim>
		UNION
		select DISTINCT SERVICE_PROVIDERS as supplierName from t_cm_eval_sync
		<trim prefix="where" prefixOverrides="AND|OR">
			<if test=" orgCode  != null ">
				<![CDATA[ AND ORG_CODE = #{orgCode,jdbcType=VARCHAR}	]]>
			</if>
			<if test="startTime != null and endTime != null">
				<![CDATA[ AND PUBLISH_TIME >=  #{startTime} AND PUBLISH_TIME <=  #{endTime}]]>
			</if>
		</trim>
		UNION
		select DISTINCT COMPANY_NAME as supplierName from t_cm_staff_sync
		<trim prefix="where" prefixOverrides="AND|OR">
			<if test=" orgCode  != null ">
				<![CDATA[ AND ORG_CODE = #{orgCode,jdbcType=VARCHAR}	]]>
			</if>
			<if test="startTime != null and endTime != null">
				<![CDATA[ AND PUBLISH_TIME >=  #{startTime} AND PUBLISH_TIME <=  #{endTime}]]>
			</if>
		</trim>
	</select>


	<select id="statisticOrgPublisherData" resultType="java.util.Map">
		select "缺陷管理" ,ORG_CODE,count(*) FROM t_cm_bug_sync GROUP BY ORG_CODE
		UNION ALL
		select "尽职调查" ,ORG_CODE,count(*) from t_cm_supplier_sync GROUP BY ORG_CODE
		UNION ALL
		select "服务供应商自评估" ,ORG_CODE,count(*) from t_cm_selfassessment_sync GROUP BY ORG_CODE
		UNION ALL
		select "案例溯源" ,ORG_CODE,count(*) from t_cm_caseback_sync GROUP BY ORG_CODE
		UNION ALL
		select "重要外包风险评估" ,ORG_CODE,count(*) from t_cm_riskassessment_sync GROUP BY ORG_CODE
		UNION ALL
		select "非驻场外包管理" ,ORG_CODE,count(*) from t_cm_unoutsource_sync GROUP BY ORG_CODE
		UNION ALL
		select "项目评价" ,ORG_CODE,count(*) from t_cm_eval_sync GROUP BY ORG_CODE
		UNION ALL
		select "人员评价" ,ORG_CODE,count(*) from t_cm_staff_sync GROUP BY ORG_CODE
	</select>
</mapper>