<?xml version="1.0" encoding="UTF-8" ?>
<!DOCTYPE mapper PUBLIC "-//mybatis.org//DTD Mapper 3.0//EN" "http://mybatis.org/dtd/mybatis-3-mapper.dtd">

<mapper namespace="com.clkj.mapper.dao.cmc.EvalMapper">
    <resultMap id="BaseResultMap" type="com.clkj.entity.cmc.EvalEntity">
        <id column="ID" property="id" javaType="String"/>
        <!-- 项目名称-->
        <result column="PROJECT_NAME" property="projectName" javaType="String"/>
        <!-- 供商名称-->
        <result column="SERVICE_PROVIDERS" property="serviceProviders" javaType="String"/>
        <!-- 统一社会信用代码-->
        <result column="SERVICE_CREDIT_NUMBER" property="serviceCreditNumber" javaType="String"/>
        <!-- 评价单位 -->
        <result column="COMPANY_NAME" property="companyName" javaType="String"/>
        <!-- 评价结果 -->
        <result column="EVALUATION_RESULT" property="evaluationResult" javaType="String"/>
        <!-- 评估时间 -->
        <result column="EVAL_TIME" property="evalTime" javaType="java.util.Date"/>
        <!-- 创建人 -->
        <result column="CREATOR" property="creator" javaType="String"/>
        <!-- 创建人ID -->
        <result column="CREATOR_ID" property="creatorId" javaType="String"/>
        <!-- 创建时间 -->
        <result column="CREATE_DATE" property="createDate" javaType="java.util.Date"/>
        <!-- 发布时间 -->
        <result column="PUBLISHER" property="publisher" javaType="String"/>
        <!-- 发布人 -->
        <result column="PUBLISH_TIME" property="publishTime" javaType="java.util.Date"/>
        <!-- 发布机构 -->
        <result column="ORG_CODE" property="orgCode" javaType="String"/>

    </resultMap>

    <sql id="Base_Column_List">
        `ID`,`PROJECT_NAME`,`SERVICE_PROVIDERS`,`SERVICE_CREDIT_NUMBER`,`COMPANY_NAME`,`EVALUATION_RESULT`,`EVAL_TIME`,
        `CREATOR`,`CREATOR_ID`,`CREATE_DATE`,`PUBLISHER`,`PUBLISH_TIME`,`ORG_CODE`
    </sql>

    <insert id="insert" parameterType="com.clkj.entity.cmc.EvalEntity">
        <![CDATA[ replace into t_cm_eval_sync ( ]]>
        <include refid="Base_Column_List"/>
        <![CDATA[  ) values (
			#{id,jdbcType=VARCHAR},
			#{projectName,jdbcType=VARCHAR},
			#{serviceProviders,jdbcType=VARCHAR},
			#{serviceCreditNumber,jdbcType=VARCHAR},
			#{companyName,jdbcType=VARCHAR},
			#{evaluationResult,jdbcType=VARCHAR},
			#{evalTime,jdbcType=TIMESTAMP},
			#{creator,jdbcType=VARCHAR},
			#{creatorId,jdbcType=VARCHAR},
			#{createDate,jdbcType=TIMESTAMP},
			#{publisher,jdbcType=VARCHAR},
			#{publishTime,jdbcType=TIMESTAMP},
			#{orgCode,jdbcType=VARCHAR}
		 ) ]]>
    </insert>

    <!-- 更新操作-->
    <!-- 根据id，更新属性值为非NULL的数据记录-->
    <update id="updateByPrimaryKeySelective" parameterType="com.clkj.entity.cmc.BugEntity">
        <![CDATA[ update t_cm_eval_sync ]]>
        <trim prefix="set" suffixOverrides=",">
            <if test=" projectName != null ">
                <![CDATA[ PROJECT_NAME = #{projectName,jdbcType=VARCHAR},	]]>
            </if>
            <if test=" serviceProviders != null ">
                <![CDATA[ SERVICE_PROVIDERS = #{serviceProviders,jdbcType=VARCHAR},	]]>
            </if>
            <if test=" serviceCreditNumber != null ">
                <![CDATA[ SERVICE_CREDIT_NUMBER = #{serviceCreditNumber,jdbcType=VARCHAR},	]]>
            </if>
            <if test=" companyName != null ">
                <![CDATA[ COMPANY_NAME = #{companyName,jdbcType=VARCHAR},	]]>
            </if>
            <if test=" evaluationResult != null ">
                <![CDATA[ EVALUATION_RESULT = #{evaluationResult,jdbcType=VARCHAR},	]]>
            </if>
            <if test=" evalTime != null ">
                <![CDATA[ EVAL_TIME = #{evalTime,jdbcType=TIMESTAMP},	]]>
            </if>
            <if test=" creator != null ">
                <![CDATA[ CREATOR = #{creator,jdbcType=VARCHAR},	]]>
            </if>
            <if test=" creatorId != null ">
                <![CDATA[ CREATOR_ID = #{creatorId,jdbcType=VARCHAR},	]]>
            </if>
            <if test=" createDate != null ">
                <![CDATA[ CREATE_DATE = #{createDate,jdbcType=TIMESTAMP},	]]>
            </if>
            <if test=" productName != null ">
                <![CDATA[ PRODUCT_NAME = #{productName,jdbcType=VARCHAR},	]]>
            </if>
            <if test=" publisher != null ">
                <![CDATA[ PUBLISHER = #{publisher,jdbcType=VARCHAR},	]]>
            </if>
            <if test=" publishTime != null ">
                <![CDATA[ PUBLISH_TIME = #{publishTime,jdbcType=TIMESTAMP},	]]>
            </if>
            <if test=" orgCode != null and orgCode != ''">
                <![CDATA[ ORG_CODE = #{orgCode,jdbcType=VARCHAR},	]]>
            </if>
        </trim>
        <trim prefix="where" prefixOverrides="AND|OR">
            <![CDATA[ AND ID = #{id,jdbcType=VARCHAR} ]]>
        </trim>
    </update>


    <!-- 批量插入 -->
    <insert id="batchInsert" parameterType="java.util.List">
        <![CDATA[ replace into t_cm_eval_sync ( ]]>
        <include refid="Base_Column_List"/>
        <![CDATA[ ) values ]]>
        <foreach collection="list" item="it" separator=",">
            <![CDATA[ (
				#{it.id,jdbcType=VARCHAR},
				#{it.projectName,jdbcType=VARCHAR},
				#{it.serviceProviders,jdbcType=VARCHAR},
				#{it.serviceCreditNumber,jdbcType=VARCHAR},
				#{it.companyName,jdbcType=VARCHAR},
				#{it.evaluationResult,jdbcType=VARCHAR},
				#{it.evalTime,jdbcType=TIMESTAMP},
				#{it.creator,jdbcType=VARCHAR},
				#{it.creatorId,jdbcType=VARCHAR},
				#{it.createDate,jdbcType=TIMESTAMP},
				#{it.publisher,jdbcType=VARCHAR},
				#{it.publishTime,jdbcType=TIMESTAMP},
				#{it.orgCode,jdbcType=VARCHAR}
			) ]]>
        </foreach>
    </insert>

    <!--获取数据条数 -->
    <select id="count" resultType="java.lang.Integer">
        <![CDATA[ select count(*) from t_cm_eval_sync  ]]>
    </select>

    <!--数据最后一次同步的记录 -->
    <select id="selectLastTime" resultMap="BaseResultMap">
        <![CDATA[ select  ]]>
           <include refid="Base_Column_List"/>
        <![CDATA[ from t_cm_eval_sync  ORDER BY PUBLISH_TIME desc LIMIT 0, 1 ]]>
    </select>
    <select id="selectEvalAvgScore" resultType="java.math.BigDecimal">
        <![CDATA[ select avg(EVALUATION_RESULT) as score ]]>
         <![CDATA[ from t_cm_eval_sync where SERVICE_PROVIDERS = #{companyName}]]>
    </select>

    <select id="publisherNumberByOrg" resultType="java.lang.Integer">
        <![CDATA[ select count(*) l FROM t_cm_eval_sync ]]>
        <trim prefix="where" prefixOverrides="AND|OR">
            <if test="orgName != null">
                <![CDATA[ AND ORG_CODE = #{orgName,jdbcType=VARCHAR}	]]>
            </if>
            <if test="startTime != null and endTime != null">
                <![CDATA[ AND PUBLISH_TIME >=  #{startTime} AND PUBLISH_TIME <=  #{endTime}]]>
            </if>
        </trim>
    </select>
</mapper>