<?xml version="1.0" encoding="UTF-8" ?>
<!DOCTYPE mapper PUBLIC "-//mybatis.org//DTD Mapper 3.0//EN" "http://mybatis.org/dtd/mybatis-3-mapper.dtd">

<mapper namespace="com.clkj.mapper.dao.cmc.PublicRentalHousingLoanMapper">

    <resultMap id="BaseResultMap" type="com.clkj.entity.cmc.PublicRentalHousingLoan">
        <id column="ID" property="id" javaType="String"/>
        <!-- 产品名称-->
        <result column="CREATOR" property="creator" javaType="String"/>
        <!-- 产品情况-->
        <result column="CREATOR_ID" property="creatorId" javaType="String"/>
        <!-- 缺陷类型-->
        <result column="CREATE_DATE" property="createDate" javaType="java.util.Date"/>
        <!-- 缺陷类别 -->
        <result column="PUBLISHER" property="publisher" javaType="java.lang.String"/>
        <!-- 生产厂商名称 -->
        <result column="PUBLISH_TIME" property="publishTime" javaType="java.util.Date"/>
        <!-- 设备型号/软件版本 -->
        <result column="LOAN_BALANCE_ENDING_BALANCE" property="loanBalanceEndingBalance" jdbcType="NUMERIC"/>
        <!-- 发现时间 -->
        <result column="LOAN_BALANCE_IS_HIGHER_THAN_LAST_MONTH" property="loanBalanceIsHigherThanLastMonth"
                jdbcType="NUMERIC"/>

        <result column="LOAN_BALANCE_THAN_THE_BEGINNING_OF_THE_YEAR" property="loanBalanceThanTheBeginningOfTheYear"
                jdbcType="NUMERIC"/>

        <result column="LOAN_BALANCE_OVER_THE_SAME_PERIOD" property="loanBalanceOverTheSamePeriod" jdbcType="NUMERIC"/>

        <result column="NPL_BALANCE_ENDING_BALANCE" property="nplBalanceEndingBalance" jdbcType="NUMERIC"/>

        <result column="NPL_BALANCE_IS_HIGHER_THAN_LAST_MONTH" property="nplBalanceIsHigherThanLastMonth"
                jdbcType="NUMERIC"/>

        <result column="NON_PERFORMING_LOAN_BALANCE" property="nonPerformingLoanBalance" jdbcType="NUMERIC"/>

        <result column="NON_PERFORMING_LOAN_BALANCE_OVER_THE_SAME_PERIOD"
                property="nonPerformingLoanBalanceOverTheSamePeriod" jdbcType="NUMERIC"/>

        <result column="NPL_RATIO_ENDING_BALANCE" property="nplRatioEndingBalance" jdbcType="NUMERIC"/>

        <result column="NPL_RATIO_THAN_LAST_MONTH" property="nplRatioThanLastMonth" jdbcType="NUMERIC"/>

        <result column="NON_PERFORMING_LOANS" property="nonPerformingLoans" jdbcType="NUMERIC"/>

        <result column="TYPE" property="type" javaType="java.lang.Integer"/>

        <result column="PARENT_ID" property="parentId" jdbcType="VARCHAR"/>

        <result column="STATISTICS_DATE" property="statisticsDate" javaType="java.lang.String"/>

        <result column="ORG_CODE" property="orgCode" javaType="java.lang.String"/>

    </resultMap>

    <sql id="Base_Column_List">
        `ID`,`CREATOR`,`CREATOR_ID`,`CREATE_DATE`,`PUBLISHER`,`PUBLISH_TIME`,`LOAN_BALANCE_ENDING_BALANCE`, LOAN_BALANCE_IS_HIGHER_THAN_LAST_MONTH, LOAN_BALANCE_THAN_THE_BEGINNING_OF_THE_YEAR,
		LOAN_BALANCE_OVER_THE_SAME_PERIOD, NPL_BALANCE_ENDING_BALANCE, NPL_BALANCE_IS_HIGHER_THAN_LAST_MONTH, NON_PERFORMING_LOAN_BALANCE,
		NON_PERFORMING_LOAN_BALANCE_OVER_THE_SAME_PERIOD, NPL_RATIO_ENDING_BALANCE, NPL_RATIO_THAN_LAST_MONTH, `NON_PERFORMING_LOANS`, `TYPE`, `PARENT_ID`, `STATISTICS_DATE`,`ORG_CODE`
    </sql>

    <insert id="insert" parameterType="com.clkj.entity.cmc.PublicRentalHousingLoan">
        <![CDATA[ replace into t_fd_public_rental_housing_loan_sync ( ]]>
        <include refid="Base_Column_List"/>
        <![CDATA[  ) values (
			#{id,jdbcType=VARCHAR},
			#{creator,jdbcType=VARCHAR},
			#{creatorId,jdbcType=VARCHAR},
			#{createDate,jdbcType=TIMESTAMP},
			#{publisher,jdbcType=VARCHAR},
			#{publishTime,jdbcType=TIMESTAMP},
			#{loanBalanceEndingBalance,jdbcType=NUMERIC},
			#{loanBalanceIsHigherThanLastMonth,jdbcType=NUMERIC},
			#{loanBalanceThanTheBeginningOfTheYear,jdbcType=NUMERIC},
			#{loanBalanceOverTheSamePeriod,jdbcType=NUMERIC},
			#{nplBalanceEndingBalance,jdbcType=NUMERIC},
			#{nplBalanceIsHigherThanLastMonth,jdbcType=NUMERIC},
			#{nonPerformingLoanBalance,jdbcType=NUMERIC},
			#{nonPerformingLoanBalanceOverTheSamePeriod,jdbcType=NUMERIC},
			#{nplRatioEndingBalance,jdbcType=NUMERIC},
			#{nplRatioThanLastMonth,jdbcType=NUMERIC},
			#{nonPerformingLoans,jdbcType=NUMERIC},
			#{type,jdbcType=TINYINT},
			#{parentId,jdbcType=VARCHAR},
		    #{statisticsDate,jdbcType=VARCHAR},
			#{orgCode,jdbcType=VARCHAR}
		 ) ]]>
    </insert>

    <!-- 更新操作-->
    <!-- 根据id，更新属性值为非NULL的数据记录-->
    <update id="updateByPrimaryKeySelective" parameterType="com.clkj.entity.cmc.PublicRentalHousingLoan">
        <![CDATA[ update t_fd_public_rental_housing_loan_sync ]]>
        <trim prefix="set" suffixOverrides=",">
            <if test=" creator != null ">
                <![CDATA[ CREATOR = #{creator,jdbcType=VARCHAR},	]]>
            </if>
            <if test=" creatorId != null ">
                <![CDATA[ CREATOR_ID = #{creatorId,jdbcType=VARCHAR},  ]]>
            </if>
            <if test=" createDate != null ">
                <![CDATA[ CREATE_DATE = #{createDate,jdbcType=TIMESTAMP},	]]>
            </if>
            <if test=" publisher != null ">
                <![CDATA[ PUBLISHER = #{publisher,jdbcType=VARCHAR},	]]>
            </if>
            <if test=" publishTime != null ">
                <![CDATA[ PUBLISH_TIME = #{publishTime,jdbcType=TIMESTAMP},	]]>
            </if>
            <if test=" loanBalanceEndingBalance != null ">
                <![CDATA[ LOAN_BALANCE_ENDING_BALANCE = #{loanBalanceEndingBalance,jdbcType=NUMERIC},	]]>
            </if>
            <if test=" loanBalanceIsHigherThanLastMonth != null ">
                <![CDATA[ LOAN_BALANCE_IS_HIGHER_THAN_LAST_MONTH = #{loanBalanceIsHigherThanLastMonth,jdbcType=NUMERIC},	]]>
            </if>
            <if test=" loanBalanceThanTheBeginningOfTheYear != null ">
                <![CDATA[ LOAN_BALANCE_THAN_THE_BEGINNING_OF_THE_YEAR = #{loanBalanceThanTheBeginningOfTheYear,jdbcType=NUMERIC},	]]>
            </if>

            <if test=" loanBalanceOverTheSamePeriod != null ">
                <![CDATA[ LOAN_BALANCE_OVER_THE_SAME_PERIOD = #{loanBalanceOverTheSamePeriod,jdbcType=NUMERIC},	]]>
            </if>
            <if test=" nplBalanceEndingBalance != null ">
                <![CDATA[ NPL_BALANCE_ENDING_BALANCE = #{nplBalanceEndingBalance,jdbcType=NUMERIC},	]]>
            </if>
            <if test=" nplBalanceIsHigherThanLastMonth != null ">
                <![CDATA[ NPL_BALANCE_IS_HIGHER_THAN_LAST_MONTH = #{nplBalanceIsHigherThanLastMonth,jdbcType=NUMERIC},	]]>
            </if>

            <if test=" nonPerformingLoanBalance != null ">
                <![CDATA[ NON_PERFORMING_LOAN_BALANCE = #{nonPerformingLoanBalance,jdbcType=NUMERIC},	]]>
            </if>

            <if test=" nonPerformingLoanBalanceOverTheSamePeriod != null ">
                <![CDATA[ NON_PERFORMING_LOAN_BALANCE_OVER_THE_SAME_PERIOD = #{nonPerformingLoanBalanceOverTheSamePeriod,jdbcType=NUMERIC},	]]>
            </if>
            <if test=" nplRatioEndingBalance != null ">
                <![CDATA[ NPL_RATIO_ENDING_BALANCE = #{nplRatioEndingBalance,jdbcType=NUMERIC},	]]>
            </if>
            <if test=" nplRatioThanLastMonth != null ">
                <![CDATA[ NPL_RATIO_THAN_LAST_MONTH = #{nplRatioThanLastMonth,jdbcType=NUMERIC},	]]>
            </if>
            <if test=" nonPerformingLoans != null ">
                <![CDATA[ NON_PERFORMING_LOANS = #{nonPerformingLoans, jdbcType=NUMERIC},]]>
            </if>
            <if test=" type != null ">
                <![CDATA[ `TYPE` = #{type, jdbcType=TINYINT},]]>
            </if>
            <if test=" parentId != null ">
                <![CDATA[ `PARENT_ID` = #{parentId, jdbcType=NUMERIC},]]>
            </if>
            <if test=" statisticsDate != null ">
                <![CDATA[ `STATISTICS_DATE` = #{statisticsDate, jdbcType=VARCHAR},]]>
            </if>
            <if test=" orgCode != null ">
                <![CDATA[ `ORG_CODE` = #{orgCode, jdbcType=VARCHAR},]]>
            </if>
        </trim>
        <trim prefix="where" prefixOverrides="AND|OR">
            <![CDATA[ AND ID = #{id,jdbcType=VARCHAR} ]]>
        </trim>
    </update>


    <!-- 批量插入 -->
    <insert id="batchInsert" parameterType="java.util.List">
        <![CDATA[ replace into t_fd_public_rental_housing_loan_sync ( ]]>
        <include refid="Base_Column_List"/>
        <![CDATA[ ) values ]]>
        <foreach collection="list" item="it" separator=",">
            <![CDATA[ (
				#{it.id,jdbcType=VARCHAR},
				#{it.creator,jdbcType=VARCHAR},
				#{it.creatorId,jdbcType=VARCHAR},
				#{it.createDate,jdbcType=TIMESTAMP},
				#{it.publisher,jdbcType=VARCHAR},
				#{it.publishTime,jdbcType=TIMESTAMP},
				#{it.loanBalanceEndingBalance,jdbcType=NUMERIC},
				#{it.loanBalanceIsHigherThanLastMonth,jdbcType=NUMERIC},
				#{it.loanBalanceThanTheBeginningOfTheYear,jdbcType=NUMERIC},
				#{it.loanBalanceOverTheSamePeriod,jdbcType=NUMERIC},
				#{it.nplBalanceEndingBalance,jdbcType=NUMERIC},
				#{it.nplBalanceIsHigherThanLastMonth,jdbcType=NUMERIC},
				#{it.nonPerformingLoanBalance,jdbcType=NUMERIC},
				#{it.nonPerformingLoanBalanceOverTheSamePeriod,jdbcType=NUMERIC},
				#{it.nplRatioEndingBalance,jdbcType=NUMERIC},
				#{it.nplRatioThanLastMonth,jdbcType=NUMERIC},
				#{it.nonPerformingLoans,jdbcType=NUMERIC},
				#{it.type,jdbcType=TINYINT},
				#{it.parentId,jdbcType=VARCHAR},
				#{it.statisticsDate,jdbcType=VARCHAR},
				#{it.orgCode,jdbcType=VARCHAR}
			) ]]>
        </foreach>
    </insert>

    <!--获取数据条数 -->
    <select id="count" resultType="java.lang.Integer">
        <![CDATA[
         select count(*) from t_fd_public_rental_housing_loan_sync
        ]]>
    </select>

    <!--数据最后一次同步的记录 -->
    <select id="selectLastTime" resultMap="BaseResultMap">
        <![CDATA[ select  ]]>
        <include refid="Base_Column_List"/>
        <![CDATA[ from t_fd_public_rental_housing_loan_sync  ORDER BY PUBLISH_TIME desc LIMIT 0, 1 ]]>
    </select>

    <select id="publisherNumberByOrg" resultType="java.lang.Integer">
        <![CDATA[ select count(*) l FROM t_fd_public_rental_housing_loan_sync ]]>
        <trim prefix="where" prefixOverrides="AND|OR">
            <if test="orgName != null">
                <![CDATA[ AND ORG_CODE = #{orgName,jdbcType=VARCHAR}]]>
            </if>
            <if test="startTime != null and endTime != null">
                <![CDATA[ AND PUBLISH_TIME >=  #{startTime} AND PUBLISH_TIME <=  #{endTime}]]>
            </if>
        </trim>
    </select>

    <!-- 根据数据日期发布 -->
    <select id="queryObjectByDate" resultMap="BaseResultMap">
        <![CDATA[ select  ]]>
        <include refid="Base_Column_List"/>
        <![CDATA[ from t_fd_public_rental_housing_loan_sync where  `STATISTICS_DATE` = #{statistucDate,jdbcType=VARCHAR}]]>
    </select>
</mapper>