<?xml version="1.0" encoding="UTF-8" ?>
<!DOCTYPE mapper PUBLIC "-//mybatis.org//DTD Mapper 3.0//EN" "http://mybatis.org/dtd/mybatis-3-mapper.dtd">

<mapper namespace="com.clkj.mapper.dao.cmc.RiskMapper">
    
    <resultMap id="BaseResultMap" type="com.clkj.entity.cmc.RiskEntity">
        <id column="ID" property="id" javaType="String"/>
        <!-- 外包商全称-->
        <result column="OUT_BUSINESS_NAME" property="outBusinessName" javaType="String"/>
        <!-- 外包服务名称-->
        <result column="SERVICE_NAME" property="serviceName" javaType="String"/>
        <!-- 外包服务主要内容-->
        <result column="SERVICE_CONTENT" property="serviceContent" javaType="String"/>
        <!-- 实施方式  下拉值：驻场外包、非驻场外包 -->
        <result column="IMPLEMENT_MODE" property="implementMode" javaType="String"/>
        <!-- 影响业务类型 -->
        <result column="INFLUENCE_TYPE" property="serviceType" javaType="String"/>
        <!-- 设备型号/软件版本 -->
        <result column="SERVICE_TYPE" property="influenceType" javaType="String"/>
        <!-- 外包服务开始时间 -->
        <result column="BEGIN_TIME" property="beginTime" javaType="java.util.Date"/>
        <!-- 外包服务开始时间 -->
        <result column="END_TIME" property="endTime" javaType="java.util.Date"/>
        <!-- 备注 -->
        <result column="REMARK" property="remark" javaType="String"/>

        <result column="CREATOR" property="creator" javaType="String"/>

        <result column="CREATOR_ID" property="creatorId" javaType="String"/>

        <result column="CREATE_DATE" property="createDate" javaType="java.util.Date"/>

        <result column="PUBLISHER" property="publisher" javaType="String"/>

        <result column="PUBLISH_TIME" property="publishTime" javaType="java.util.Date"/>

        <result column="ORG_CODE" property="orgCode" javaType="String"/>

    </resultMap>

    <sql id="Base_Column_List">
        `ID`,`OUT_BUSINESS_NAME`,`SERVICE_NAME`,`SERVICE_CONTENT`,`IMPLEMENT_MODE`,`INFLUENCE_TYPE`,`SERVICE_TYPE`,`BEGIN_TIME`,`END_TIME`,`REMARK`,
        `CREATOR`,`CREATOR_ID`,`CREATE_DATE`,`PUBLISHER`,`PUBLISH_TIME`,`ORG_CODE`
    </sql>

    <insert id="insert" parameterType="com.clkj.entity.cmc.RiskEntity">
        <![CDATA[ replace into t_cm_riskassessment_sync ( ]]>
        <include refid="Base_Column_List"/>
        <![CDATA[  ) values (
			#{id,jdbcType=VARCHAR},
			#{outBusinessName,jdbcType=VARCHAR},
			#{serviceName,jdbcType=VARCHAR},
			#{serviceContent,jdbcType=VARCHAR},
			#{implementMode,jdbcType=VARCHAR},
			#{influenceType,jdbcType=VARCHAR},
			#{serviceType,jdbcType=VARCHAR},
			#{beginTime,jdbcType=TIMESTAMP},
			#{endTime,jdbcType=TIMESTAMP},
			#{remark,jdbcType=VARCHAR},
			#{creator,jdbcType=VARCHAR},
			#{creatorId,jdbcType=VARCHAR},
			#{createDate,jdbcType=TIMESTAMP},
			#{publisher,jdbcType=VARCHAR},
			#{publishTime,jdbcType=TIMESTAMP},
			#{orgCode,jdbcType=VARCHAR}
		 ) ]]>
    </insert>

    <!-- 更新操作-->
    <!-- 根据id，更新属性值为非NULL的数据记录-->
    <update id="updateByPrimaryKeySelective" parameterType="com.clkj.entity.cmc.RiskEntity">
        <![CDATA[ update t_cm_riskassessment_sync ]]>
        <trim prefix="set" suffixOverrides=",">
            <if test=" outBusinessName != null ">
                <![CDATA[ OUT_BUSINESS_NAME = #{outBusinessName,jdbcType=VARCHAR},	]]>
            </if>
            <if test=" serviceName != null ">
                <![CDATA[ SERVICE_NAME = #{serviceName,jdbcType=VARCHAR},	]]>
            </if>
            <if test=" serviceContent != null ">
                <![CDATA[ SERVICE_CONTENT = #{serviceContent,jdbcType=VARCHAR},	]]>
            </if>
            <if test=" implementMode != null ">
                <![CDATA[ IMPLEMENT_MODE = #{implementMode,jdbcType=VARCHAR},	]]>
            </if>
            <if test=" influenceType != null ">
                <![CDATA[ INFLUENCE_TYPE = #{influenceType,jdbcType=VARCHAR},	]]>
            </if>
            <if test=" serviceType != null ">
                <![CDATA[ SERVICE_TYPE = #{serviceType,jdbcType=VARCHAR},	]]>
            </if>
            <if test=" beginTime != null ">
                <![CDATA[ BEGIN_TIME = #{beginTime,jdbcType=TIMESTAMP},	]]>
            </if>
            <if test=" endTime != null ">
                <![CDATA[ END_TIME = #{endTime,jdbcType=TIMESTAMP},	]]>
            </if>
            <if test=" remark != null ">
                <![CDATA[ REMARK = #{remark,jdbcType=VARCHAR},	]]>
            </if>
            <if test=" creator != null ">
                <![CDATA[ CREATOR = #{creator,jdbcType=VARCHAR},	]]>
            </if>
            <if test=" creatorId != null ">
                <![CDATA[ CREATOR_ID = #{creatorId,jdbcType=VARCHAR},	]]>
            </if>
            <if test=" createDate != null ">
                <![CDATA[ CREATE_DATE = #{createDate,jdbcType=TIMESTAMP},	]]>
            </if>
            <if test=" publisher != null ">
                <![CDATA[ PUBLISHER = #{publisher,jdbcType=VARCHAR},	]]>
            </if>
            <if test=" publishTime != null ">
                <![CDATA[ PUBLISH_TIME = #{publishTime,jdbcType=TIMESTAMP},	]]>
            </if>
            <if test=" orgCode != null and orgCode != ''">
                <![CDATA[ ORG_CODE = #{orgCode,jdbcType=VARCHAR},	]]>
            </if>
        </trim>
        <trim prefix="where" prefixOverrides="AND|OR">
            <![CDATA[ AND ID = #{id,jdbcType=VARCHAR} ]]>
        </trim>
    </update>


    <!-- 批量插入 -->
    <insert id="batchInsert" parameterType="java.util.List">
        <![CDATA[ replace into t_cm_riskassessment_sync ( ]]>
        <include refid="Base_Column_List"/>
        <![CDATA[ ) values ]]>
        <foreach collection="list" item="it" separator=",">
            <![CDATA[ (
				#{it.id,jdbcType=VARCHAR},
				#{it.outBusinessName,jdbcType=VARCHAR},
				#{it.serviceName,jdbcType=VARCHAR},
				#{it.serviceContent,jdbcType=VARCHAR},
				#{it.implementMode,jdbcType=VARCHAR},
				#{it.influenceType,jdbcType=VARCHAR},
				#{it.serviceType,jdbcType=VARCHAR},
				#{it.beginTime,jdbcType=TIMESTAMP},
				#{it.endTime,jdbcType=TIMESTAMP},
				#{it.remark,jdbcType=VARCHAR},
				#{it.creator,jdbcType=VARCHAR},
				#{it.creatorId,jdbcType=VARCHAR},
				#{it.createDate,jdbcType=TIMESTAMP},
				#{it.publisher,jdbcType=VARCHAR},
				#{it.publishTime,jdbcType=TIMESTAMP},
				#{it.orgCode,jdbcType=VARCHAR}
			) ]]>
        </foreach>
    </insert>

    <!--获取数据条数 -->
    <select id="count" resultType="java.lang.Integer">
        <![CDATA[ select count(*) from t_cm_riskassessment_sync  ]]>
    </select>

    <!--数据最后一次同步的记录 -->
    <select id="selectLastTime" resultMap="BaseResultMap">
        <![CDATA[ select  ]]>
           <include refid="Base_Column_List"/>
        <![CDATA[ from t_cm_riskassessment_sync  ORDER BY PUBLISH_TIME desc LIMIT 0, 1 ]]>
    </select>

    <select id="publisherNumberByOrg" resultType="java.lang.Integer">
        <![CDATA[ select count(*) l FROM t_cm_riskassessment_sync ]]>
        <trim prefix="where" prefixOverrides="AND|OR">
            <if test="orgName != null">
                <![CDATA[ AND ORG_CODE = #{orgName,jdbcType=VARCHAR}	]]>
            </if>
            <if test="startTime != null and endTime != null">
                <![CDATA[ AND PUBLISH_TIME >=  #{startTime} AND PUBLISH_TIME <=  #{endTime}]]>
            </if>
        </trim>
    </select>
</mapper>