<?xml version="1.0" encoding="UTF-8" ?>
<!DOCTYPE mapper PUBLIC "-//mybatis.org//DTD Mapper 3.0//EN" "http://mybatis.org/dtd/mybatis-3-mapper.dtd">

<mapper namespace="com.clkj.mapper.dao.cmc.SelfMapper">
    
    <resultMap id="BaseResultMap" type="com.clkj.entity.cmc.SelfEntity">
        <id column="ID" property="id" javaType="String"/>
        <!-- 供应商名称-->
        <result column="ENTERPRICE_NAME" property="enterpriceName" javaType="String"/>
        <!-- 注册号-->
        <result column="REGISTER_NUMBER" property="registerNumber" javaType="String"/>
        <!-- 评价时间-->
        <result column="ASSESSMENT_TIME" property="assessmentTime" javaType="java.util.Date"/>
        <!-- 自我评价总结 -->
        <result column="SUMMARY" property="summary" javaType="String"/>
        <!-- 备注 -->
        <result column="REMARK" property="remark" javaType="String"/>

        <result column="CREATOR" property="creator" javaType="String"/>

        <result column="CREATOR_ID" property="creatorId" javaType="String"/>

        <result column="CREATE_DATE" property="createDate" javaType="java.util.Date"/>

        <result column="PUBLISHER" property="publisher" javaType="String"/>

        <result column="PUBLISH_TIME" property="publishTime" javaType="java.util.Date"/>

        <result column="ORG_CODE" property="orgCode" javaType="String"/>

    </resultMap>

    <sql id="Base_Column_List">
        `ID`,`ENTERPRICE_NAME`,`REGISTER_NUMBER`,`ASSESSMENT_TIME`,`SUMMARY`,`REMARK`,
        `CREATOR`,`CREATOR_ID`,`CREATE_DATE`,`PUBLISHER`,`PUBLISH_TIME`,`ORG_CODE`
    </sql>

    <insert id="insert" parameterType="com.clkj.entity.cmc.SelfEntity">
        <![CDATA[ replace into t_cm_selfassessment_sync ( ]]>
        <include refid="Base_Column_List"/>
        <![CDATA[  ) values (
			#{id,jdbcType=VARCHAR},
			#{enterpriceName,jdbcType=VARCHAR},
			#{registerNumber,jdbcType=VARCHAR},
			#{assessmentTime,jdbcType=TIMESTAMP},
			#{summary,jdbcType=VARCHAR},
			#{remark,jdbcType=VARCHAR},
			#{creator,jdbcType=VARCHAR},
			#{creatorId,jdbcType=VARCHAR},
			#{createDate,jdbcType=TIMESTAMP},
			#{publisher,jdbcType=VARCHAR},
			#{publishTime,jdbcType=TIMESTAMP},
			#{orgCode,jdbcType=VARCHAR}
		 ) ]]>
    </insert>

    <!-- 更新操作-->
    <!-- 根据id，更新属性值为非NULL的数据记录-->
    <update id="updateByPrimaryKeySelective" parameterType="com.clkj.entity.cmc.SelfEntity">
        <![CDATA[ update t_cm_selfassessment_sync ]]>
        <trim prefix="set" suffixOverrides=",">
            <if test=" enterpriceName != null ">
                <![CDATA[ ENTERPRICE_NAME = #{enterpriceName,jdbcType=VARCHAR},	]]>
            </if>
            <if test=" registerNumber != null ">
                <![CDATA[ REGISTER_NUMBER = #{registerNumber,jdbcType=VARCHAR},	]]>
            </if>
            <if test=" assessmentTime != null ">
                <![CDATA[ ASSESSMENT_TIME = #{assessmentTime,jdbcType=TIMESTAMP},	]]>
            </if>
            <if test=" summary != null ">
                <![CDATA[ SUMMARY = #{summary,jdbcType=VARCHAR},	]]>
            </if>
            <if test=" remark != null ">
                <![CDATA[ REMARK = #{remark,jdbcType=VARCHAR},	]]>
            </if>
            <if test=" creator != null ">
                <![CDATA[ CREATOR = #{creator,jdbcType=VARCHAR},	]]>
            </if>
            <if test=" creatorId != null ">
                <![CDATA[ CREATOR_ID = #{creatorId,jdbcType=VARCHAR},	]]>
            </if>
            <if test=" createDate != null ">
                <![CDATA[ CREATE_DATE = #{createDate,jdbcType=TIMESTAMP},	]]>
            </if>
            <if test=" publisher != null ">
                <![CDATA[ PUBLISHER = #{publisher,jdbcType=VARCHAR},	]]>
            </if>
            <if test=" publishTime != null ">
                <![CDATA[ PUBLISH_TIME = #{publishTime,jdbcType=TIMESTAMP},	]]>
            </if>
            <if test=" orgCode != null and orgCode != ''">
                <![CDATA[ ORG_CODE = #{orgCode,jdbcType=VARCHAR},	]]>
            </if>
        </trim>
        <trim prefix="where" prefixOverrides="AND|OR">
            <![CDATA[ AND ID = #{id,jdbcType=VARCHAR} ]]>
        </trim>
    </update>


    <!-- 批量插入 -->
    <insert id="batchInsert" parameterType="java.util.List">
        <![CDATA[ replace into t_cm_selfassessment_sync ( ]]>
        <include refid="Base_Column_List"/>
        <![CDATA[ ) values ]]>
        <foreach collection="list" item="it" separator=",">
            <![CDATA[ (
				#{it.id,jdbcType=VARCHAR},
				#{it.enterpriceName,jdbcType=VARCHAR},
				#{it.registerNumber,jdbcType=VARCHAR},
				#{it.assessmentTime,jdbcType=TIMESTAMP},
				#{it.summary,jdbcType=VARCHAR},
				#{it.remark,jdbcType=VARCHAR},
				#{it.creator,jdbcType=VARCHAR},
				#{it.creatorId,jdbcType=VARCHAR},
				#{it.createDate,jdbcType=TIMESTAMP},
				#{it.publisher,jdbcType=VARCHAR},
				#{it.publishTime,jdbcType=TIMESTAMP},
				#{it.orgCode,jdbcType=VARCHAR}
			) ]]>
        </foreach>
    </insert>

    <!--获取数据条数 -->
    <select id="count" resultType="java.lang.Integer">
        <![CDATA[ select count(*) from t_cm_selfassessment_sync  ]]>
    </select>

    <!--数据最后一次同步的记录 -->
    <select id="selectLastTime" resultMap="BaseResultMap">
        <![CDATA[ select  ]]>
           <include refid="Base_Column_List"/>
        <![CDATA[ from t_cm_selfassessment_sync  ORDER BY PUBLISH_TIME desc LIMIT 0, 1 ]]>
    </select>

    <select id="publisherNumberByOrg" resultType="java.lang.Integer">
        <![CDATA[ select count(*) l FROM t_cm_selfassessment_sync ]]>
        <trim prefix="where" prefixOverrides="AND|OR">
            <if test="orgName != null">
                <![CDATA[ AND ORG_CODE = #{orgName,jdbcType=VARCHAR}	]]>
            </if>
            <if test="startTime != null and endTime != null">
                <![CDATA[ AND PUBLISH_TIME >=  #{startTime} AND PUBLISH_TIME <=  #{endTime}]]>
            </if>
        </trim>
    </select>
</mapper>