<?xml version="1.0" encoding="UTF-8" ?>
<!DOCTYPE mapper PUBLIC "-//mybatis.org//DTD Mapper 3.0//EN" "http://mybatis.org/dtd/mybatis-3-mapper.dtd">

<mapper namespace="com.clkj.mapper.dao.cmc.StaffMapper">
    
    <resultMap id="BaseResultMap" type="com.clkj.entity.cmc.StaffEntity">
        <id column="ID" property="id" javaType="String"/>
        <!-- 人员姓名-->
        <result column="NAME" property="name" javaType="String"/>
        <!-- 身份证号-->
        <result column="IDENTITY_CARD" property="identityCard" javaType="String"/>
        <!-- 所属公司-->
        <result column="COMPANY_NAME" property="companyName" javaType="String"/>
        <!-- 评价结果 -->
        <result column="EVALUATION_RESULT" property="evaluationResult" javaType="String"/>
        <!-- 评价时间 -->
        <result column="STAFF_TIME" property="staffTime" javaType="java.util.Date"/>

        <result column="CREATOR" property="creator" javaType="String"/>

        <result column="CREATOR_ID" property="creatorId" javaType="String"/>

        <result column="CREATE_DATE" property="createDate" javaType="java.util.Date"/>

        <result column="PUBLISHER" property="publisher" javaType="String"/>

        <result column="PUBLISH_TIME" property="publishTime" javaType="java.util.Date"/>

        <result column="ORG_CODE" property="orgCode" javaType="String"/>

    </resultMap>

    <sql id="Base_Column_List">
        `ID`,`NAME`,`IDENTITY_CARD`,`COMPANY_NAME`,`EVALUATION_RESULT`, `STAFF_TIME`,
        `CREATOR`,`CREATOR_ID`,`CREATE_DATE`,`PUBLISHER`,`PUBLISH_TIME`,`ORG_CODE`
    </sql>

    <insert id="insert" parameterType="com.clkj.entity.cmc.StaffEntity">
        <![CDATA[ replace into t_cm_staff_sync ( ]]>
        <include refid="Base_Column_List"/>
        <![CDATA[  ) values (
			#{id,jdbcType=VARCHAR},
			#{name,jdbcType=VARCHAR},
			#{identityCard,jdbcType=VARCHAR},
			#{companyName,jdbcType=VARCHAR},
			#{evaluationResult,jdbcType=VARCHAR},
			#{staffTime,jdbcType=TIMESTAMP},
			#{creator,jdbcType=VARCHAR},
			#{creatorId,jdbcType=VARCHAR},
			#{createDate,jdbcType=TIMESTAMP},
			#{publisher,jdbcType=VARCHAR},
			#{publishTime,jdbcType=TIMESTAMP},
			#{orgCode,jdbcType=VARCHAR}
		 ) ]]>
    </insert>

    <!-- 更新操作-->
    <!-- 根据id，更新属性值为非NULL的数据记录-->
    <update id="updateByPrimaryKeySelective" parameterType="com.clkj.entity.cmc.StaffEntity">
        <![CDATA[ update t_cm_staff_sync ]]>
        <trim prefix="set" suffixOverrides=",">
            <if test=" name != null ">
                <![CDATA[ NAME = #{name,jdbcType=VARCHAR},	]]>
            </if>
            <if test=" IDENTITY_CARD != null ">
                <![CDATA[ identityCard = #{identityCard,jdbcType=VARCHAR},	]]>
            </if>
            <if test=" companyName != null ">
                <![CDATA[ companyName = #{companyName,jdbcType=VARCHAR},	]]>
            </if>
            <if test=" evaluationResult != null ">
                <![CDATA[ EVALUATION_RESULT = #{evaluationResult,jdbcType=VARCHAR},	]]>
            </if>
            <if test=" staffTime != null ">
                <![CDATA[ STAFF_TIME = #{staffTime,jdbcType=TIMESTAMP},	]]>
            </if>
            <if test=" creator != null ">
                <![CDATA[ CREATOR = #{creator,jdbcType=VARCHAR},	]]>
            </if>
            <if test=" creatorId != null ">
                <![CDATA[ CREATOR_ID = #{creatorId,jdbcType=VARCHAR},	]]>
            </if>
            <if test=" bugTime != null ">
                <![CDATA[ BUG_TIME = #{bugTime,jdbcType=TIMESTAMP},	]]>
            </if>
            <if test=" createDate != null ">
                <![CDATA[ CREATE_DATE = #{createDate,jdbcType=TIMESTAMP},	]]>
            </if>
            <if test=" productName != null ">
                <![CDATA[ PRODUCT_NAME = #{productName,jdbcType=VARCHAR},	]]>
            </if>
            <if test=" publisher != null ">
                <![CDATA[ PUBLISHER = #{publisher,jdbcType=VARCHAR},	]]>
            </if>
            <if test=" publishTime != null ">
                <![CDATA[ PUBLISH_TIME = #{publishTime,jdbcType=TIMESTAMP},	]]>
            </if>
            <if test=" orgCode != null and orgCode != ''">
                <![CDATA[ ORG_CODE = #{orgCode,jdbcType=VARCHAR},	]]>
            </if>
        </trim>
        <trim prefix="where" prefixOverrides="AND|OR">
            <![CDATA[ AND ID = #{id,jdbcType=VARCHAR} ]]>
        </trim>
    </update>

    <!-- 批量插入 -->
    <insert id="batchInsert" parameterType="java.util.List">
        <![CDATA[ replace into t_cm_staff_sync ( ]]>
        <include refid="Base_Column_List"/>
        <![CDATA[ ) values ]]>
        <foreach collection="list" item="it" separator=",">
            <![CDATA[ (
				#{it.id,jdbcType=VARCHAR},
				#{it.name,jdbcType=VARCHAR},
				#{it.identityCard,jdbcType=VARCHAR},
				#{it.companyName,jdbcType=VARCHAR},
				#{it.evaluationResult,jdbcType=VARCHAR},
				#{it.staffTime,jdbcType=TIMESTAMP},
				#{it.creator,jdbcType=VARCHAR},
				#{it.creatorId,jdbcType=VARCHAR},
				#{it.createDate,jdbcType=TIMESTAMP},
				#{it.publisher,jdbcType=VARCHAR},
				#{it.publishTime,jdbcType=TIMESTAMP},
				#{it.orgCode,jdbcType=VARCHAR}
			) ]]>
        </foreach>
    </insert>

    <!--获取数据条数 -->
    <select id="count" resultType="java.lang.Integer">
        <![CDATA[ select count(*) from t_cm_staff_sync  ]]>
    </select>

    <!--数据最后一次同步的记录 -->
    <select id="selectLastTime" resultMap="BaseResultMap">
        <![CDATA[ select  ]]>
           <include refid="Base_Column_List"/>
        <![CDATA[ from t_cm_staff_sync  ORDER BY PUBLISH_TIME desc LIMIT 0, 1 ]]>
    </select>

    <select id="selectStaffAvgScore" resultType="java.math.BigDecimal">
         <![CDATA[ select avg(EVALUATION_RESULT) as score ]]>
         <![CDATA[ from t_cm_staff_sync where COMPANY_NAME = #{companyName}]]>
    </select>

    <select id="publisherNumberByOrg" resultType="java.lang.Integer">
        <![CDATA[ select count(*) l FROM t_cm_staff_sync ]]>
        <trim prefix="where" prefixOverrides="AND|OR">
            <if test="orgName != null">
                <![CDATA[ AND ORG_CODE = #{orgName,jdbcType=VARCHAR}	]]>
            </if>
            <if test="startTime != null and endTime != null">
                <![CDATA[ AND PUBLISH_TIME >=  #{startTime} AND PUBLISH_TIME <=  #{endTime}]]>
            </if>
        </trim>
    </select>

</mapper>