<?xml version="1.0" encoding="UTF-8" ?>
<!DOCTYPE mapper PUBLIC "-//mybatis.org//DTD Mapper 3.0//EN" "http://mybatis.org/dtd/mybatis-3-mapper.dtd">

<mapper namespace="com.clkj.mapper.dao.cmc.SupplierMapper">
    
    <resultMap id="BaseResultMap" type="com.clkj.entity.cmc.SupplierEntity">
        <id column="ID" property="id" javaType="String"/>
        <!-- 供应商名称-->
        <result column="NAME" property="name" javaType="String"/>
        <!-- 主营业务类型-->
        <result column="TYPE" property="type" javaType="String"/>
        <!-- 统一社会信用代码-->
        <result column="CODE" property="code" javaType="String"/>
        <!-- 注册资本 -->
        <result column="MONEY" property="money" javaType="Double"/>
        <!-- 注册时间 -->
        <result column="REG_TIME" property="regTime" javaType="java.util.Date"/>
        <!-- 填表时间 -->
        <result column="SUVEY_TIME" property="suveyTime" javaType="java.util.Date"/>
        <!-- 法人代表 -->
        <result column="LEGAL_PERSON" property="legalPerson" javaType="String"/>
        <!-- 供应商地址 -->
        <result column="SUPPLIER_ADDR" property="supplierAddr" javaType="String"/>

        <result column="CREATOR" property="creator" javaType="String"/>

        <result column="CREATOR_ID" property="creatorId" javaType="String"/>

        <result column="CREATE_DATE" property="createDate" javaType="java.util.Date"/>

        <result column="PUBLISHER" property="publisher" javaType="String"/>

        <result column="PUBLISH_TIME" property="publishTime" javaType="java.util.Date"/>

        <result column="ORG_CODE" property="orgCode" javaType="String"/>

    </resultMap>

    <sql id="Base_Column_List">
        `ID`,`NAME`,`TYPE`,`CODE`,`MONEY`,`REG_TIME`,`SUVEY_TIME`,`LEGAL_PERSON`,`SUPPLIER_ADDR`,
        `CREATOR`,`CREATOR_ID`,`CREATE_DATE`,`PUBLISHER`,`PUBLISH_TIME`,`ORG_CODE`
    </sql>

    <insert id="insert" parameterType="com.clkj.entity.cmc.SupplierEntity">
        <![CDATA[ replace into t_cm_supplier_sync ( ]]>
        <include refid="Base_Column_List"/>
        <![CDATA[  ) values (
			#{id,jdbcType=VARCHAR},
			#{name,jdbcType=VARCHAR},
			#{type,jdbcType=VARCHAR},
			#{code,jdbcType=VARCHAR},
			#{money,jdbcType=DOUBLE},
			#{regTime,jdbcType=TIMESTAMP},
			#{suveyTime,jdbcType=TIMESTAMP},
			#{legalPerson,jdbcType=VARCHAR},
			#{supplierAddr,jdbcType=VARCHAR},
			#{creator,jdbcType=VARCHAR},
			#{creatorId,jdbcType=VARCHAR},
			#{createDate,jdbcType=TIMESTAMP},
			#{publisher,jdbcType=VARCHAR},
			#{publishTime,jdbcType=TIMESTAMP},
			#{orgCode,jdbcType=VARCHAR}
		 ) ]]>
    </insert>

    <!-- 更新操作-->
    <!-- 根据id，更新属性值为非NULL的数据记录-->
    <update id="updateByPrimaryKeySelective" parameterType="com.clkj.entity.cmc.SupplierEntity">
        <![CDATA[ update t_cm_supplier_sync ]]>
        <trim prefix="set" suffixOverrides=",">
            <if test=" name != null ">
                <![CDATA[ NAME = #{name,jdbcType=VARCHAR},	]]>
            </if>
            <if test=" type != null ">
                <![CDATA[ TYPE = #{type,jdbcType=VARCHAR},	]]>
            </if>
            <if test=" code != null ">
                <![CDATA[ CODE = #{code,jdbcType=VARCHAR},	]]>
            </if>
            <if test=" money != null ">
                <![CDATA[ MONEY = #{money,jdbcType=DOUBLE},	]]>
            </if>
            <if test=" regTime != null ">
                <![CDATA[ REG_TIME = #{regTime,jdbcType=TIMESTAMP  },	]]>
            </if>
             <if test=" suveyTime != null ">
                <![CDATA[ SUVEY_TIME = #{suveyTime,jdbcType=TIMESTAMP },	]]>
            </if>
            <if test=" legalPerson != null ">
                <![CDATA[ LEGAL_PERSON = #{legalPerson,jdbcType=VARCHAR},	]]>
            </if>
            <if test=" supplierAddr != null ">
                <![CDATA[ SUPPLIER_ADDR = #{supplierAddr,jdbcType=VARCHAR},	]]>
            </if>
            <if test=" creator != null ">
                <![CDATA[ CREATOR = #{creator,jdbcType=VARCHAR},	]]>
            </if>
            <if test=" creatorId != null ">
                <![CDATA[ CREATOR_ID = #{creatorId,jdbcType=VARCHAR},	]]>
            </if>
            <if test=" bugTime != null ">
                <![CDATA[ BUG_TIME = #{bugTime,jdbcType=TIMESTAMP},	]]>
            </if>
            <if test=" createDate != null ">
                <![CDATA[ CREATE_DATE = #{createDate,jdbcType=TIMESTAMP},	]]>
            </if>
            <if test=" productName != null ">
                <![CDATA[ PRODUCT_NAME = #{productName,jdbcType=VARCHAR},	]]>
            </if>
            <if test=" publisher != null ">
                <![CDATA[ PUBLISHER = #{publisher,jdbcType=VARCHAR},	]]>
            </if>
            <if test=" publishTime != null ">
                <![CDATA[ PUBLISH_TIME = #{publishTime,jdbcType=TIMESTAMP},	]]>
            </if>
            <if test=" orgCode != null and orgCode != ''">
                <![CDATA[ ORG_CODE = #{orgCode,jdbcType=VARCHAR},	]]>
            </if>
        </trim>
        <trim prefix="where" prefixOverrides="AND|OR">
            <![CDATA[ AND ID = #{id,jdbcType=VARCHAR} ]]>
        </trim>
    </update>


    <!-- 批量插入 -->
    <insert id="batchInsert" parameterType="java.util.List">
        <![CDATA[ replace into t_cm_supplier_sync ( ]]>
        <include refid="Base_Column_List"/>
        <![CDATA[ ) values ]]>
        <foreach collection="list" item="it" separator=",">
            <![CDATA[ (
				#{it.id,jdbcType=VARCHAR},
				#{it.name,jdbcType=VARCHAR},
				#{it.type,jdbcType=VARCHAR},
				#{it.code,jdbcType=VARCHAR},
				#{it.money,jdbcType=DOUBLE},
				#{it.regTime,jdbcType=TIMESTAMP},
				#{it.suveyTime,jdbcType=TIMESTAMP},
				#{it.legalPerson,jdbcType=VARCHAR},
				#{it.supplierAddr,jdbcType=VARCHAR},
				#{it.creator,jdbcType=VARCHAR},
				#{it.creatorId,jdbcType=VARCHAR},
				#{it.createDate,jdbcType=TIMESTAMP},
				#{it.publisher,jdbcType=VARCHAR},
				#{it.publishTime,jdbcType=TIMESTAMP},
				#{it.orgCode,jdbcType=VARCHAR}
			) ]]>
        </foreach>
    </insert>

    <!--获取数据条数 -->
    <select id="count" resultType="java.lang.Integer">
        <![CDATA[ select count(*) from t_cm_supplier_sync  ]]>
    </select>

    <!--数据最后一次同步的记录 -->
    <select id="selectLastTime" resultMap="BaseResultMap">
        <![CDATA[ select  ]]>
           <include refid="Base_Column_List"/>
        <![CDATA[ from t_cm_supplier_sync  ORDER BY PUBLISH_TIME desc LIMIT 0, 1 ]]>
    </select>

    <!--根据供应商名称查询在这张表出现的次数 -->
    <select id="selectSupplierFrequencyByName" resultType="java.lang.Integer">
        select count(*) frequency FROM t_cm_supplier_sync WHERE `name` = #{name}
    </select>

    <!-- 查询该模块下所有公司 -->
    <select id="selectAllCompanyName" resultType="java.lang.String">
        select DISTINCT `NAME` FROM t_cm_supplier_sync
    </select>

    <select id="publisherNumberByOrg" resultType="java.lang.Integer">
        <![CDATA[ select count(*) l FROM t_cm_supplier_sync ]]>
        <trim prefix="where" prefixOverrides="AND|OR">
            <if test="orgName != null">
                <![CDATA[ AND ORG_CODE = #{orgName,jdbcType=VARCHAR}	]]>
            </if>
            <if test="startTime != null and endTime != null">
                <![CDATA[ AND PUBLISH_TIME >=  #{startTime} AND PUBLISH_TIME <=  #{endTime}]]>
            </if>
        </trim>
    </select>

</mapper>