<?xml version="1.0" encoding="UTF-8"?>
<!DOCTYPE mapper PUBLIC "-//mybatis.org//DTD Mapper 3.0//EN" "http://mybatis.org/dtd/mybatis-3-mapper.dtd" >
<mapper namespace="com.clkj.mapper.dao.cmc.TCmFileSyncMapper" >
	<!-- Result Map-->
	<resultMap id="BaseResultMap" type="com.clkj.entity.cm.TCmFileSync">
		<id column="ID" property="id" javaType="String"/>
		<result column="FILE_NAME" property="fileName" javaType="String"/>
		<result column="FILE_HASH" property="fileHash" javaType="String"/>
		<result column="FILE_PATH" property="filePath" javaType="String"/>
		<result column="STATE" property="state" javaType="String"/>
	</resultMap>
       
	<!-- 同步文件表 -->
	<sql id="Base_Column_List" >
		ID ,FILE_NAME ,FILE_HASH ,FILE_PATH ,STATE 
	</sql>
	
	<!-- 插入记录 -->
	<insert id="insert" parameterType="com.clkj.entity.cm.TCmFileSync" >
		<![CDATA[ insert into t_cm_file_sync ( ]]>
		<include refid="Base_Column_List"/>
		<![CDATA[  ) values ( 
			#{id,jdbcType=VARCHAR},
			#{fileName,jdbcType=VARCHAR},
			#{fileHash,jdbcType=VARCHAR},
			#{filePath,jdbcType=VARCHAR},
			#{state,jdbcType=VARCHAR}
		 ) ]]>
	</insert>
	
	<!-- 批量插入 -->
	<insert id="batchInsert" parameterType="java.util.List" >
		<![CDATA[ insert into t_cm_file_sync ( ]]>
		<include refid="Base_Column_List"/>
		<![CDATA[ ) values ]]>
			<foreach collection="list" item="it" separator=",">
			<![CDATA[ (
				#{it.id,jdbcType=VARCHAR},
				#{it.fileName,jdbcType=VARCHAR},
				#{it.fileHash,jdbcType=VARCHAR},
				#{it.filePath,jdbcType=VARCHAR},
				#{it.state,jdbcType=VARCHAR}
			) ]]>
		</foreach>
	</insert>
	
	<!-- 物理删除：通过主键ID单条删除 -->
	<delete id="deleteByPrimaryKey" parameterType="com.clkj.entity.cm.TCmFileSync">
	    <![CDATA[ delete from t_cm_file_sync  ]]>
	    <trim prefix="where" prefixOverrides="AND|OR">
			<![CDATA[ AND ID = #{id,jdbcType=VARCHAR}	]]>
	    </trim>
  	</delete>
  	
  	<!-- 物理删除：通过主键ID批量删除 -->
	<delete id="batchDeleteByPrimaryKey" parameterType="java.util.List" >
	    <![CDATA[ delete from t_cm_file_sync  ]]>
	    <trim prefix="where" prefixOverrides="AND|OR">
	    	<foreach collection="list" item="it" separator=" OR " open="(" close=")" >
	    		<trim prefixOverrides="AND|OR">
					<![CDATA[ AND ID = #{it.id,jdbcType=VARCHAR}	]]>
	    		</trim>
	    	</foreach>
	    </trim>
  	</delete>
  	
  	<!-- 根据id，属性值全量更新数据记录--> 
  	<update id="updateByPrimaryKey" parameterType="com.clkj.entity.cm.TCmFileSync" >
		<![CDATA[ update t_cm_file_sync ]]>
		<trim prefix="set" suffixOverrides=",">
			<![CDATA[ FILE_NAME = #{fileName,jdbcType=VARCHAR},	]]>
			<![CDATA[ FILE_HASH = #{fileHash,jdbcType=VARCHAR},	]]>
			<![CDATA[ FILE_PATH = #{filePath,jdbcType=VARCHAR},	]]>
			<![CDATA[ STATE = #{state,jdbcType=VARCHAR},	]]>
		</trim>
		<trim prefix="where" prefixOverrides="AND|OR">
			<![CDATA[ AND ID = #{id,jdbcType=VARCHAR}	]]>
		</trim>
	</update>
   
	<!-- 根据id，更新属性值为非NULL的数据记录--> 
  	<update id="updateByPrimaryKeySelective" parameterType="com.clkj.entity.cm.TCmFileSync" >
		<![CDATA[ update t_cm_file_sync ]]>
		<trim prefix="set" suffixOverrides=",">
			<if test=" fileName != null ">
				<![CDATA[ FILE_NAME = #{fileName,jdbcType=VARCHAR},	]]>
			</if>
			<if test=" fileHash != null ">
				<![CDATA[ FILE_HASH = #{fileHash,jdbcType=VARCHAR},	]]>
			</if>
			<if test=" filePath != null ">
				<![CDATA[ FILE_PATH = #{filePath,jdbcType=VARCHAR},	]]>
			</if>
			<if test=" state != null ">
				<![CDATA[ STATE = #{state,jdbcType=VARCHAR},	]]>
			</if>
		</trim>
		<trim prefix="where" prefixOverrides="AND|OR">
			<![CDATA[ AND ID = #{id,jdbcType=VARCHAR}	]]>
		</trim>
	</update>
	
	<!-- 根据id查询 -->
	<select id="selectByPrimaryKey" resultMap="BaseResultMap" parameterType="com.clkj.entity.cm.TCmFileSync">
		<![CDATA[ select ]]><include refid="Base_Column_List"/><![CDATA[ from t_cm_file_sync ]]>
		<trim prefix="where" prefixOverrides="AND|OR">
			<![CDATA[ AND ID = #{id,jdbcType=VARCHAR}	]]>
		</trim>
	</select>
	
	<!-- 存在校验查询 -->
	<select id="checkExsit" resultType="java.lang.Integer" parameterType="com.clkj.entity.cm.TCmFileSync">
		<![CDATA[ select count(1) num from t_cm_file_sync ]]>
		<trim prefix="where" prefixOverrides="AND|OR">
			<if test=" id != null ">
				<![CDATA[ AND ID != #{id,jdbcType=VARCHAR}	]]>
			</if>
			<if test=" fileName != null ">
				<![CDATA[ AND FILE_NAME = #{fileName,jdbcType=VARCHAR}	]]>
			</if>
			<if test=" fileHash != null ">
				<![CDATA[ AND FILE_HASH = #{fileHash,jdbcType=VARCHAR}	]]>
			</if>
			<if test=" filePath != null ">
				<![CDATA[ AND FILE_PATH = #{filePath,jdbcType=VARCHAR}	]]>
			</if>
			<if test=" state != null ">
				<![CDATA[ AND STATE = #{state,jdbcType=VARCHAR}	]]>
			</if>
		</trim>
	</select>
	
	<!-- 查询条件 -->
	<sql id="Example_Where_Clause">
		<trim prefix="where" prefixOverrides="AND|OR">
			<if test="id != null and id != ''">
				<![CDATA[ AND ID = #{id,jdbcType=VARCHAR} ]]>
			</if>
			<if test="fileName != null and fileName != ''">
				<![CDATA[ AND FILE_NAME = #{fileName,jdbcType=VARCHAR} ]]>
			</if>
			<if test="fileHash != null and fileHash != ''">
				<![CDATA[ AND FILE_HASH = #{fileHash,jdbcType=VARCHAR} ]]>
			</if>
			<if test="filePath != null and filePath != ''">
				<![CDATA[ AND FILE_PATH = #{filePath,jdbcType=VARCHAR} ]]>
			</if>
			<if test="state != null and state != ''">
				<![CDATA[ AND STATE = #{state,jdbcType=VARCHAR} ]]>
			</if>
		</trim>
	</sql>
	
	<!-- 查询总数-->
	<select id="count" parameterType="java.util.Map" resultType="java.lang.Integer">
  		<![CDATA[ select count(1) from t_cm_file_sync 	]]>
  		<include refid="Example_Where_Clause"/>
	</select>
  
  	<!-- 查询列表 -->
  	<select id="list" parameterType="java.util.Map" resultMap="BaseResultMap">
  		<![CDATA[ select 	]]>
		<include refid="Base_Column_List"/>
		<![CDATA[ from t_cm_file_sync 	]]>
		<include refid="Example_Where_Clause"/>
		<include refid="com.clkj.mapper.dao.base.BaseMapper.orderTSql"/>
  	</select>
	<select id="findByHash" parameterType="string" resultMap="BaseResultMap">
		<![CDATA[ select 	]]>
		<include refid="Base_Column_List"/>
		<![CDATA[ from t_cm_file_sync 	]]>
		where
		FILE_HASH = #{hash,jdbcType=VARCHAR}
	</select>
	<select id="listAll" parameterType="string" resultMap="BaseResultMap">
		select * from t_cm_file_sync;
	</select>
</mapper>   
