<?xml version="1.0" encoding="UTF-8"?>
<!DOCTYPE mapper PUBLIC "-//mybatis.org//DTD Mapper 3.0//EN" "http://mybatis.org/dtd/mybatis-3-mapper.dtd" >
<mapper namespace="com.clkj.mapper.dao.cmc.TCmPunishmentInformationSyncMapper" > 
	<!-- Result Map-->
	<resultMap id="BaseResultMap" type="com.clkj.entity.cmc.TCmPunishmentInformationSync">
		<id column="ID" property="id" javaType="String"/>
		<result column="REPORTING_UNIT" property="reportingUnit" javaType="String"/>
		<result column="PUNISHED_NAME" property="punishedName" javaType="String"/>
		<result column="FILL_BLACK_TIME" property="fillBlackTime" javaType="java.util.Date"/>
		<result column="GENDER" property="gender" javaType="String"/>
		<result column="DATE_OF_BIRTH" property="dateOfBirth" javaType="java.util.Date"/>
		<result column="IDENTITY" property="identity" javaType="String"/>
		<result column="DECUMENT_TYPE" property="decumentType" javaType="String"/>
		<result column="IDENTITY_CARD" property="identityCard" javaType="String"/>
		<result column="EDUCATION" property="education" javaType="String"/>
		<result column="POLITICAL_STATUS" property="politicalStatus" javaType="String"/>
		<result column="PUNISH_TYPE" property="punishType" javaType="String"/>
		<result column="PUNISH_ORGAN" property="punishOrgan" javaType="String"/>
		<result column="PUNISH_NAME" property="punishName" javaType="String"/>
		<result column="ORGAN_TYPE" property="organType" javaType="String"/>
		<result column="PUNISHED_DEPARTMENT" property="punishedDepartment" javaType="String"/>
		<result column="PUNISHED_POSITION" property="punishedPosition" javaType="String"/>
		<result column="QUALIFICATIONS" property="qualifications" javaType="String"/>
		<result column="HIREJOB_NUM" property="hirejobNum" javaType="String"/>
		<result column="HIRE_TIME" property="hireTime" javaType="java.util.Date"/>
		<result column="BASIC_FACTS" property="basicFacts" javaType="String"/>
		<result column="EVIDENCE" property="evidence" javaType="String"/>
		<result column="FILL_NAME" property="fillName" javaType="String"/>
		<result column="CONTACT_DETAILS_FILLER" property="contactDetailsFiller" javaType="String"/>
		<result column="DEPARTMENT_CHARGE" property="departmentCharge" javaType="String"/>
		<result column="CONTACT_DETAILS_CHARGER" property="contactDetailsCharger" javaType="String"/>
		<result column="COCHAIN_STATE" property="cochainState" javaType="String"/>
		<result column="REVIEW_TIME" property="reviewTime" javaType="java.util.Date"/>
		<result column="CREATOR" property="creator" javaType="String"/>
		<result column="CREATOR_ID" property="creatorId" javaType="String"/>
		<result column="CREATE_DATE" property="createDate" javaType="java.util.Date"/>
		<result column="MODIFY_PERSON_ID" property="modifyPersonId" javaType="String"/>
		<result column="MODIFY_PERSON" property="modifyPerson" javaType="String"/>
		<result column="MODIFY_DATE" property="modifyDate" javaType="java.util.Date"/>
		<result column="CHAIN_TIME" property="chainTime" javaType="java.util.Date"/>
		<result column="IS_INVALID" property="isInvalid" javaType="String"/>
		<result column="ORG_ID" property="orgId" javaType="String"/>
		<!--加密证件号-->
		<result column="IDENTITY_CARD_HASH" property="identityCardHash" javaType="String"/>
	</resultMap>
       
	<resultMap id="dateResultMap" type="com.clkj.entity.cmc.ov.DateStaticsVO">
		<result column="REPORTING_UNIT" property="reportingUnit" javaType="String"/>
		<result column="PUNISHED_NAME" property="punishedName" javaType="String"/>
		<result column="FILL_BLACK_TIME" property="fillBlackTime" javaType="java.util.Date"/>
		<result column="GENDER" property="gender" javaType="String"/>
		<result column="IDENTITY" property="identity" javaType="String"/>
		<result column="DECUMENT_TYPE" property="decumentType" javaType="String"/>
		<result column="EDUCATION" property="education" javaType="String"/>
		<result column="POLITICAL_STATUS" property="politicalStatus" javaType="String"/>
		<result column="PUNISH_TYPE" property="punishType" javaType="String"/>
		<result column="PUNISH_ORGAN" property="punishOrgan" javaType="String"/>
		<result column="PUNISH_NAME" property="punishName" javaType="String"/>
		<result column="ORGAN_TYPE" property="organType" javaType="String"/>
		<result column="PUNISHED_DEPARTMENT" property="punishedDepartment" javaType="String"/>
		<result column="PUNISHED_POSITION" property="punishedPosition" javaType="String"/>
		<result column="QUALIFICATIONS" property="qualifications" javaType="String"/>
		<result column="BASIC_FACTS" property="basicFacts" javaType="String"/>
		<result column="EVIDENCE" property="evidence" javaType="String"/>
		<result column="PUNISHMENT_REDULT" property="punishmentRedult" javaType="String"/>
		<result column="PUNISHMENT_TYPE" property="punishmentType" javaType="String"/>
		<result column="cou" property="cou" javaType="Integer"/>
	</resultMap>
       
	<!-- 黑名单 -->
	<sql id="Base_Column_List" >
		ID ,REPORTING_UNIT ,PUNISHED_NAME ,FILL_BLACK_TIME ,GENDER ,DATE_OF_BIRTH ,IDENTITY ,DECUMENT_TYPE ,IDENTITY_CARD ,EDUCATION ,POLITICAL_STATUS ,PUNISH_TYPE ,PUNISH_ORGAN ,PUNISH_NAME ,ORGAN_TYPE ,PUNISHED_DEPARTMENT ,PUNISHED_POSITION ,QUALIFICATIONS ,HIREJOB_NUM ,HIRE_TIME ,BASIC_FACTS ,EVIDENCE ,FILL_NAME ,CONTACT_DETAILS_FILLER ,DEPARTMENT_CHARGE ,CONTACT_DETAILS_CHARGER ,COCHAIN_STATE ,REVIEW_TIME ,CREATOR ,CREATOR_ID ,CREATE_DATE ,MODIFY_PERSON_ID ,MODIFY_PERSON ,MODIFY_DATE ,CHAIN_TIME,ORG_ID
	</sql>

	<!-- 黑名单 -->
	<sql id="Base_Column_List_NEW" >
		ID ,REPORTING_UNIT ,PUNISHED_NAME ,FILL_BLACK_TIME ,GENDER ,DATE_OF_BIRTH ,IDENTITY ,DECUMENT_TYPE ,IDENTITY_CARD ,EDUCATION ,POLITICAL_STATUS ,PUNISH_TYPE ,PUNISH_ORGAN ,PUNISH_NAME ,ORGAN_TYPE ,PUNISHED_DEPARTMENT ,PUNISHED_POSITION ,QUALIFICATIONS ,HIREJOB_NUM ,HIRE_TIME ,BASIC_FACTS ,EVIDENCE ,FILL_NAME ,CONTACT_DETAILS_FILLER ,DEPARTMENT_CHARGE ,CONTACT_DETAILS_CHARGER ,COCHAIN_STATE ,REVIEW_TIME ,CREATOR ,CREATOR_ID ,CREATE_DATE ,MODIFY_PERSON_ID ,MODIFY_PERSON ,MODIFY_DATE ,CHAIN_TIME ,IS_INVALID,ORG_ID
	</sql>
	
	<!-- 插入记录 -->
	<insert id="insert" parameterType="com.clkj.entity.cmc.TCmPunishmentInformationSync" >
		<![CDATA[ insert into t_cm_punishment_information_sync ( ]]>
		<include refid="Base_Column_List_NEW"/>
		<![CDATA[  ) values ( 
			#{id,jdbcType=VARCHAR},
			#{reportingUnit,jdbcType=VARCHAR},
			#{punishedName,jdbcType=VARCHAR},
			#{fillBlackTime,jdbcType=TIMESTAMP},
			#{gender,jdbcType=VARCHAR},
			#{dateOfBirth,jdbcType=TIMESTAMP},
			#{identity,jdbcType=VARCHAR},
			#{decumentType,jdbcType=VARCHAR},
			#{identityCard,jdbcType=VARCHAR},
			#{education,jdbcType=VARCHAR},
			#{politicalStatus,jdbcType=VARCHAR},
			#{punishType,jdbcType=VARCHAR},
			#{punishOrgan,jdbcType=VARCHAR},
			#{punishName,jdbcType=VARCHAR},
			#{organType,jdbcType=VARCHAR},
			#{punishedDepartment,jdbcType=VARCHAR},
			#{punishedPosition,jdbcType=VARCHAR},
			#{qualifications,jdbcType=VARCHAR},
			#{hirejobNum,jdbcType=VARCHAR},
			#{hireTime,jdbcType=TIMESTAMP},
			#{basicFacts,jdbcType=VARCHAR},
			#{evidence,jdbcType=VARCHAR},
			#{fillName,jdbcType=VARCHAR},
			#{contactDetailsFiller,jdbcType=VARCHAR},
			#{departmentCharge,jdbcType=VARCHAR},
			#{contactDetailsCharger,jdbcType=VARCHAR},
			#{cochainState,jdbcType=VARCHAR},
			#{reviewTime,jdbcType=TIMESTAMP},
			#{creator,jdbcType=VARCHAR},
			#{creatorId,jdbcType=VARCHAR},
			#{createDate,jdbcType=TIMESTAMP},
			#{modifyPersonId,jdbcType=VARCHAR},
			#{modifyPerson,jdbcType=VARCHAR},
			#{modifyDate,jdbcType=TIMESTAMP},
			#{chainTime,jdbcType=TIMESTAMP},
			#{isInvalid,jdbcType=VARCHAR},
			#{orgId,jdbcType=VARCHAR}
		 ) ]]>
	</insert>
	
	<!-- 批量插入 -->
	<insert id="batchInsert" parameterType="java.util.List" >
		<![CDATA[ insert into t_cm_punishment_information_sync ( ]]>
		<include refid="Base_Column_List"/>
		<![CDATA[ ) values ]]>
			<foreach collection="list" item="it" separator=",">
			<![CDATA[ (
				#{it.id,jdbcType=VARCHAR},
				#{it.reportingUnit,jdbcType=VARCHAR},
				#{it.punishedName,jdbcType=VARCHAR},
				#{it.fillBlackTime,jdbcType=TIMESTAMP},
				#{it.gender,jdbcType=VARCHAR},
				#{it.dateOfBirth,jdbcType=TIMESTAMP},
				#{it.identity,jdbcType=VARCHAR},
				#{it.decumentType,jdbcType=VARCHAR},
				#{it.identityCard,jdbcType=VARCHAR},
				#{it.education,jdbcType=VARCHAR},
				#{it.politicalStatus,jdbcType=VARCHAR},
				#{it.punishType,jdbcType=VARCHAR},
				#{it.punishOrgan,jdbcType=VARCHAR},
				#{it.punishName,jdbcType=VARCHAR},
				#{it.organType,jdbcType=VARCHAR},
				#{it.punishedDepartment,jdbcType=VARCHAR},
				#{it.punishedPosition,jdbcType=VARCHAR},
				#{it.qualifications,jdbcType=VARCHAR},
				#{it.hirejobNum,jdbcType=VARCHAR},
				#{it.hireTime,jdbcType=TIMESTAMP},
				#{it.basicFacts,jdbcType=VARCHAR},
				#{it.evidence,jdbcType=VARCHAR},
				#{it.fillName,jdbcType=VARCHAR},
				#{it.contactDetailsFiller,jdbcType=VARCHAR},
				#{it.departmentCharge,jdbcType=VARCHAR},
				#{it.contactDetailsCharger,jdbcType=VARCHAR},
				#{it.cochainState,jdbcType=VARCHAR},
				#{it.reviewTime,jdbcType=TIMESTAMP},
				#{it.creator,jdbcType=VARCHAR},
				#{it.creatorId,jdbcType=VARCHAR},
				#{it.createDate,jdbcType=TIMESTAMP},
				#{it.modifyPersonId,jdbcType=VARCHAR},
				#{it.modifyPerson,jdbcType=VARCHAR},
				#{it.modifyDate,jdbcType=TIMESTAMP},
				#{it.chainTime,jdbcType=TIMESTAMP}
				#{it.orgId,jdbcType=TIMESTAMP}
			) ]]>
		</foreach>
	</insert>
	
	<!-- 物理删除：通过主键ID单条删除 -->
	<delete id="deleteByPrimaryKey" parameterType="com.clkj.entity.cmc.TCmPunishmentInformationSync">
	    <![CDATA[ delete from t_cm_punishment_information_sync  ]]>
	    <trim prefix="where" prefixOverrides="AND|OR">
			<![CDATA[ AND ID = #{id,jdbcType=VARCHAR}	]]>
	    </trim>
  	</delete>
  	
  	<!-- 物理删除：通过主键ID批量删除 -->
	<delete id="batchDeleteByPrimaryKey" parameterType="java.util.List" >
	    <![CDATA[ delete from t_cm_punishment_information_sync  ]]>
	    <trim prefix="where" prefixOverrides="AND|OR">
	    	<foreach collection="list" item="it" separator=" OR " open="(" close=")" >
	    		<trim prefixOverrides="AND|OR">
					<![CDATA[ AND ID = #{it.id,jdbcType=VARCHAR}	]]>
	    		</trim>
	    	</foreach>
	    </trim>
  	</delete>
  	
  	<!-- 根据id，属性值全量更新数据记录--> 
  	<update id="updateByPrimaryKey" parameterType="com.clkj.entity.cmc.TCmPunishmentInformationSync" >
		<![CDATA[ update t_cm_punishment_information_sync ]]>
		<trim prefix="set" suffixOverrides=",">
			<![CDATA[ REPORTING_UNIT = #{reportingUnit,jdbcType=VARCHAR},	]]>
			<![CDATA[ PUNISHED_NAME = #{punishedName,jdbcType=VARCHAR},	]]>
			<![CDATA[ FILL_BLACK_TIME = #{fillBlackTime,jdbcType=TIMESTAMP},	]]>
			<![CDATA[ GENDER = #{gender,jdbcType=VARCHAR},	]]>
			<![CDATA[ DATE_OF_BIRTH = #{dateOfBirth,jdbcType=TIMESTAMP},	]]>
			<![CDATA[ IDENTITY = #{identity,jdbcType=VARCHAR},	]]>
			<![CDATA[ DECUMENT_TYPE = #{decumentType,jdbcType=VARCHAR},	]]>
			<![CDATA[ IDENTITY_CARD = #{identityCard,jdbcType=VARCHAR},	]]>
			<![CDATA[ EDUCATION = #{education,jdbcType=VARCHAR},	]]>
			<![CDATA[ POLITICAL_STATUS = #{politicalStatus,jdbcType=VARCHAR},	]]>
			<![CDATA[ PUNISH_TYPE = #{punishType,jdbcType=VARCHAR},	]]>
			<![CDATA[ PUNISH_ORGAN = #{punishOrgan,jdbcType=VARCHAR},	]]>
			<![CDATA[ PUNISH_NAME = #{punishName,jdbcType=VARCHAR},	]]>
			<![CDATA[ ORGAN_TYPE = #{organType,jdbcType=VARCHAR},	]]>
			<![CDATA[ PUNISHED_DEPARTMENT = #{punishedDepartment,jdbcType=VARCHAR},	]]>
			<![CDATA[ PUNISHED_POSITION = #{punishedPosition,jdbcType=VARCHAR},	]]>
			<![CDATA[ QUALIFICATIONS = #{qualifications,jdbcType=VARCHAR},	]]>
			<![CDATA[ HIREJOB_NUM = #{hirejobNum,jdbcType=VARCHAR},	]]>
			<![CDATA[ HIRE_TIME = #{hireTime,jdbcType=TIMESTAMP},	]]>
			<![CDATA[ BASIC_FACTS = #{basicFacts,jdbcType=VARCHAR},	]]>
			<![CDATA[ EVIDENCE = #{evidence,jdbcType=VARCHAR},	]]>
			<![CDATA[ FILL_NAME = #{fillName,jdbcType=VARCHAR},	]]>
			<![CDATA[ CONTACT_DETAILS_FILLER = #{contactDetailsFiller,jdbcType=VARCHAR},	]]>
			<![CDATA[ DEPARTMENT_CHARGE = #{departmentCharge,jdbcType=VARCHAR},	]]>
			<![CDATA[ CONTACT_DETAILS_CHARGER = #{contactDetailsCharger,jdbcType=VARCHAR},	]]>
			<![CDATA[ COCHAIN_STATE = #{cochainState,jdbcType=VARCHAR},	]]>
			<![CDATA[ REVIEW_TIME = #{reviewTime,jdbcType=TIMESTAMP},	]]>
			<![CDATA[ CREATOR = #{creator,jdbcType=VARCHAR},	]]>
			<![CDATA[ CREATOR_ID = #{creatorId,jdbcType=VARCHAR},	]]>
			<![CDATA[ CREATE_DATE = #{createDate,jdbcType=TIMESTAMP},	]]>
			<![CDATA[ MODIFY_PERSON_ID = #{modifyPersonId,jdbcType=VARCHAR},	]]>
			<![CDATA[ MODIFY_PERSON = #{modifyPerson,jdbcType=VARCHAR},	]]>
			<![CDATA[ MODIFY_DATE = #{modifyDate,jdbcType=TIMESTAMP},	]]>
			<![CDATA[ CHAIN_TIME = #{chainTime,jdbcType=TIMESTAMP},	]]>
			<![CDATA[ IS_INVALID = #{isInvalid,jdbcType=VARCHAR},	]]>
			<![CDATA[ ORG_ID = #{orgId,jdbcType=VARCHAR},	]]>
		</trim>
		<trim prefix="where" prefixOverrides="AND|OR">
			<![CDATA[ AND ID = #{id,jdbcType=VARCHAR}	]]>
		</trim>
	</update>
   
	<!-- 根据id，更新属性值为非NULL的数据记录--> 
  	<update id="updateByPrimaryKeySelective" parameterType="com.clkj.entity.cmc.TCmPunishmentInformationSync" >
		<![CDATA[ update t_cm_punishment_information_sync ]]>
		<trim prefix="set" suffixOverrides=",">
			<if test=" reportingUnit != null ">
				<![CDATA[ REPORTING_UNIT = #{reportingUnit,jdbcType=VARCHAR},	]]>
			</if>
			<if test=" punishedName != null ">
				<![CDATA[ PUNISHED_NAME = #{punishedName,jdbcType=VARCHAR},	]]>
			</if>
			<if test=" fillBlackTime != null ">
				<![CDATA[ FILL_BLACK_TIME = #{fillBlackTime,jdbcType=TIMESTAMP},	]]>
			</if>
			<if test=" gender != null ">
				<![CDATA[ GENDER = #{gender,jdbcType=VARCHAR},	]]>
			</if>
			<if test=" dateOfBirth != null ">
				<![CDATA[ DATE_OF_BIRTH = #{dateOfBirth,jdbcType=TIMESTAMP},	]]>
			</if>
			<if test=" identity != null ">
				<![CDATA[ IDENTITY = #{identity,jdbcType=VARCHAR},	]]>
			</if>
			<if test=" decumentType != null ">
				<![CDATA[ DECUMENT_TYPE = #{decumentType,jdbcType=VARCHAR},	]]>
			</if>
			<if test=" identityCard != null ">
				<![CDATA[ IDENTITY_CARD = #{identityCard,jdbcType=VARCHAR},	]]>
			</if>
			<if test=" education != null ">
				<![CDATA[ EDUCATION = #{education,jdbcType=VARCHAR},	]]>
			</if>
			<if test=" politicalStatus != null ">
				<![CDATA[ POLITICAL_STATUS = #{politicalStatus,jdbcType=VARCHAR},	]]>
			</if>
			<if test=" punishType != null ">
				<![CDATA[ PUNISH_TYPE = #{punishType,jdbcType=VARCHAR},	]]>
			</if>
			<if test=" punishOrgan != null ">
				<![CDATA[ PUNISH_ORGAN = #{punishOrgan,jdbcType=VARCHAR},	]]>
			</if>
			<if test=" punishName != null ">
				<![CDATA[ PUNISH_NAME = #{punishName,jdbcType=VARCHAR},	]]>
			</if>
			<if test=" organType != null ">
				<![CDATA[ ORGAN_TYPE = #{organType,jdbcType=VARCHAR},	]]>
			</if>
			<if test=" punishedDepartment != null ">
				<![CDATA[ PUNISHED_DEPARTMENT = #{punishedDepartment,jdbcType=VARCHAR},	]]>
			</if>
			<if test=" punishedPosition != null ">
				<![CDATA[ PUNISHED_POSITION = #{punishedPosition,jdbcType=VARCHAR},	]]>
			</if>
			<if test=" qualifications != null ">
				<![CDATA[ QUALIFICATIONS = #{qualifications,jdbcType=VARCHAR},	]]>
			</if>
			<if test=" hirejobNum != null ">
				<![CDATA[ HIREJOB_NUM = #{hirejobNum,jdbcType=VARCHAR},	]]>
			</if>
			<if test=" hireTime != null ">
				<![CDATA[ HIRE_TIME = #{hireTime,jdbcType=TIMESTAMP},	]]>
			</if>
			<if test=" basicFacts != null ">
				<![CDATA[ BASIC_FACTS = #{basicFacts,jdbcType=VARCHAR},	]]>
			</if>
			<if test=" evidence != null ">
				<![CDATA[ EVIDENCE = #{evidence,jdbcType=VARCHAR},	]]>
			</if>
			<if test=" fillName != null ">
				<![CDATA[ FILL_NAME = #{fillName,jdbcType=VARCHAR},	]]>
			</if>
			<if test=" contactDetailsFiller != null ">
				<![CDATA[ CONTACT_DETAILS_FILLER = #{contactDetailsFiller,jdbcType=VARCHAR},	]]>
			</if>
			<if test=" departmentCharge != null ">
				<![CDATA[ DEPARTMENT_CHARGE = #{departmentCharge,jdbcType=VARCHAR},	]]>
			</if>
			<if test=" contactDetailsCharger != null ">
				<![CDATA[ CONTACT_DETAILS_CHARGER = #{contactDetailsCharger,jdbcType=VARCHAR},	]]>
			</if>
			<if test=" cochainState != null ">
				<![CDATA[ COCHAIN_STATE = #{cochainState,jdbcType=VARCHAR},	]]>
			</if>
			<if test=" reviewTime != null ">
				<![CDATA[ REVIEW_TIME = #{reviewTime,jdbcType=TIMESTAMP},	]]>
			</if>
			<if test=" creator != null ">
				<![CDATA[ CREATOR = #{creator,jdbcType=VARCHAR},	]]>
			</if>
			<if test=" creatorId != null ">
				<![CDATA[ CREATOR_ID = #{creatorId,jdbcType=VARCHAR},	]]>
			</if>
			<if test=" createDate != null ">
				<![CDATA[ CREATE_DATE = #{createDate,jdbcType=TIMESTAMP},	]]>
			</if>
			<if test=" modifyPersonId != null ">
				<![CDATA[ MODIFY_PERSON_ID = #{modifyPersonId,jdbcType=VARCHAR},	]]>
			</if>
			<if test=" modifyPerson != null ">
				<![CDATA[ MODIFY_PERSON = #{modifyPerson,jdbcType=VARCHAR},	]]>
			</if>
			<if test=" modifyDate != null ">
				<![CDATA[ MODIFY_DATE = #{modifyDate,jdbcType=TIMESTAMP},	]]>
			</if>
			<if test=" chainTime != null ">
				<![CDATA[ CHAIN_TIME = #{chainTime,jdbcType=TIMESTAMP},	]]>
			</if>
		</trim>
		<trim prefix="where" prefixOverrides="AND|OR">
			<![CDATA[ AND ID = #{id,jdbcType=VARCHAR}	]]>
		</trim>
	</update>
	
	<!-- 根据id查询 -->
	<select id="selectByPrimaryKey" resultMap="BaseResultMap" parameterType="com.clkj.entity.cmc.TCmPunishmentInformationSync">
		<![CDATA[ select ]]><include refid="Base_Column_List"/><![CDATA[ from t_cm_punishment_information_sync ]]>
		<trim prefix="where" prefixOverrides="AND|OR">
			<![CDATA[ AND ID = #{id,jdbcType=VARCHAR}	]]>
		</trim>
	</select>
	
	<!-- 存在校验查询 -->
	<select id="checkExsit" resultType="java.lang.Integer" parameterType="com.clkj.entity.cmc.TCmPunishmentInformationSync">
		<![CDATA[ select count(1) num from t_cm_punishment_information_sync ]]>
		<trim prefix="where" prefixOverrides="AND|OR">
			<if test=" id != null ">
				<![CDATA[ AND ID != #{id,jdbcType=VARCHAR}	]]>
			</if>
			<if test=" reportingUnit != null ">
				<![CDATA[ AND REPORTING_UNIT = #{reportingUnit,jdbcType=VARCHAR}	]]>
			</if>
			<if test=" punishedName != null ">
				<![CDATA[ AND PUNISHED_NAME = #{punishedName,jdbcType=VARCHAR}	]]>
			</if>
			<if test=" fillBlackTime != null ">
				<![CDATA[ AND FILL_BLACK_TIME = #{fillBlackTime,jdbcType=TIMESTAMP}	]]>
			</if>
			<if test=" gender != null ">
				<![CDATA[ AND GENDER = #{gender,jdbcType=VARCHAR}	]]>
			</if>
			<if test=" dateOfBirth != null ">
				<![CDATA[ AND DATE_OF_BIRTH = #{dateOfBirth,jdbcType=TIMESTAMP}	]]>
			</if>
			<if test=" identity != null ">
				<![CDATA[ AND IDENTITY = #{identity,jdbcType=VARCHAR}	]]>
			</if>
			<if test=" decumentType != null ">
				<![CDATA[ AND DECUMENT_TYPE = #{decumentType,jdbcType=VARCHAR}	]]>
			</if>
			<if test=" identityCard != null ">
				<![CDATA[ AND IDENTITY_CARD = #{identityCard,jdbcType=VARCHAR}	]]>
			</if>
			<if test=" education != null ">
				<![CDATA[ AND EDUCATION = #{education,jdbcType=VARCHAR}	]]>
			</if>
			<if test=" politicalStatus != null ">
				<![CDATA[ AND POLITICAL_STATUS = #{politicalStatus,jdbcType=VARCHAR}	]]>
			</if>
			<if test=" punishType != null ">
				<![CDATA[ AND PUNISH_TYPE = #{punishType,jdbcType=VARCHAR}	]]>
			</if>
			<if test=" punishOrgan != null ">
				<![CDATA[ AND PUNISH_ORGAN = #{punishOrgan,jdbcType=VARCHAR}	]]>
			</if>
			<if test=" punishName != null ">
				<![CDATA[ AND PUNISH_NAME = #{punishName,jdbcType=VARCHAR}	]]>
			</if>
			<if test=" organType != null ">
				<![CDATA[ AND ORGAN_TYPE = #{organType,jdbcType=VARCHAR}	]]>
			</if>
			<if test=" punishedDepartment != null ">
				<![CDATA[ AND PUNISHED_DEPARTMENT = #{punishedDepartment,jdbcType=VARCHAR}	]]>
			</if>
			<if test=" punishedPosition != null ">
				<![CDATA[ AND PUNISHED_POSITION = #{punishedPosition,jdbcType=VARCHAR}	]]>
			</if>
			<if test=" qualifications != null ">
				<![CDATA[ AND QUALIFICATIONS = #{qualifications,jdbcType=VARCHAR}	]]>
			</if>
			<if test=" hirejobNum != null ">
				<![CDATA[ AND HIREJOB_NUM = #{hirejobNum,jdbcType=VARCHAR}	]]>
			</if>
			<if test=" hireTime != null ">
				<![CDATA[ AND HIRE_TIME = #{hireTime,jdbcType=TIMESTAMP}	]]>
			</if>
			<if test=" basicFacts != null ">
				<![CDATA[ AND BASIC_FACTS = #{basicFacts,jdbcType=VARCHAR}	]]>
			</if>
			<if test=" evidence != null ">
				<![CDATA[ AND EVIDENCE = #{evidence,jdbcType=VARCHAR}	]]>
			</if>
			<if test=" fillName != null ">
				<![CDATA[ AND FILL_NAME = #{fillName,jdbcType=VARCHAR}	]]>
			</if>
			<if test=" contactDetailsFiller != null ">
				<![CDATA[ AND CONTACT_DETAILS_FILLER = #{contactDetailsFiller,jdbcType=VARCHAR}	]]>
			</if>
			<if test=" departmentCharge != null ">
				<![CDATA[ AND DEPARTMENT_CHARGE = #{departmentCharge,jdbcType=VARCHAR}	]]>
			</if>
			<if test=" contactDetailsCharger != null ">
				<![CDATA[ AND CONTACT_DETAILS_CHARGER = #{contactDetailsCharger,jdbcType=VARCHAR}	]]>
			</if>
			<if test=" cochainState != null ">
				<![CDATA[ AND COCHAIN_STATE = #{cochainState,jdbcType=VARCHAR}	]]>
			</if>
			<if test=" reviewTime != null ">
				<![CDATA[ AND REVIEW_TIME = #{reviewTime,jdbcType=TIMESTAMP}	]]>
			</if>
			<if test=" creator != null ">
				<![CDATA[ AND CREATOR = #{creator,jdbcType=VARCHAR}	]]>
			</if>
			<if test=" creatorId != null ">
				<![CDATA[ AND CREATOR_ID = #{creatorId,jdbcType=VARCHAR}	]]>
			</if>
			<if test=" createDate != null ">
				<![CDATA[ AND CREATE_DATE = #{createDate,jdbcType=TIMESTAMP}	]]>
			</if>
			<if test=" modifyPersonId != null ">
				<![CDATA[ AND MODIFY_PERSON_ID = #{modifyPersonId,jdbcType=VARCHAR}	]]>
			</if>
			<if test=" modifyPerson != null ">
				<![CDATA[ AND MODIFY_PERSON = #{modifyPerson,jdbcType=VARCHAR}	]]>
			</if>
			<if test=" modifyDate != null ">
				<![CDATA[ AND MODIFY_DATE = #{modifyDate,jdbcType=TIMESTAMP}	]]>
			</if>
			<if test=" chainTime != null ">
				<![CDATA[ AND CHAIN_TIME = #{chainTime,jdbcType=TIMESTAMP}	]]>
			</if>
		</trim>
	</select>
	
	<!-- 查询条件 -->
	<sql id="Example_Where_Clause">
		<trim prefix="where" prefixOverrides="AND|OR">
			<if test="id != null and id != ''">
				<![CDATA[ AND ID = #{id,jdbcType=VARCHAR} ]]>
			</if>
			<if test="reportingUnit != null and reportingUnit != ''">
				<![CDATA[ AND REPORTING_UNIT = #{reportingUnit,jdbcType=VARCHAR} ]]>
			</if>
			<if test="punishedName != null and punishedName != ''">
				<![CDATA[ AND PUNISHED_NAME = #{punishedName,jdbcType=VARCHAR} ]]>
			</if>
			<if test="fillBlackTimeStart != null and fillBlackTimeStart != ''">
				<![CDATA[ AND FILL_BLACK_TIME >= #{fillBlackTimeStart,jdbcType=VARCHAR} ]]>
			</if>
			<if test="fillBlackTimeEnd != null and fillBlackTimeEnd != ''">
				<![CDATA[ AND FILL_BLACK_TIME < #{fillBlackTimeEnd,jdbcType=VARCHAR} ]]>
			</if>
			<if test="gender != null and gender != ''">
				<![CDATA[ AND GENDER = #{gender,jdbcType=VARCHAR} ]]>
			</if>
			<if test="dateOfBirthStart != null and dateOfBirthStart != ''">
				<![CDATA[ AND DATE_OF_BIRTH >= #{dateOfBirthStart,jdbcType=VARCHAR} ]]>
			</if>
			<if test="dateOfBirthEnd != null and dateOfBirthEnd != ''">
				<![CDATA[ AND DATE_OF_BIRTH < #{dateOfBirthEnd,jdbcType=VARCHAR} ]]>
			</if>
			<if test="identity != null and identity != ''">
				<![CDATA[ AND IDENTITY = #{identity,jdbcType=VARCHAR} ]]>
			</if>
			<if test="decumentType != null and decumentType != ''">
				<![CDATA[ AND DECUMENT_TYPE = #{decumentType,jdbcType=VARCHAR} ]]>
			</if>
			<if test="identityCard != null and identityCard != ''">
				<![CDATA[ AND IDENTITY_CARD = #{identityCard,jdbcType=VARCHAR} ]]>
			</if>
			<if test="education != null and education != ''">
				<![CDATA[ AND EDUCATION = #{education,jdbcType=VARCHAR} ]]>
			</if>
			<if test="politicalStatus != null and politicalStatus != ''">
				<![CDATA[ AND POLITICAL_STATUS = #{politicalStatus,jdbcType=VARCHAR} ]]>
			</if>
			<if test="punishType != null and punishType != ''">
				<![CDATA[ AND PUNISH_TYPE = #{punishType,jdbcType=VARCHAR} ]]>
			</if>
			<if test="punishOrgan != null and punishOrgan != ''">
				<![CDATA[ AND PUNISH_ORGAN = #{punishOrgan,jdbcType=VARCHAR} ]]>
			</if>
			<if test="punishName != null and punishName != ''">
				<![CDATA[ AND PUNISH_NAME = #{punishName,jdbcType=VARCHAR} ]]>
			</if>
			<if test="organType != null and organType != ''">
				<![CDATA[ AND ORGAN_TYPE = #{organType,jdbcType=VARCHAR} ]]>
			</if>
			<if test="punishedDepartment != null and punishedDepartment != ''">
				<![CDATA[ AND PUNISHED_DEPARTMENT = #{punishedDepartment,jdbcType=VARCHAR} ]]>
			</if>
			<if test="punishedPosition != null and punishedPosition != ''">
				<![CDATA[ AND PUNISHED_POSITION = #{punishedPosition,jdbcType=VARCHAR} ]]>
			</if>
			<if test="qualifications != null and qualifications != ''">
				<![CDATA[ AND QUALIFICATIONS = #{qualifications,jdbcType=VARCHAR} ]]>
			</if>
			<if test="hirejobNum != null and hirejobNum != ''">
				<![CDATA[ AND HIREJOB_NUM = #{hirejobNum,jdbcType=VARCHAR} ]]>
			</if>
			<if test="hireTimeStart != null and hireTimeStart != ''">
				<![CDATA[ AND HIRE_TIME >= #{hireTimeStart,jdbcType=VARCHAR} ]]>
			</if>
			<if test="hireTimeEnd != null and hireTimeEnd != ''">
				<![CDATA[ AND HIRE_TIME < #{hireTimeEnd,jdbcType=VARCHAR} ]]>
			</if>
			<if test="basicFacts != null and basicFacts != ''">
				<![CDATA[ AND BASIC_FACTS = #{basicFacts,jdbcType=VARCHAR} ]]>
			</if>
			<if test="evidence != null and evidence != ''">
				<![CDATA[ AND EVIDENCE = #{evidence,jdbcType=VARCHAR} ]]>
			</if>
			<if test="fillName != null and fillName != ''">
				<![CDATA[ AND FILL_NAME = #{fillName,jdbcType=VARCHAR} ]]>
			</if>
			<if test="contactDetailsFiller != null and contactDetailsFiller != ''">
				<![CDATA[ AND CONTACT_DETAILS_FILLER = #{contactDetailsFiller,jdbcType=VARCHAR} ]]>
			</if>
			<if test="departmentCharge != null and departmentCharge != ''">
				<![CDATA[ AND DEPARTMENT_CHARGE = #{departmentCharge,jdbcType=VARCHAR} ]]>
			</if>
			<if test="contactDetailsCharger != null and contactDetailsCharger != ''">
				<![CDATA[ AND CONTACT_DETAILS_CHARGER = #{contactDetailsCharger,jdbcType=VARCHAR} ]]>
			</if>
			<if test="cochainState != null and cochainState != ''">
				<![CDATA[ AND COCHAIN_STATE = #{cochainState,jdbcType=VARCHAR} ]]>
			</if>
			<if test="reviewTimeStart != null and reviewTimeStart != ''">
				<![CDATA[ AND REVIEW_TIME >= #{reviewTimeStart,jdbcType=VARCHAR} ]]>
			</if>
			<if test="reviewTimeEnd != null and reviewTimeEnd != ''">
				<![CDATA[ AND REVIEW_TIME < #{reviewTimeEnd,jdbcType=VARCHAR} ]]>
			</if>
			<if test="creator != null and creator != ''">
				<![CDATA[ AND CREATOR = #{creator,jdbcType=VARCHAR} ]]>
			</if>
			<if test="creatorId != null and creatorId != ''">
				<![CDATA[ AND CREATOR_ID = #{creatorId,jdbcType=VARCHAR} ]]>
			</if>
			<if test="createDateStart != null and createDateStart != ''">
				<![CDATA[ AND CREATE_DATE >= #{createDateStart,jdbcType=VARCHAR} ]]>
			</if>
			<if test="createDateEnd != null and createDateEnd != ''">
				<![CDATA[ AND CREATE_DATE < #{createDateEnd,jdbcType=VARCHAR} ]]>
			</if>
			<if test="modifyPersonId != null and modifyPersonId != ''">
				<![CDATA[ AND MODIFY_PERSON_ID = #{modifyPersonId,jdbcType=VARCHAR} ]]>
			</if>
			<if test="modifyPerson != null and modifyPerson != ''">
				<![CDATA[ AND MODIFY_PERSON = #{modifyPerson,jdbcType=VARCHAR} ]]>
			</if>
			<if test="modifyDateStart != null and modifyDateStart != ''">
				<![CDATA[ AND MODIFY_DATE >= #{modifyDateStart,jdbcType=VARCHAR} ]]>
			</if>
			<if test="modifyDateEnd != null and modifyDateEnd != ''">
				<![CDATA[ AND MODIFY_DATE < #{modifyDateEnd,jdbcType=VARCHAR} ]]>
			</if>
			<if test="chainTimeStart != null and chainTimeStart != ''">
				<![CDATA[ AND CHAIN_TIME >= #{chainTimeStart,jdbcType=VARCHAR} ]]>
			</if>
			<if test="chainTimeEnd != null and chainTimeEnd != ''">
				<![CDATA[ AND CHAIN_TIME < #{chainTimeEnd,jdbcType=VARCHAR} ]]>
			</if>
			<if test="isInvalid != null and isInvalid != ''">
				<![CDATA[ AND IS_INVALID = #{isInvalid,jdbcType=VARCHAR} ]]>
			</if>
			<if test="orgId != null and orgId != ''">
				<![CDATA[ AND ORG_ID = #{orgId,jdbcType=VARCHAR} ]]>
			</if>
			<if test="orgListName != null and orgListName.size >0">
				<foreach collection="orgListName" item="it" separator=" OR " open="(" close=")" >
						<![CDATA[ AND REPORTING_UNIT = #{it,jdbcType=VARCHAR}	]]>
				</foreach>

			</if>
		</trim>
	</sql>

	<!-- 查询分组统计总数-->
	<select id="countOfGroup" parameterType="java.util.Map" resultType="java.lang.Integer">
  		select count(0) from
  		(select
  		count(0) c
  		from t_cm_punishment_information_sync t1 left join
  		t_cm_punishment_record_sync t2 on t1.ID = t2.PUNISHMENT_IMFORMATION_ID
  		<include refid="Example_Where_Group"/>
  		group by
  		<include refid="groupOfDate"/>) a
	</select>

	<!-- 查询总数-->
	<select id="getCount" parameterType="java.util.Map" resultType="java.lang.Integer">
		select count(1) from t_cm_punishment_information_sync
		<trim prefix="where" prefixOverrides="AND|OR">
			<if test="isInvalid != null and isInvalid != ''">
				<![CDATA[ AND IS_INVALID = #{isInvalid,jdbcType=VARCHAR} ]]>
			</if>
			<if test="punishedName != null and punishedName != ''">
				<![CDATA[ AND PUNISHED_NAME = #{punishedName,jdbcType=VARCHAR} ]]>
			</if>
			<if test="identityCard != null and identityCard != ''">
				<![CDATA[ AND IDENTITY_CARD = #{identityCard,jdbcType=VARCHAR} ]]>
			</if>
			<if test="orgListName != null and orgListName.size >0">
				AND REPORTING_UNIT in
				<foreach collection="orgListName" item="item" separator="," open="(" close=")">
						#{item,jdbcType=VARCHAR}
				</foreach>
			</if>
		</trim>
	</select>

	<!-- 查询总数-->
	<select id="count" parameterType="java.util.Map" resultType="java.lang.Integer">
		select count(1) from t_cm_punishment_information_sync
		<include refid="Example_Where_Clause"/>
	</select>

	<!-- 查询列表 -->
	<select id="list" parameterType="java.util.Map" resultMap="BaseResultMap">
		<![CDATA[ select 	]]>
		<include refid="Base_Column_List_NEW"/>
		<![CDATA[ from t_cm_punishment_information_sync 	]]>
		<include refid="Example_Where_Clause"/>
		<![CDATA[ order by CHAIN_TIME desc 	]]>
	</select>

  	<!-- 查询列表 -->
  	<select id="getList" parameterType="java.util.Map" resultMap="BaseResultMap">
  		<![CDATA[ select 	]]>
		<include refid="Base_Column_List_NEW"/>
		<![CDATA[ from t_cm_punishment_information_sync 	]]>
		<trim prefix="where" prefixOverrides="AND|OR">
			<if test="isInvalid != null and isInvalid != ''">
				<![CDATA[ AND IS_INVALID = #{isInvalid,jdbcType=VARCHAR} ]]>
			</if>
			<if test="punishedName != null and punishedName != ''">
				<![CDATA[ AND PUNISHED_NAME = #{punishedName,jdbcType=VARCHAR} ]]>
			</if>
			<if test="identityCard != null and identityCard != ''">
				<![CDATA[ AND IDENTITY_CARD = #{identityCard,jdbcType=VARCHAR} ]]>
			</if>
			<if test="orgListName != null and orgListName.size >0">
				AND REPORTING_UNIT in
				<foreach collection="orgListName" item="item" separator="," open="(" close=")">
					#{item,jdbcType=VARCHAR}
				</foreach>
			</if>
		</trim>
		<![CDATA[ order by CHAIN_TIME desc 	]]>
  	</select>
	<!--根据证件号和姓名查询信息-->
	<select id="selectByPara" resultMap="BaseResultMap" parameterType="com.clkj.entity.cm.TCmPunishmentInformation">
		<![CDATA[ select ]]><include refid="Base_Column_List_NEW"/><![CDATA[ from t_cm_punishment_information_sync ]]>
		<trim prefix="where" prefixOverrides="AND|OR">
			<![CDATA[ AND PUNISHED_NAME = #{punishedName,jdbcType=VARCHAR}	]]>
			<![CDATA[ AND IDENTITY_CARD = #{identityCard,jdbcType=VARCHAR}	]]>
			<if test="isInvalid != null and isInvalid != ''">
				<![CDATA[ AND IS_INVALID = #{isInvalid,jdbcType=VARCHAR} ]]>
			</if>
		</trim>
	</select>

	<!--根据证件号和姓名查询信息2-->
	<select id="selectByPara2" resultMap="BaseResultMap" parameterType="com.clkj.entity.cm.TCmPunishmentInformation">
		<![CDATA[ select ]]><include refid="Base_Column_List_NEW"/>
		<![CDATA[ from t_cm_punishment_information_sync ]]>
		<trim prefix="where" prefixOverrides="AND|OR">
			<![CDATA[ AND PUNISHED_NAME = #{punishedName,jdbcType=VARCHAR}	]]>
			<![CDATA[ AND IDENTITY_CARD = #{identityCard,jdbcType=VARCHAR}	]]>
			<![CDATA[ AND IS_INVALID = #{isInvalid,jdbcType=VARCHAR}	]]>0
		</trim>
	</select>

  	<!--查询最近上链的时间  -->
  	<select id="selectMaxChainTime" resultType="java.util.Date">
  		<![CDATA[ select max(CHAIN_TIME) from t_cm_punishment_information_sync 	]]>
	</select>
	
  	<!--按照选择的字段进行分组查询  (分页查询)-->
  	<select id="groupByDate" parameterType="java.util.Map" resultMap="dateResultMap">
  		<![CDATA[ select ]]>
  		<include refid="groupOfDate"/>
  		<![CDATA[ , count(0) cou from t_cm_punishment_information_sync t1 left join ]]>
  		<![CDATA[ t_cm_punishment_record_sync t2 on t1.ID = t2.PUNISHMENT_IMFORMATION_ID ]]>
  		<include refid="Example_Where_Group"/>
  		<![CDATA[ group by ]]>
  		<include refid="groupOfDate"/>
	</select>
	
	<sql id="groupOfDate">
		<trim suffixOverrides=",">
			<if test="id != null and id != ''">
				<![CDATA[ ID,]]>
			</if>
			<if test="reportingUnit != null and reportingUnit != ''">
				<![CDATA[ REPORTING_UNIT,]]>
			</if>
			<if test="punishedName != null and punishedName != ''">
				<![CDATA[ PUNISHED_NAME,]]>
			</if>
			<if test="fillBlackTimeStart != null and fillBlackTimeStart != ''">
				<![CDATA[ FILL_BLACK_TIME,]]>
			</if>
			<if test="fillBlackTimeEnd != null and fillBlackTimeEnd != ''">
				<![CDATA[ FILL_BLACK_TIME,]]>
			</if>
			<if test="gender != null and gender != ''">
				<![CDATA[ GENDER,]]>
			</if>
			<if test="dateOfBirthStart != null and dateOfBirthStart != ''">
				<![CDATA[ DATE_OF_BIRTH,]]>
			</if>
			<if test="dateOfBirthEnd != null and dateOfBirthEnd != ''">
				<![CDATA[ DATE_OF_BIRTH,]]>
			</if>
			<if test="identity != null and identity != ''">
				<![CDATA[ IDENTITY,]]>
			</if>
			<if test="decumentType != null and decumentType != ''">
				<![CDATA[ DECUMENT_TYPE,]]>
			</if>
			<if test="identityCard != null and identityCard != ''">
				<![CDATA[ IDENTITY_CARD,]]>
			</if>
			<if test="education != null and education != ''">
				<![CDATA[ EDUCATION,]]>
			</if>
			<if test="politicalStatus != null and politicalStatus != ''">
				<![CDATA[ POLITICAL_STATUS,]]>
			</if>
			<if test="punishType != null and punishType != ''">
				<![CDATA[ PUNISH_TYPE,]]>
			</if>
			<if test="punishOrgan != null and punishOrgan != ''">
				<![CDATA[ PUNISH_ORGAN,]]>
			</if>
			<if test="punishName != null and punishName != ''">
				<![CDATA[ PUNISH_NAME,]]>
			</if>
			<if test="organType != null and organType != ''">
				<![CDATA[ ORGAN_TYPE,]]>
			</if>
			<if test="punishedDepartment != null and punishedDepartment != ''">
				<![CDATA[ PUNISHED_DEPARTMENT,]]>
			</if>
			<if test="punishedPosition != null and punishedPosition != ''">
				<![CDATA[ PUNISHED_POSITION,]]>
			</if>
			<if test="qualifications != null and qualifications != ''">
				<![CDATA[ QUALIFICATIONS,]]>
			</if>
			<if test="hirejobNum != null and hirejobNum != ''">
				<![CDATA[ HIREJOB_NUM,]]>
			</if>
			<if test="hireTimeStart != null and hireTimeStart != ''">
				<![CDATA[ HIRE_TIME,]]>
			</if>
			<if test="hireTimeEnd != null and hireTimeEnd != ''">
				<![CDATA[ HIRE_TIME,]]>
			</if>
			<if test="basicFacts != null and basicFacts != ''">
				<![CDATA[ BASIC_FACTS,]]>
			</if>
			<if test="evidence != null and evidence != ''">
				<![CDATA[ EVIDENCE,]]>
			</if>
			<if test="fillName != null and fillName != ''">
				<![CDATA[ FILL_NAME,]]>
			</if>
			<if test="contactDetailsFiller != null and contactDetailsFiller != ''">
				<![CDATA[ CONTACT_DETAILS_FILLER,]]>
			</if>
			<if test="departmentCharge != null and departmentCharge != ''">
				<![CDATA[ DEPARTMENT_CHARGE,]]>
			</if>
			<if test="contactDetailsCharger != null and contactDetailsCharger != ''">
				<![CDATA[ CONTACT_DETAILS_CHARGER,]]>
			</if>
			<if test="cochainState != null and cochainState != ''">
				<![CDATA[ COCHAIN_STATE,]]>
			</if>
			<if test="reviewTimeStart != null and reviewTimeStart != ''">
				<![CDATA[ REVIEW_TIME,]]>
			</if>
			<if test="reviewTimeEnd != null and reviewTimeEnd != ''">
				<![CDATA[ REVIEW_TIME,]]>
			</if>
			<if test="creator != null and creator != ''">
				<![CDATA[ CREATOR,]]>
			</if>
			<if test="creatorId != null and creatorId != ''">
				<![CDATA[ CREATOR_ID,]]>
			</if>
			<if test="createDateStart != null and createDateStart != ''">
				<![CDATA[ CREATE_DATE, ]]>
			</if>
			<if test="createDateEnd != null and createDateEnd != ''">
				<![CDATA[ CREATE_DATE, ]]>
			</if>
			<if test="modifyPersonId != null and modifyPersonId != ''">
				<![CDATA[ MODIFY_PERSON_ID, ]]>
			</if>
			<if test="modifyPerson != null and modifyPerson != ''">
				<![CDATA[ MODIFY_PERSON,]]>
			</if>
			<if test="modifyDateStart != null and modifyDateStart != ''">
				<![CDATA[ MODIFY_DATE,]]>
			</if>
			<if test="modifyDateEnd != null and modifyDateEnd != ''">
				<![CDATA[ MODIFY_DATE,]]>
			</if>
			<if test="chainTimeStart != null and chainTimeStart != ''">
				<![CDATA[ CHAIN_TIME, ]]>
			</if>
			<if test="chainTimeEnd != null and chainTimeEnd != ''">
				<![CDATA[ CHAIN_TIME, ]]>
			</if>
			<if test="punishmentRedult != null and punishmentRedult != ''">
				<![CDATA[ PUNISHMENT_REDULT,]]>
			</if>
			<if test="punishmentType != null and punishmentType != ''">
				<![CDATA[ PUNISHMENT_TYPE]]>
			</if>
		</trim>
	</sql>
	<!-- 分组统计查询条件 -->
	<sql id="Example_Where_Group">
		<trim prefix="where" prefixOverrides="AND|OR">
			<if test="REPORTINGUNIT != null and REPORTINGUNIT.size > 0">
				<foreach collection="REPORTINGUNIT" item="it" separator=" OR " open="(" close=")" >
	    			<trim prefixOverrides="AND|OR">
						<![CDATA[ AND REPORTING_UNIT = #{it,jdbcType=VARCHAR}	]]>
	    			</trim>
	    		</foreach>
			</if>
			
			<if test="IDENTITY != null and IDENTITY != ''">
				<![CDATA[ AND IDENTITY = #{IDENTITY,jdbcType=VARCHAR} ]]>
			</if>
			<if test="EDUCATION != null and EDUCATION != ''">
				<![CDATA[ AND EDUCATION = #{EDUCATION,jdbcType=VARCHAR} ]]>
			</if>
			<if test="QUALIFICATIONS != null and QUALIFICATIONS != ''">
				<![CDATA[ AND QUALIFICATIONS = #{QUALIFICATIONS,jdbcType=VARCHAR} ]]>
			</if>
			<if test="PUNISHMENTTYPE != null and PUNISHMENTTYPE != ''">
				<![CDATA[ AND PUNISHMENT_TYPE = #{PUNISHMENTTYPE,jdbcType=VARCHAR} ]]>
			</if>
			<if test="PUNISHTYPE != null and PUNISHTYPE != ''">
				<![CDATA[ AND PUNISHMENT_REDULT = #{PUNISHTYPE,jdbcType=VARCHAR} ]]>
			</if>
		</trim>
	</sql>
	<!-- 查询列表 -->
	<select id="selectAll" parameterType="java.util.Map" resultMap="BaseResultMap">
		<![CDATA[ select 	]]>
		<include refid="Base_Column_List_NEW"/>
		<![CDATA[ from t_cm_punishment_information_sync ]]>
	</select>

	<!-- 插入记录 -->
	<insert id="recordNoOrgId" parameterType="java.lang.String">
		<![CDATA[ insert into no_org_id_name  ( `name` ,create_time ]]>
		<![CDATA[  ) values ( #{name,jdbcType=VARCHAR},#{time,jdbcType=VARCHAR}) ]]>
	</insert>
	<select id="getIdentityCardHashIsNull" resultMap="BaseResultMap">
		select
		*
		from
		t_cm_punishment_information_sync
		where
		ISNULL(IDENTITY_CARD_HASH)
		and
		<![CDATA[ LENGTH(IDENTITY_CARD) > 7]]>
		and
		decument_type = "0";
	</select>
	<update id="updateIdentityCardHashIsNull" >
		update
		t_cm_punishment_information_sync
		set
		IDENTITY_CARD_HASH = #{IdentityCardHash,jdbcType=VARCHAR}
		where
		id = #{id,jdbcType=VARCHAR};
	</update>
</mapper>   
