<?xml version="1.0" encoding="UTF-8"?>
<!DOCTYPE mapper PUBLIC "-//mybatis.org//DTD Mapper 3.0//EN" "http://mybatis.org/dtd/mybatis-3-mapper.dtd" >
<mapper namespace="com.clkj.mapper.dao.cmc.TCmPunishmentRecordSyncMapper" > 
	<!-- Result Map-->
	<resultMap id="BaseResultMap" type="com.clkj.entity.cmc.TCmPunishmentRecordSync">
		<id column="ID" property="id" javaType="String"/>
		<result column="PUNISHMENT_IMFORMATION_ID" property="punishmentImformationId" javaType="String"/>
		<result column="PUNISHMENT_REDULT" property="punishmentRedult" javaType="String"/>
		<result column="PUNISHMENT_TYPE" property="punishmentType" javaType="String"/>
		<result column="PUNISHMENT_TIME" property="punishmentTime" javaType="java.util.Date"/>
		<result column="PUNISHMENT_LONG" property="punishmentLong" javaType="String"/>
		<result column="REMOVE_TIME" property="removeTime" javaType="java.util.Date"/>
		<result column="CREATOR" property="creator" javaType="String"/>
		<result column="CREATOR_ID" property="creatorId" javaType="String"/>
		<result column="CREATE_DATE" property="createDate" javaType="java.util.Date"/>
		<result column="MODIFY_PERSON_ID" property="modifyPersonId" javaType="String"/>
		<result column="MODIFY_PERSON" property="modifyPerson" javaType="String"/>
		<result column="MODIFY_DATE" property="modifyDate" javaType="java.util.Date"/>
		<result column="UPDATE_REASON" property="updateReason" javaType="String"/>
		<result column="UPDATE_STATUS" property="updateStatus" javaType="String"/>
		<result column="REPORTING_UNIT" property="reportingUnit" javaType="String"/>
		<result column="PUNISHED_NAME" property="punishedName" javaType="String"/>
		<result column="PUNISH_NAME" property="punishName" javaType="String"/>

	</resultMap>
       
	<!--  -->
	<sql id="Base_Column_List" >
		ID ,PUNISHMENT_IMFORMATION_ID ,PUNISHMENT_REDULT ,PUNISHMENT_TYPE ,PUNISHMENT_TIME ,PUNISHMENT_LONG ,REMOVE_TIME ,CREATOR ,CREATOR_ID ,CREATE_DATE ,MODIFY_PERSON_ID ,MODIFY_PERSON ,MODIFY_DATE ,UPDATE_REASON,UPDATE_STATUS
	</sql>
	
	<!-- 插入记录 -->
	<insert id="insert" parameterType="com.clkj.entity.cmc.TCmPunishmentRecordSync" >
		<![CDATA[ insert into t_cm_punishment_record_sync ( ]]>
		<include refid="Base_Column_List"/>
		<![CDATA[  ) values ( 
			#{id,jdbcType=VARCHAR},
			#{punishmentImformationId,jdbcType=VARCHAR},
			#{punishmentRedult,jdbcType=VARCHAR},
			#{punishmentType,jdbcType=VARCHAR},
			#{punishmentTime,jdbcType=TIMESTAMP},
			#{punishmentLong,jdbcType=VARCHAR},
			#{removeTime,jdbcType=TIMESTAMP},
			#{creator,jdbcType=VARCHAR},
			#{creatorId,jdbcType=VARCHAR},
			#{createDate,jdbcType=TIMESTAMP},
			#{modifyPersonId,jdbcType=VARCHAR},
			#{modifyPerson,jdbcType=VARCHAR},
			#{modifyDate,jdbcType=TIMESTAMP},
			#{updateReason,jdbcType=VARCHAR},
			#{updateStatus,jdbcType=VARCHAR}
		 ) ]]>
	</insert>
	
	<!-- 批量插入 -->
	<insert id="batchInsert" parameterType="java.util.List" >
		<![CDATA[ insert into t_cm_punishment_record_sync ( ]]>
		<include refid="Base_Column_List"/>
		<![CDATA[ ) values ]]>
			<foreach collection="list" item="it" separator=",">
			<![CDATA[ (
				#{it.id,jdbcType=VARCHAR},
				#{it.punishmentImformationId,jdbcType=VARCHAR},
				#{it.punishmentRedult,jdbcType=VARCHAR},
				#{it.punishmentType,jdbcType=VARCHAR},
				#{it.punishmentTime,jdbcType=TIMESTAMP},
				#{it.punishmentLong,jdbcType=VARCHAR},
				#{it.removeTime,jdbcType=TIMESTAMP},
				#{it.creator,jdbcType=VARCHAR},
				#{it.creatorId,jdbcType=VARCHAR},
				#{it.createDate,jdbcType=TIMESTAMP},
				#{it.modifyPersonId,jdbcType=VARCHAR},
				#{it.modifyPerson,jdbcType=VARCHAR},
				#{it.modifyDate,jdbcType=TIMESTAMP},
				#{it.updateReason,jdbcType=VARCHAR},
				#{it.updateStatus,jdbcType=VARCHAR}
			) ]]>
		</foreach>
	</insert>
	
	<!-- 物理删除：通过主键ID单条删除 -->
	<delete id="deleteByPrimaryKey" parameterType="com.clkj.entity.cmc.TCmPunishmentRecordSync">
	    <![CDATA[ delete from t_cm_punishment_record_sync  ]]>
	    <trim prefix="where" prefixOverrides="AND|OR">
			<![CDATA[ AND ID = #{id,jdbcType=VARCHAR}	]]>
	    </trim>
  	</delete>
  	
  	<!-- 物理删除：通过主键ID批量删除 -->
	<delete id="batchDeleteByPrimaryKey" parameterType="java.util.List" >
	    <![CDATA[ delete from t_cm_punishment_record_sync  ]]>
	    <trim prefix="where" prefixOverrides="AND|OR">
	    	<foreach collection="list" item="it" separator=" OR " open="(" close=")" >
	    		<trim prefixOverrides="AND|OR">
					<![CDATA[ AND ID = #{it.id,jdbcType=VARCHAR}	]]>
	    		</trim>
	    	</foreach>
	    </trim>
  	</delete>
  	
  	<!-- 根据id，属性值全量更新数据记录--> 
  	<update id="updateByPrimaryKey" parameterType="com.clkj.entity.cmc.TCmPunishmentRecordSync" >
		<![CDATA[ update t_cm_punishment_record_sync ]]>
		<trim prefix="set" suffixOverrides=",">
			<![CDATA[ PUNISHMENT_IMFORMATION_ID = #{punishmentImformationId,jdbcType=VARCHAR},	]]>
			<![CDATA[ PUNISHMENT_REDULT = #{punishmentRedult,jdbcType=VARCHAR},	]]>
			<![CDATA[ PUNISHMENT_TYPE = #{punishmentType,jdbcType=VARCHAR},	]]>
			<![CDATA[ PUNISHMENT_TIME = #{punishmentTime,jdbcType=TIMESTAMP},	]]>
			<![CDATA[ PUNISHMENT_LONG = #{punishmentLong,jdbcType=VARCHAR},	]]>
			<![CDATA[ REMOVE_TIME = #{removeTime,jdbcType=TIMESTAMP},	]]>
			<![CDATA[ CREATOR = #{creator,jdbcType=VARCHAR},	]]>
			<![CDATA[ CREATOR_ID = #{creatorId,jdbcType=VARCHAR},	]]>
			<![CDATA[ CREATE_DATE = #{createDate,jdbcType=TIMESTAMP},	]]>
			<![CDATA[ MODIFY_PERSON_ID = #{modifyPersonId,jdbcType=VARCHAR},	]]>
			<![CDATA[ MODIFY_PERSON = #{modifyPerson,jdbcType=VARCHAR},	]]>
			<![CDATA[ MODIFY_DATE = #{modifyDate,jdbcType=TIMESTAMP},	]]>
			<![CDATA[ UPDATE_REASON = #{updateReason,jdbcType=VARCHAR},	]]>
			<![CDATA[ UPDATE_STATUS = #{updateStatus,jdbcType=VARCHAR},	]]>
		</trim>
		<trim prefix="where" prefixOverrides="AND|OR">
			<![CDATA[ AND ID = #{id,jdbcType=VARCHAR}	]]>
		</trim>
	</update>
   
	<!-- 根据id，更新属性值为非NULL的数据记录--> 
  	<update id="updateByPrimaryKeySelective" parameterType="com.clkj.entity.cmc.TCmPunishmentRecordSync" >
		<![CDATA[ update t_cm_punishment_record_sync ]]>
		<trim prefix="set" suffixOverrides=",">
			<if test=" punishmentImformationId != null ">
				<![CDATA[ PUNISHMENT_IMFORMATION_ID = #{punishmentImformationId,jdbcType=VARCHAR},	]]>
			</if>
			<if test=" punishmentRedult != null ">
				<![CDATA[ PUNISHMENT_REDULT = #{punishmentRedult,jdbcType=VARCHAR},	]]>
			</if>
			<if test=" punishmentType != null ">
				<![CDATA[ PUNISHMENT_TYPE = #{punishmentType,jdbcType=VARCHAR},	]]>
			</if>
			<if test=" punishmentTime != null ">
				<![CDATA[ PUNISHMENT_TIME = #{punishmentTime,jdbcType=TIMESTAMP},	]]>
			</if>
			<if test=" punishmentLong != null ">
				<![CDATA[ PUNISHMENT_LONG = #{punishmentLong,jdbcType=VARCHAR},	]]>
			</if>
			<if test=" removeTime != null ">
				<![CDATA[ REMOVE_TIME = #{removeTime,jdbcType=TIMESTAMP},	]]>
			</if>
			<if test=" creator != null ">
				<![CDATA[ CREATOR = #{creator,jdbcType=VARCHAR},	]]>
			</if>
			<if test=" creatorId != null ">
				<![CDATA[ CREATOR_ID = #{creatorId,jdbcType=VARCHAR},	]]>
			</if>
			<if test=" createDate != null ">
				<![CDATA[ CREATE_DATE = #{createDate,jdbcType=TIMESTAMP},	]]>
			</if>
			<if test=" modifyPersonId != null ">
				<![CDATA[ MODIFY_PERSON_ID = #{modifyPersonId,jdbcType=VARCHAR},	]]>
			</if>
			<if test=" modifyPerson != null ">
				<![CDATA[ MODIFY_PERSON = #{modifyPerson,jdbcType=VARCHAR},	]]>
			</if>
			<if test=" modifyDate != null ">
				<![CDATA[ MODIFY_DATE = #{modifyDate,jdbcType=TIMESTAMP},	]]>
			</if>
			<if test=" updateReason != null ">
				<![CDATA[ UPDATE_REASON = #{updateReason,jdbcType=VARCHAR},	]]>
			</if>
			<if test=" updateStatus != null ">
				<![CDATA[ UPDATE_STATUS = #{updateStatus,jdbcType=VARCHAR},	]]>
			</if>
		</trim>
		<trim prefix="where" prefixOverrides="AND|OR">
			<![CDATA[ AND ID = #{id,jdbcType=VARCHAR}	]]>
		</trim>
	</update>
	
	<!-- 根据id查询 -->
	<select id="selectByPrimaryKey" resultMap="BaseResultMap" parameterType="com.clkj.entity.cmc.TCmPunishmentRecordSync">
		<![CDATA[ select ]]><include refid="Base_Column_List"/><![CDATA[ from t_cm_punishment_record_sync ]]>
		<trim prefix="where" prefixOverrides="AND|OR">
			<![CDATA[ AND ID = #{id,jdbcType=VARCHAR}	]]>
		</trim>
	</select>
	
	<!-- 存在校验查询 -->
	<select id="checkExsit" resultType="java.lang.Integer" parameterType="com.clkj.entity.cmc.TCmPunishmentRecordSync">
		<![CDATA[ select count(1) num from t_cm_punishment_record_sync ]]>
		<trim prefix="where" prefixOverrides="AND|OR">
			<if test=" id != null ">
				<![CDATA[ AND ID != #{id,jdbcType=VARCHAR}	]]>
			</if>
			<if test=" punishmentImformationId != null ">
				<![CDATA[ AND PUNISHMENT_IMFORMATION_ID = #{punishmentImformationId,jdbcType=VARCHAR}	]]>
			</if>
			<if test=" punishmentRedult != null ">
				<![CDATA[ AND PUNISHMENT_REDULT = #{punishmentRedult,jdbcType=VARCHAR}	]]>
			</if>
			<if test=" punishmentType != null ">
				<![CDATA[ AND PUNISHMENT_TYPE = #{punishmentType,jdbcType=VARCHAR}	]]>
			</if>
			<if test=" punishmentTime != null ">
				<![CDATA[ AND PUNISHMENT_TIME = #{punishmentTime,jdbcType=TIMESTAMP}	]]>
			</if>
			<if test=" punishmentLong != null ">
				<![CDATA[ AND PUNISHMENT_LONG = #{punishmentLong,jdbcType=VARCHAR}	]]>
			</if>
			<if test=" removeTime != null ">
				<![CDATA[ AND REMOVE_TIME = #{removeTime,jdbcType=TIMESTAMP}	]]>
			</if>
			<if test=" creator != null ">
				<![CDATA[ AND CREATOR = #{creator,jdbcType=VARCHAR}	]]>
			</if>
			<if test=" creatorId != null ">
				<![CDATA[ AND CREATOR_ID = #{creatorId,jdbcType=VARCHAR}	]]>
			</if>
			<if test=" createDate != null ">
				<![CDATA[ AND CREATE_DATE = #{createDate,jdbcType=TIMESTAMP}	]]>
			</if>
			<if test=" modifyPersonId != null ">
				<![CDATA[ AND MODIFY_PERSON_ID = #{modifyPersonId,jdbcType=VARCHAR}	]]>
			</if>
			<if test=" modifyPerson != null ">
				<![CDATA[ AND MODIFY_PERSON = #{modifyPerson,jdbcType=VARCHAR}	]]>
			</if>
			<if test=" modifyDate != null ">
				<![CDATA[ AND MODIFY_DATE = #{modifyDate,jdbcType=TIMESTAMP}	]]>
			</if>
			<if test=" updateReason != null ">
				<![CDATA[ AND UPDATE_REASON = #{updateReason,jdbcType=VARCHAR}	]]>
			</if>
			<if test=" updateStatus != null ">
				<![CDATA[ AND UPDATE_STATUS = #{updateStatus,jdbcType=VARCHAR}	]]>
			</if>
		</trim>
	</select>
	
	<!-- 查询条件 -->
	<sql id="Example_Where_Clause">
		<trim prefix="where" prefixOverrides="AND|OR">
			<if test="id != null and id != ''">
				<![CDATA[ AND ID = #{id,jdbcType=VARCHAR} ]]>
			</if>

			<if test="punishmentImformationId != null and punishmentImformationId != ''">
				<![CDATA[ AND PUNISHMENT_IMFORMATION_ID = #{punishmentImformationId,jdbcType=VARCHAR} ]]>
			</if>
			<if test="punishmentRedult != null and punishmentRedult != ''">
				<![CDATA[ AND PUNISHMENT_REDULT = #{punishmentRedult,jdbcType=VARCHAR} ]]>
			</if>
			<if test="punishmentType != null and punishmentType != ''">
				<![CDATA[ AND PUNISHMENT_TYPE = #{punishmentType,jdbcType=VARCHAR} ]]>
			</if>
			<if test="punishmentTimeStart != null and punishmentTimeStart != ''">
				<![CDATA[ AND PUNISHMENT_TIME >= #{punishmentTimeStart,jdbcType=VARCHAR} ]]>
			</if>
			<if test="punishmentTimeEnd != null and punishmentTimeEnd != ''">
				<![CDATA[ AND PUNISHMENT_TIME < #{punishmentTimeEnd,jdbcType=VARCHAR} ]]>
			</if>
			<if test="punishmentLong != null and punishmentLong != ''">
				<![CDATA[ AND PUNISHMENT_LONG = #{punishmentLong,jdbcType=VARCHAR} ]]>
			</if>
			<if test="isFive == null || isFive == false ">
			    <![CDATA[ AND (REMOVE_TIME>DATE_ADD(NOW(), INTERVAL -5 year) or REMOVE_TIME is null) ]]>
			</if>
			<if test="creator != null and creator != ''">
				<![CDATA[ AND CREATOR = #{creator,jdbcType=VARCHAR} ]]>
			</if>
			<if test="creatorId != null and creatorId != ''">
				<![CDATA[ AND CREATOR_ID = #{creatorId,jdbcType=VARCHAR} ]]>
			</if>
			<if test="createDateStart != null and createDateStart != ''">
				<![CDATA[ AND CREATE_DATE >= #{createDateStart,jdbcType=VARCHAR} ]]>
			</if>
			<if test="createDateEnd != null and createDateEnd != ''">
				<![CDATA[ AND CREATE_DATE < #{createDateEnd,jdbcType=VARCHAR} ]]>
			</if>
			<if test="modifyPersonId != null and modifyPersonId != ''">
				<![CDATA[ AND MODIFY_PERSON_ID = #{modifyPersonId,jdbcType=VARCHAR} ]]>
			</if>
			<if test="modifyPerson != null and modifyPerson != ''">
				<![CDATA[ AND MODIFY_PERSON = #{modifyPerson,jdbcType=VARCHAR} ]]>
			</if>
			<if test="modifyDateStart != null and modifyDateStart != ''">
				<![CDATA[ AND MODIFY_DATE >= #{modifyDateStart,jdbcType=VARCHAR} ]]>
			</if>
			<if test="modifyDateEnd != null and modifyDateEnd != ''">
				<![CDATA[ AND MODIFY_DATE < #{modifyDateEnd,jdbcType=VARCHAR} ]]>
			</if>
			<if test="updateReason != null and updateReason != ''">
				<![CDATA[ AND UPDATE_REASON = #{updateReason,jdbcType=VARCHAR} ]]>
			</if>
			<if test="updateStatus != null and updateStatus != ''">
				<![CDATA[ AND UPDATE_STATUS = #{updateStatus,jdbcType=VARCHAR} ]]>
			</if>

		</trim>
	</sql>


	<!-- 查询总数-->
	<select id="count" parameterType="java.util.Map" resultType="java.lang.Integer">
  		<![CDATA[ select count(1) from t_cm_punishment_record_sync 	]]>
  		<include refid="Example_Where_Clause"/>
	</select>
  
  	<!-- 查询列表 -->
	<select id="list" parameterType="java.util.Map" resultMap="BaseResultMap">
		<![CDATA[ select 	]]>
		<include refid="Base_Column_List"/>
		<![CDATA[ from t_cm_punishment_record_sync 	]]>
		<include refid="Example_Where_Clause"/>
		<include refid="com.clkj.mapper.dao.base.BaseMapper.orderTSql"/>
	</select>

	<!-- 查询列表 -->
	<select id="getList" parameterType="java.util.Map" resultMap="BaseResultMap">
		<![CDATA[ select 	]]>
		<include refid="Base_Column_List"/>
		<![CDATA[ from t_cm_punishment_record_sync 	]]>
		<include refid="Example_Where_Clause"/>
		<include refid="com.clkj.mapper.dao.base.BaseMapper.orderTSql"/>
	</select>

	<!-- 查询列表 -->
	<select id="getByIdCard" parameterType="java.util.Map" resultMap="BaseResultMap">
		<![CDATA[ select a.* ,b.REPORTING_UNIT ,b.PUNISHED_NAME ,b.PUNISH_NAME 	]]>
		from t_cm_punishment_record_sync a
		INNER JOIN t_cm_punishment_information_sync b
		on a.PUNISHMENT_IMFORMATION_ID = b.ID
		where
		<![CDATA[  b.IDENTITY_CARD = #{identityCard,jdbcType=VARCHAR}
		and b.DECUMENT_TYPE = #{decumentType,jdbcType=VARCHAR}
		and b.IS_INVALID = #{isInvalid,jdbcType=VARCHAR} ]]>
	</select>
	<!-- 查询列表通过证件hash -->
	<select id="getByIdCardHash" parameterType="java.util.Map" resultMap="BaseResultMap">
		<![CDATA[ select a.* ,b.REPORTING_UNIT ,b.PUNISHED_NAME ,b.PUNISH_NAME 	]]>
		from t_cm_punishment_record_sync a
		INNER JOIN t_cm_punishment_information_sync b
		on a.PUNISHMENT_IMFORMATION_ID = b.ID
		where
		<![CDATA[  b.IDENTITY_CARD_HASH = #{identityCardHash,jdbcType=VARCHAR}
		and b.DECUMENT_TYPE = #{decumentType,jdbcType=VARCHAR}
		and b.IS_INVALID = #{isInvalid,jdbcType=VARCHAR} ]]>
	</select>


</mapper>   
