<?xml version="1.0" encoding="UTF-8" ?>
<!DOCTYPE mapper PUBLIC "-//mybatis.org//DTD Mapper 3.0//EN" "http://mybatis.org/dtd/mybatis-3-mapper.dtd">

<mapper namespace="com.clkj.mapper.dao.cmc.UnouMapper">
    
    <resultMap id="BaseResultMap" type="com.clkj.entity.cmc.UnouEntity">
        <id column="ID" property="id" javaType="String"/>
        <!-- 供应商名称-->
        <result column="SUPPLIER_NAME" property="supplierName" javaType="String"/>
        <!-- 供应商类型-->
        <result column="SUPPLIER_TYPE" property="supplierType" javaType="String"/>
        <!-- 现场检查时间-->
        <result column="CHECK_TIME" property="checkTime" javaType="java.util.Date"/>
        <!-- 统一社会信用代码 -->
        <result column="CREDIT_CODE" property="creditCode" javaType="String"/>
        <!-- 产品或服务简述 -->
        <result column="PRODUCT_OR_SERVICE_REMARK" property="productOrServiceRemark" javaType="String"/>
        <!-- 服务质量评分 -->
        <result column="SERVICE_QUALITY_SCORE" property="serviceQualityScore" javaType="java.math.BigDecimal"/>

        <result column="CREATOR" property="creator" javaType="String"/>

        <result column="CREATOR_ID" property="creatorId" javaType="String"/>

        <result column="CREATE_DATE" property="createDate" javaType="java.util.Date"/>

        <result column="PUBLISHER" property="publisher" javaType="String"/>

        <result column="PUBLISH_TIME" property="publishTime" javaType="java.util.Date"/>

        <result column="ORG_CODE" property="orgCode" javaType="String"/>

    </resultMap>

    <sql id="Base_Column_List">
        `ID`,`SUPPLIER_NAME`,`SUPPLIER_TYPE`,`CHECK_TIME`,`CREDIT_CODE`,`PRODUCT_OR_SERVICE_REMARK`,`SERVICE_QUALITY_SCORE`,
        `CREATOR`,`CREATOR_ID`,`CREATE_DATE`,`PUBLISHER`,`PUBLISH_TIME`,`ORG_CODE`
    </sql>

    <insert id="insert" parameterType="com.clkj.entity.cmc.UnouEntity">
        <![CDATA[ replace into t_cm_unoutsource_sync ( ]]>
        <include refid="Base_Column_List"/>
        <![CDATA[  ) values (
			#{id,jdbcType=VARCHAR},
			#{supplierName,jdbcType=VARCHAR},
			#{supplierType,jdbcType=VARCHAR},
			#{checkTime,jdbcType=TIMESTAMP},
			#{creditCode,jdbcType=VARCHAR},
			#{productOrServiceRemark,jdbcType=VARCHAR},
			#{serviceQualityScore,jdbcType=DECIMAL},
			#{creator,jdbcType=VARCHAR},
			#{creatorId,jdbcType=VARCHAR},
			#{createDate,jdbcType=TIMESTAMP},
			#{publisher,jdbcType=VARCHAR},
			#{publishTime,jdbcType=TIMESTAMP},
			#{orgCode,jdbcType=VARCHAR}
		 ) ]]>
    </insert>

    <!-- 更新操作-->
    <!-- 根据id，更新属性值为非NULL的数据记录-->
    <update id="updateByPrimaryKeySelective" parameterType="com.clkj.entity.cmc.UnouEntity">
        <![CDATA[ update t_cm_unoutsource_sync ]]>
        <trim prefix="set" suffixOverrides=",">
            <if test=" supplierName != null ">
                <![CDATA[ SUPPLIER_NAME = #{supplierName,jdbcType=VARCHAR},	]]>
            </if>
            <if test=" supplierType != null ">
                <![CDATA[ SUPPLIER_TYPE = #{supplierType,jdbcType=VARCHAR},	]]>
            </if>
            <if test=" checkTime != null ">
                <![CDATA[ CHECK_TIME = #{checkTime,jdbcType=TIMESTAMP},	]]>
            </if>
            <if test=" creditCode != null ">
                <![CDATA[ CREDIT_CODE = #{creditCode,jdbcType=VARCHAR},	]]>
            </if>
            <if test=" productOrServiceRemark != null ">
                <![CDATA[ PRODUCT_OR_SERVICE_REMARK = #{productOrServiceRemark,jdbcType=VARCHAR},	]]>
            </if>
            <if test=" serviceQualityScore != null ">
                <![CDATA[ SERVICE_QUALITY_SCORE = #{serviceQualityScore,jdbcType=DECIMAL},	]]>
            </if>
            <if test=" creator != null ">
                <![CDATA[ CREATOR = #{creator,jdbcType=VARCHAR},	]]>
            </if>
            <if test=" creatorId != null ">
                <![CDATA[ CREATOR_ID = #{creatorId,jdbcType=VARCHAR},	]]>
            </if>
            <if test=" bugTime != null ">
                <![CDATA[ BUG_TIME = #{bugTime,jdbcType=TIMESTAMP},	]]>
            </if>
            <if test=" createDate != null ">
                <![CDATA[ CREATE_DATE = #{createDate,jdbcType=TIMESTAMP},	]]>
            </if>
            <if test=" productName != null ">
                <![CDATA[ PRODUCT_NAME = #{productName,jdbcType=VARCHAR},	]]>
            </if>
            <if test=" publisher != null ">
                <![CDATA[ PUBLISHER = #{publisher,jdbcType=VARCHAR},	]]>
            </if>
            <if test=" publishTime != null ">
                <![CDATA[ PUBLISH_TIME = #{publishTime,jdbcType=TIMESTAMP},	]]>
            </if>
            <if test=" orgCode != null and orgCode != ''">
                <![CDATA[ ORG_CODE = #{orgCode,jdbcType=VARCHAR},	]]>
            </if>
        </trim>
        <trim prefix="where" prefixOverrides="AND|OR">
            <![CDATA[ AND ID = #{id,jdbcType=VARCHAR} ]]>
        </trim>
    </update>


    <!-- 批量插入 -->
    <insert id="batchInsert" parameterType="java.util.List">
        <![CDATA[ replace into t_cm_unoutsource_sync ( ]]>
        <include refid="Base_Column_List"/>
        <![CDATA[ ) values ]]>
        <foreach collection="list" item="it" separator=",">
            <![CDATA[ (
				#{it.id,jdbcType=VARCHAR},
				#{it.supplierName,jdbcType=VARCHAR},
				#{it.supplierType,jdbcType=VARCHAR},
				#{it.checkTime,jdbcType=TIMESTAMP},
				#{it.creditCode,jdbcType=VARCHAR},
				#{it.productOrServiceRemark,jdbcType=VARCHAR},
				#{it.serviceQualityScore,jdbcType=DECIMAL},
				#{it.creator,jdbcType=VARCHAR},
				#{it.creatorId,jdbcType=VARCHAR},
				#{it.createDate,jdbcType=TIMESTAMP},
				#{it.publisher,jdbcType=VARCHAR},
				#{it.publishTime,jdbcType=TIMESTAMP},
				#{it.orgCode,jdbcType=VARCHAR}
			) ]]>
        </foreach>
    </insert>

    <!--获取数据条数 -->
    <select id="count" resultType="java.lang.Integer">
        <![CDATA[ select count(*) from t_cm_unoutsource_sync  ]]>
    </select>

    <!--数据最后一次同步的记录 -->
    <select id="selectLastTime" resultMap="BaseResultMap">
        <![CDATA[ select  ]]>
           <include refid="Base_Column_List"/>
        <![CDATA[ from t_cm_unoutsource_sync  ORDER BY PUBLISH_TIME desc LIMIT 0, 1 ]]>
    </select>

    <select id="selectAllCompanyName" resultType="java.lang.String">
        select DISTINCT `SUPPLIER_NAME` FROM t_cm_unoutsource_sync
    </select>

    <select id="selectSupplierFrequencyByName" resultType="java.lang.Integer">
        select count(*) frequency FROM t_cm_unoutsource_sync WHERE `SUPPLIER_NAME` = #{name}
    </select>

    <select id="publisherNumberByOrg" resultType="java.lang.Integer">
        <![CDATA[ select count(*) l FROM t_cm_unoutsource_sync ]]>
        <trim prefix="where" prefixOverrides="AND|OR">
            <if test="orgName != null">
                <![CDATA[ AND ORG_CODE = #{orgName,jdbcType=VARCHAR}	]]>
            </if>
            <if test="startTime != null and endTime != null">
                <![CDATA[ AND PUBLISH_TIME >=  #{startTime} AND PUBLISH_TIME <=  #{endTime}]]>
            </if>
        </trim>
    </select>
</mapper>