<?xml version="1.0" encoding="UTF-8"?>
<!DOCTYPE mapper PUBLIC "-//mybatis.org//DTD Mapper 3.0//EN" "http://mybatis.org/dtd/mybatis-3-mapper.dtd" >
<mapper namespace="com.clkj.mapper.dao.cdf.CDfPublicRentalHousingLoanMapper">
    <!-- Result Map-->
    <resultMap id="BaseResultMap" type="com.clkj.entity.cfd.CFdPublicRentalHousingLoan">
        <result property="id" column="ID" jdbcType="VARCHAR"/>
        <result property="cochainState" column="COCHAIN_STATE" jdbcType="VARCHAR"/>
        <result property="creator" column="CREATOR" jdbcType="VARCHAR"/>
        <result property="creatorId" column="CREATOR_ID" jdbcType="VARCHAR"/>
        <result property="createDate" column="CREATE_DATE" jdbcType="TIMESTAMP"/>
        <result property="modifyPersonId" column="MODIFY_PERSON_ID" jdbcType="VARCHAR"/>
        <result property="modifyPerson" column="MODIFY_PERSON" jdbcType="VARCHAR"/>
        <result property="modifyDate" column="MODIFY_DATE" jdbcType="TIMESTAMP"/>
        <result property="isInvalid" column="IS_INVALID" jdbcType="VARCHAR"/>
        <result property="invalidateDate" column="INVALIDATE_DATE" jdbcType="TIMESTAMP"/>
        <result property="invalidateUserId" column="INVALIDATE_USER_ID" jdbcType="VARCHAR"/>
        <result property="publishTime" column="PUBLISH_TIME" jdbcType="TIMESTAMP"/>
        <result property="publisher" column="PUBLISHER" jdbcType="VARCHAR"/>
        <result property="click" column="CLICK" jdbcType="TINYINT"/>
        <result property="loanBalanceEndingBalance" column="LOAN_BALANCE_ENDING_BALANCE" jdbcType="NUMERIC"/>
        <result property="loanBalanceIsHigherThanLastMonth" column="LOAN_BALANCE_IS_HIGHER_THAN_LAST_MONTH"
                jdbcType="NUMERIC"/>
        <result property="loanBalanceThanTheBeginningOfTheYear" column="LOAN_BALANCE_THAN_THE_BEGINNING_OF_THE_YEAR"
                jdbcType="NUMERIC"/>
        <result property="loanBalanceOverTheSamePeriod" column="LOAN_BALANCE_OVER_THE_SAME_PERIOD" jdbcType="NUMERIC"/>
        <result property="nplBalanceEndingBalance" column="NPL_BALANCE_ENDING_BALANCE" jdbcType="NUMERIC"/>
        <result property="nplBalanceIsHigherThanLastMonth" column="NPL_BALANCE_IS_HIGHER_THAN_LAST_MONTH"
                jdbcType="NUMERIC"/>
        <result property="nonPerformingLoanBalance" column="NON_PERFORMING_LOAN_BALANCE" jdbcType="NUMERIC"/>
        <result property="nonPerformingLoanBalanceOverTheSamePeriod"
                column="NON_PERFORMING_LOAN_BALANCE_OVER_THE_SAME_PERIOD" jdbcType="NUMERIC"/>
        <result property="nplRatioEndingBalance" column="NPL_RATIO_ENDING_BALANCE" jdbcType="NUMERIC"/>
        <result property="nplRatioThanLastMonth" column="NPL_RATIO_THAN_LAST_MONTH" jdbcType="NUMERIC"/>
        <result property="nonPerformingLoans" column="NON_PERFORMING_LOANS" jdbcType="NUMERIC"/>
        <result property="type" column="TYPE" jdbcType="TINYINT"/>
        <result property="statisticsDate" column="STATISTICS_DATE" jdbcType="VARCHAR"/>
        <result property="parentId" column="PARENT_ID" jdbcType="VARCHAR"/>
    </resultMap>

    <!-- 产品缺陷信息 -->
    <sql id="Base_Column_List">
		ID, COCHAIN_STATE, CREATOR, CREATOR_ID, CREATE_DATE, MODIFY_PERSON_ID, MODIFY_PERSON, MODIFY_DATE, IS_INVALID, INVALIDATE_DATE,
		INVALIDATE_USER_ID, PUBLISH_TIME, PUBLISHER, CLICK, LOAN_BALANCE_ENDING_BALANCE, LOAN_BALANCE_IS_HIGHER_THAN_LAST_MONTH, LOAN_BALANCE_THAN_THE_BEGINNING_OF_THE_YEAR,
		LOAN_BALANCE_OVER_THE_SAME_PERIOD, NPL_BALANCE_ENDING_BALANCE, NPL_BALANCE_IS_HIGHER_THAN_LAST_MONTH, NON_PERFORMING_LOAN_BALANCE,
		NON_PERFORMING_LOAN_BALANCE_OVER_THE_SAME_PERIOD, NPL_RATIO_ENDING_BALANCE, NPL_RATIO_THAN_LAST_MONTH, NON_PERFORMING_LOANS, `TYPE`,
		STATISTICS_DATE, PARENT_ID
	</sql>

    <!-- 插入记录 -->
    <insert id="insert" parameterType="com.clkj.entity.cfd.CFdPublicRentalHousingLoan">
        <![CDATA[ insert into t_fd_public_rental_housing_loan ( ]]>
        <include refid="Base_Column_List"/>
        <![CDATA[  ) values (
			#{id,jdbcType=VARCHAR},
			#{cochainState,jdbcType=VARCHAR},
			#{creator,jdbcType=VARCHAR},
			#{creatorId,jdbcType=VARCHAR},
			#{createDate,jdbcType=TIMESTAMP},
			#{modifyPersonId,jdbcType=VARCHAR},
			#{modifyPerson,jdbcType=VARCHAR},
			#{modifyDate,jdbcType=TIMESTAMP},
			#{isInvalid,jdbcType=VARCHAR},
			#{invalidateDate,jdbcType=TIMESTAMP},
			#{invalidateUserId,jdbcType=VARCHAR},
			#{publishTime,jdbcType=TIMESTAMP},
			#{publisher,jdbcType=VARCHAR},
			#{click,jdbcType=TINYINT},
			#{loanBalanceEndingBalance,jdbcType=DECIMAL},
			#{loanBalanceIsHigherThanLastMonth,jdbcType=DECIMAL},
			#{loanBalanceThanTheBeginningOfTheYear,jdbcType=DECIMAL},
			#{loanBalanceOverTheSamePeriod,jdbcType=DECIMAL},
			#{nplBalanceEndingBalance,jdbcType=DECIMAL},
			#{nplBalanceIsHigherThanLastMonth,jdbcType=DECIMAL},
			#{nonPerformingLoanBalance,jdbcType=DECIMAL},
			#{nonPerformingLoanBalanceOverTheSamePeriod,jdbcType=DECIMAL},
			#{nplRatioEndingBalance,jdbcType=DECIMAL},
			#{nplRatioThanLastMonth,jdbcType=DECIMAL},
			#{nonPerformingLoans,jdbcType=DECIMAL},
			#{type,jdbcType=TINYINT},
		    #{statisticsDate,jdbcType=VARCHAR},
			#{parentId,jdbcType=VARCHAR}
		 ) ]]>
    </insert>

    <!-- 批量插入 -->
    <insert id="batchInsert" parameterType="java.util.List">
        <![CDATA[ insert into t_fd_public_rental_housing_loan ( ]]>
        <include refid="Base_Column_List"/>
        <![CDATA[ ) values ]]>
        <foreach collection="list" item="it" separator=",">
            <![CDATA[ (
			#{it.id,jdbcType=VARCHAR},
			#{it.cochainState,jdbcType=VARCHAR},
			#{it.creator,jdbcType=VARCHAR},
			#{it.creatorId,jdbcType=VARCHAR},
			#{it.createDate,jdbcType=TIMESTAMP},
			#{it.modifyPersonId,jdbcType=VARCHAR},
			#{it.modifyPerson,jdbcType=VARCHAR},
			#{it.modifyDate,jdbcType=TIMESTAMP},
			#{it.isInvalid,jdbcType=VARCHAR},
			#{it.invalidateDate,jdbcType=TIMESTAMP},
			#{it.invalidateUserId,jdbcType=VARCHAR},
			#{it.publishTime,jdbcType=TIMESTAMP},
			#{it.publisher,jdbcType=VARCHAR},
			#{it.click,jdbcType=TINYINT},
			#{it.loanBalanceEndingBalance,jdbcType=DECIMAL},
			#{it.loanBalanceIsHigherThanLastMonth,jdbcType=DECIMAL},
			#{it.loanBalanceThanTheBeginningOfTheYear,jdbcType=DECIMAL},
			#{it.loanBalanceOverTheSamePeriod,jdbcType=DECIMAL},
			#{it.nplBalanceEndingBalance,jdbcType=DECIMAL},
			#{it.nplBalanceIsHigherThanLastMonth,jdbcType=DECIMAL},
			#{it.nonPerformingLoanBalance,jdbcType=DECIMAL},
			#{it.nonPerformingLoanBalanceOverTheSamePeriod,jdbcType=DECIMAL},
			#{it.nplRatioEndingBalance,jdbcType=DECIMAL},
			#{it.nplRatioThanLastMonth,jdbcType=DECIMAL},
			#{it.nonPerformingLoans,jdbcType=DECIMAL},
			#{it.type,jdbcType=TINYINT},
		    #{it.statisticsDate,jdbcType=VARCHAR},
			#{it.parentId,jdbcType=VARCHAR}
			) ]]>
        </foreach>
    </insert>

    <!-- 物理删除：通过主键ID单条删除 -->
    <delete id="deleteByPrimaryKey" parameterType="com.clkj.entity.cfd.CFdPublicRentalHousingLoan">
        <![CDATA[ delete from t_fd_public_rental_housing_loan  ]]>
        <trim prefix="where" prefixOverrides="AND|OR">
            <![CDATA[ AND ID = #{id,jdbcType=VARCHAR} AND 	]]>
        </trim>
    </delete>

    <!-- 物理删除：通过主键ID批量删除 -->
    <delete id="batchDeleteByPrimaryKey" parameterType="java.util.List">
        <![CDATA[ delete from t_fd_public_rental_housing_loan  ]]>
        <trim prefix="where" prefixOverrides="AND|OR">
            <foreach collection="list" item="it" separator=" OR " open="(" close=")">
                <trim prefixOverrides="AND|OR">
                    <![CDATA[ AND ID = #{it.id,jdbcType=VARCHAR}	]]>
                </trim>
            </foreach>
        </trim>
    </delete>

    <!-- 根据id，属性值全量更新数据记录-->
    <update id="updateByPrimaryKey" parameterType="com.clkj.entity.cfd.CFdPublicRentalHousingLoan">
        <![CDATA[ update t_fd_public_rental_housing_loan ]]>
        <trim prefix="set" suffixOverrides=",">
            <![CDATA[ COCHAIN_STATE = #{cochainState},]]>
            <![CDATA[ CREATOR = #{creator},	]]>
            <![CDATA[ CREATOR_ID = #{creatorId},	]]>
            <![CDATA[ CREATE_DATE = #{createDate},	]]>
            <![CDATA[ MODIFY_PERSON_ID = #{modifyPersonId},	]]>
            <![CDATA[ MODIFY_PERSON = #{modifyPerson},	]]>
            <![CDATA[ MODIFY_DATE = #{modifyDate},	]]>
            <![CDATA[ INVALIDATE_DATE = #{invalidateDate},	]]>
            <![CDATA[ INVALIDATE_USER_ID = #{invalidateUserId},	]]>
            <![CDATA[ PUBLISH_TIME = #{publishTime},]]>
            <![CDATA[ PUBLISHER = #{publisher},	]]>
            <![CDATA[ CLICK = #{click},]]>
            <![CDATA[ LOAN_BALANCE_ENDING_BALANCE = #{loanBalanceEndingBalance},]]>
            <![CDATA[ LOAN_BALANCE_IS_HIGHER_THAN_LAST_MONTH = #{loanBalanceIsHigherThanLastMonth},]]>
            <![CDATA[ LOAN_BALANCE_THAN_THE_BEGINNING_OF_THE_YEAR = #{loanBalanceThanTheBeginningOfTheYear},	]]>
            <![CDATA[ LOAN_BALANCE_OVER_THE_SAME_PERIOD = #{loanBalanceOverTheSamePeriod},]]>
            <![CDATA[ NPL_BALANCE_ENDING_BALANCE = #{nplBalanceEndingBalance},	]]>
            <![CDATA[ NPL_BALANCE_IS_HIGHER_THAN_LAST_MONTH = #{nplBalanceIsHigherThanLastMonth},]]>
            <![CDATA[ NON_PERFORMING_LOAN_BALANCE = #{nonPerformingLoanBalance},]]>
            <![CDATA[ NON_PERFORMING_LOAN_BALANCE_OVER_THE_SAME_PERIOD = #{nonPerformingLoanBalanceOverTheSamePeriod},	]]>
            <![CDATA[ NPL_RATIO_ENDING_BALANCE = #{nplRatioEndingBalance},	]]>
            <![CDATA[ NPL_RATIO_THAN_LAST_MONTH = #{nplRatioThanLastMonth},	]]>
            <![CDATA[ NON_PERFORMING_LOANS = #{nonPerformingLoans},	]]>
            <![CDATA[ `TYPE` = #{type}, ]]>
            <![CDATA[STATISTICS_DATE = #{statisticsDate}, ]]>
            <![CDATA[ PARENT_ID = #{parentId} ]]>
        </trim>
        <trim prefix="where" prefixOverrides="AND|OR">
            <![CDATA[ AND ID = #{id,jdbcType=VARCHAR} ]]>
            <![CDATA[ AND IS_INVALID = '0' 	]]>
        </trim>
    </update>

    <!-- 根据id，更新属性值为非NULL的数据记录-->
    <update id="updateByPrimaryKeySelective" parameterType="com.clkj.entity.cfd.CFdPublicRentalHousingLoan">
        <![CDATA[ update t_fd_public_rental_housing_loan ]]>
        <trim prefix="set" suffixOverrides=",">
            <if test="cochainState != null and cochainState != ''">
                COCHAIN_STATE = #{cochainState},
            </if>
            <if test="creator != null and creator != ''">
                CREATOR = #{creator},
            </if>
            <if test="creatorId != null and creatorId != ''">
                CREATOR_ID = #{creatorId},
            </if>
            <if test="createDate != null">
                CREATE_DATE = #{createDate},
            </if>
            <if test="modifyPersonId != null and modifyPersonId != ''">
                MODIFY_PERSON_ID = #{modifyPersonId},
            </if>
            <if test="modifyPerson != null and modifyPerson != ''">
                MODIFY_PERSON = #{modifyPerson},
            </if>
            <if test="modifyDate != null">
                MODIFY_DATE = #{modifyDate},
            </if>
            <if test="invalidateDate != null">
                INVALIDATE_DATE = #{invalidateDate},
            </if>
            <if test="invalidateUserId != null and invalidateUserId != ''">
                INVALIDATE_USER_ID = #{invalidateUserId},
            </if>
            <if test="publishTime != null">
                PUBLISH_TIME = #{publishTime},
            </if>
            <if test="publisher != null and publisher != ''">
                PUBLISHER = #{publisher},
            </if>
            <if test="click != null">
                CLICK = #{click},
            </if>
            <if test="loanBalanceEndingBalance != null">
                LOAN_BALANCE_ENDING_BALANCE = #{loanBalanceEndingBalance},
            </if>
            <if test="loanBalanceIsHigherThanLastMonth != null">
                LOAN_BALANCE_IS_HIGHER_THAN_LAST_MONTH = #{loanBalanceIsHigherThanLastMonth},
            </if>
            <if test="loanBalanceThanTheBeginningOfTheYear != null">
                LOAN_BALANCE_THAN_THE_BEGINNING_OF_THE_YEAR = #{loanBalanceThanTheBeginningOfTheYear},
            </if>
            <if test="loanBalanceOverTheSamePeriod != null">
                LOAN_BALANCE_OVER_THE_SAME_PERIOD = #{loanBalanceOverTheSamePeriod},
            </if>
            <if test="nplBalanceEndingBalance != null">
                NPL_BALANCE_ENDING_BALANCE = #{nplBalanceEndingBalance},
            </if>
            <if test="nplBalanceIsHigherThanLastMonth != null">
                NPL_BALANCE_IS_HIGHER_THAN_LAST_MONTH = #{nplBalanceIsHigherThanLastMonth},
            </if>
            <if test="nonPerformingLoanBalance != null">
                NON_PERFORMING_LOAN_BALANCE = #{nonPerformingLoanBalance},
            </if>
            <if test="nonPerformingLoanBalanceOverTheSamePeriod != null">
                NON_PERFORMING_LOAN_BALANCE_OVER_THE_SAME_PERIOD = #{nonPerformingLoanBalanceOverTheSamePeriod},
            </if>
            <if test="nplRatioEndingBalance != null">
                NPL_RATIO_ENDING_BALANCE = #{nplRatioEndingBalance},
            </if>
            <if test="nplRatioThanLastMonth != null">
                NPL_RATIO_THAN_LAST_MONTH = #{nplRatioThanLastMonth},
            </if>
            <if test="nonPerformingLoans != null">
                NON_PERFORMING_LOANS = #{nonPerformingLoans},
            </if>
            <if test="type != null">
                `TYPE` = #{type},
            </if>
            <if test="statisticsDate != null and statisticsDate != ''">
                STATISTICS_DATE = #{statisticsDate},
            </if>
            <if test="parentId != null and parentId != ''">
                PARENT_ID = #{parentId},
            </if>
        </trim>
        <trim prefix="where" prefixOverrides="AND| ">
            <![CDATA[ AND ID = #{id, jdbcType=VARCHAR } ]]>
            <![CDATA[ AND IS_INVALID = '0' 	]]>
        </trim>
    </update>

    <!-- 根据id查询 -->
    <select id="selectByPrimaryKey" resultMap="BaseResultMap"
            parameterType="com.clkj.entity.cfd.CFdPublicRentalHousingLoan">
        <![CDATA[ select ]]><include refid="Base_Column_List"/><![CDATA[ from t_fd_public_rental_housing_loan ]]>
        <trim prefix="where" prefixOverrides="AND|OR">
            <![CDATA[ AND ID = #{id,jdbcType=VARCHAR}]]>
            <![CDATA[ AND IS_INVALID = '0' 	]]>
        </trim>
    </select>


    <!-- 查询条件 -->
    <sql id="Example_Where_Clause">
        <trim prefix="where" prefixOverrides="AND|OR">
            <if test="id != null and id != ''">
                <![CDATA[ AND ID = #{id,jdbcType=VARCHAR} ]]>
            </if>
            <if test="cochainState != null and cochainState != ''">
                COCHAIN_STATE = #{cochainState},
            </if>
            <if test="creator != null and creator != ''">
                CREATOR = #{creator},
            </if>
            <if test="creatorId != null and creatorId != ''">
                CREATOR_ID = #{creatorId},
            </if>
            <if test="createDate != null">
                CREATE_DATE = #{createDate},
            </if>
            <if test="modifyPersonId != null and modifyPersonId != ''">
                MODIFY_PERSON_ID = #{modifyPersonId},
            </if>
            <if test="modifyPerson != null and modifyPerson != ''">
                MODIFY_PERSON = #{modifyPerson},
            </if>
            <if test="modifyDate != null">
                MODIFY_DATE = #{modifyDate},
            </if>
            <if test="isInvalid != null and isInvalid != ''">
                IS_INVALID = #{isInvalid},
            </if>
            <if test="invalidateDate != null">
                INVALIDATE_DATE = #{invalidateDate},
            </if>
            <if test="invalidateUserId != null and invalidateUserId != ''">
                INVALIDATE_USER_ID = #{invalidateUserId},
            </if>
            <if test="publishTime != null">
                PUBLISH_TIME = #{publishTime},
            </if>
            <if test="publisher != null and publisher != ''">
                PUBLISHER = #{publisher},
            </if>
            <if test="click != null">
                CLICK = #{click},
            </if>
            <if test="loanBalanceEndingBalance != null">
                LOAN_BALANCE_ENDING_BALANCE = #{loanBalanceEndingBalance},
            </if>
            <if test="loanBalanceIsHigherThanLastMonth != null">
                LOAN_BALANCE_IS_HIGHER_THAN_LAST_MONTH = #{loanBalanceIsHigherThanLastMonth},
            </if>
            <if test="loanBalanceThanTheBeginningOfTheYear != null">
                LOAN_BALANCE_THAN_THE_BEGINNING_OF_THE_YEAR = #{loanBalanceThanTheBeginningOfTheYear},
            </if>
            <if test="loanBalanceOverTheSamePeriod != null">
                LOAN_BALANCE_OVER_THE_SAME_PERIOD = #{loanBalanceOverTheSamePeriod},
            </if>
            <if test="nplBalanceEndingBalance != null">
                NPL_BALANCE_ENDING_BALANCE = #{nplBalanceEndingBalance},
            </if>
            <if test="nplBalanceIsHigherThanLastMonth != null">
                NPL_BALANCE_IS_HIGHER_THAN_LAST_MONTH = #{nplBalanceIsHigherThanLastMonth},
            </if>
            <if test="nonPerformingLoanBalance != null">
                NON_PERFORMING_LOAN_BALANCE = #{nonPerformingLoanBalance},
            </if>
            <if test="nonPerformingLoanBalanceOverTheSamePeriod != null">
                NON_PERFORMING_LOAN_BALANCE_OVER_THE_SAME_PERIOD = #{nonPerformingLoanBalanceOverTheSamePeriod},
            </if>
            <if test="nplRatioEndingBalance != null">
                NPL_RATIO_ENDING_BALANCE = #{nplRatioEndingBalance},
            </if>
            <if test="nplRatioThanLastMonth != null">
                NPL_RATIO_THAN_LAST_MONTH = #{nplRatioThanLastMonth},
            </if>
            <if test="nonPerformingLoans != null">
                NON_PERFORMING_LOANS = #{nonPerformingLoans},
            </if>
            <if test="type != null">
                `TYPE` = #{type},
            </if>
            <if test="statisticsDate != null and statisticsDate != ''">
                STATISTICS_DATE = #{statisticsDate},
            </if>
            <if test="parentId != null and parentId != ''">
                PARENT_ID = #{parentId},
            </if>
        </trim>
    </sql>

    <!-- 查询列表 -->
    <select id="list" parameterType="java.util.Map" resultMap="BaseResultMap">
        <![CDATA[ select 	]]>
        <include refid="Base_Column_List"/>
        <![CDATA[ from t_fd_public_rental_housing_loan ]]>
        <![CDATA[ WHERE IS_INVALID = '0' AND  PARENT_ID = '0']]>
        <![CDATA[ order by MODIFY_DATE DESC,STATISTICS_DATE ASC ]]>
    </select>

    <!-- 查询总数-->
    <select id="count" parameterType="java.util.Map" resultType="java.lang.Integer">
        <![CDATA[ select count(1) from t_fd_public_rental_housing_loan  ]]>
        <![CDATA[ WHERE IS_INVALID = '0' AND  PARENT_ID = '0']]>
        <include refid="Example_Where_Clause"/>
    </select>


    <!-- 查询所有点击状态为1的 但是显示未上链的对象集合-->
    <select id="listByClick" resultMap="BaseResultMap">
        <![CDATA[ select ]]>
        <include refid="Base_Column_List"/>
        <![CDATA[ from t_fd_public_rental_housing_loan ]]>
        where  <![CDATA[ CLICK = '1'  AND IS_INVALID = '0'  AND COCHAIN_STATE != '2' ]]>
    </select>

    <!-- 根据Id查询对象 -->
    <select id="queryById" resultMap="BaseResultMap">
        <![CDATA[ select ]]>
        <include refid="Base_Column_List"/>
        <![CDATA[ from t_fd_public_rental_housing_loan ]]>
        <![CDATA[ WHERE IS_INVALID = '0' AND  ID = #{id,jdbcType=VARCHAR}]]>
    </select>
    <!-- 根据 @patentId 查询对象,并且查询子对象 -->
    <select id="queryObjectByParentId" resultMap="BaseResultMap">
        <![CDATA[ select ]]>
        <include refid="Base_Column_List"/>
        <![CDATA[ from t_fd_public_rental_housing_loan ]]>
        <![CDATA[ WHERE IS_INVALID = '0' AND  PARENT_ID = #{parentId}]]>
    </select>

    <!-- 查询所有parentId = 0 的数据数据集合 -->
    <select id="queryListByParentId" resultMap="BaseResultMap">
        <![CDATA[ select ]]>
        <include refid="Base_Column_List"/>
        <![CDATA[ from t_fd_public_rental_housing_loan ]]>
        <![CDATA[ WHERE IS_INVALID = '0' AND  PARENT_ID = '0']]>
    </select>

    <select id="queryByStatisticsDate" resultType="java.lang.Integer">
        <![CDATA[ select count(*)]]>
        <![CDATA[ from t_fd_public_rental_housing_loan ]]>
        <![CDATA[ WHERE IS_INVALID = '0' AND  STATISTICS_DATE = #{statisticsDate} ]]>
    </select>

</mapper>   
