<?xml version="1.0" encoding="UTF-8"?>
<!DOCTYPE mapper PUBLIC "-//mybatis.org//DTD Mapper 3.0//EN" "http://mybatis.org/dtd/mybatis-3-mapper.dtd" >
<mapper namespace="com.clkj.mapper.dao.cog.TComplanyMapper" > 
	<!-- Result Map-->
	<resultMap id="BaseResultMap" type="com.clkj.entity.cog.TComplany">
		<id column="ID" property="id" javaType="String"/>
		<result column="COMPANY_NAME" property="companyName" javaType="String"/>
		<result column="COMPANY_NO" property="companyNo" javaType="String"/>
	</resultMap>
       
	<!--  -->
	<sql id="Base_Column_List" >
		ID ,COMPANY_NAME ,COMPANY_NO 
	</sql>
	
	<!-- 插入记录 -->
	<insert id="insert" parameterType="com.clkj.entity.cog.TComplany" >
		<![CDATA[ insert into t_complany ( ]]>
		<include refid="Base_Column_List"/>
		<![CDATA[  ) values ( 
			#{id,jdbcType=VARCHAR},
			#{companyName,jdbcType=VARCHAR},
			#{companyNo,jdbcType=VARCHAR}
		 ) ]]>
	</insert>
	
	<!-- 批量插入 -->
	<insert id="batchInsert" parameterType="java.util.List" >
		<![CDATA[ insert into t_complany ( ]]>
		<include refid="Base_Column_List"/>
		<![CDATA[ ) values ]]>
			<foreach collection="list" item="it" separator=",">
			<![CDATA[ (
				#{it.id,jdbcType=VARCHAR},
				#{it.companyName,jdbcType=VARCHAR},
				#{it.companyNo,jdbcType=VARCHAR}
			) ]]>
		</foreach>
	</insert>
	
	<!-- 物理删除：通过主键ID单条删除 -->
	<delete id="deleteByPrimaryKey" parameterType="com.clkj.entity.cog.TComplany">
	    <![CDATA[ delete from t_complany  ]]>
	    <trim prefix="where" prefixOverrides="AND|OR">
			<![CDATA[ AND ID = #{id,jdbcType=VARCHAR}	]]>
	    </trim>
  	</delete>
  	
  	<!-- 物理删除：通过主键ID批量删除 -->
	<delete id="batchDeleteByPrimaryKey" parameterType="java.util.List" >
	    <![CDATA[ delete from t_complany  ]]>
	    <trim prefix="where" prefixOverrides="AND|OR">
	    	<foreach collection="list" item="it" separator=" OR " open="(" close=")" >
	    		<trim prefixOverrides="AND|OR">
					<![CDATA[ AND ID = #{it.id,jdbcType=VARCHAR}	]]>
	    		</trim>
	    	</foreach>
	    </trim>
  	</delete>
  	
  	<!-- 根据id，属性值全量更新数据记录--> 
  	<update id="updateByPrimaryKey" parameterType="com.clkj.entity.cog.TComplany" >
		<![CDATA[ update t_complany ]]>
		<trim prefix="set" suffixOverrides=",">
			<![CDATA[ COMPANY_NAME = #{companyName,jdbcType=VARCHAR},	]]>
			<![CDATA[ COMPANY_NO = #{companyNo,jdbcType=VARCHAR},	]]>
		</trim>
		<trim prefix="where" prefixOverrides="AND|OR">
			<![CDATA[ AND ID = #{id,jdbcType=VARCHAR}	]]>
		</trim>
	</update>
   
	<!-- 根据id，更新属性值为非NULL的数据记录--> 
  	<update id="updateByPrimaryKeySelective" parameterType="com.clkj.entity.cog.TComplany" >
		<![CDATA[ update t_complany ]]>
		<trim prefix="set" suffixOverrides=",">
			<if test=" companyName != null ">
				<![CDATA[ COMPANY_NAME = #{companyName,jdbcType=VARCHAR},	]]>
			</if>
			<if test=" companyNo != null ">
				<![CDATA[ COMPANY_NO = #{companyNo,jdbcType=VARCHAR},	]]>
			</if>
		</trim>
		<trim prefix="where" prefixOverrides="AND|OR">
			<![CDATA[ AND ID = #{id,jdbcType=VARCHAR}	]]>
		</trim>
	</update>
	
	<!-- 根据id查询 -->
	<select id="selectByPrimaryKey" resultMap="BaseResultMap" parameterType="com.clkj.entity.cog.TComplany">
		<![CDATA[ select ]]><include refid="Base_Column_List"/><![CDATA[ from t_complany ]]>
		<trim prefix="where" prefixOverrides="AND|OR">
			<![CDATA[ AND ID = #{id,jdbcType=VARCHAR}	]]>
		</trim>
	</select>
	
	<!-- 存在校验查询 -->
	<select id="checkExsit" resultType="java.lang.Integer" parameterType="com.clkj.entity.cog.TComplany">
		<![CDATA[ select count(1) num from t_complany ]]>
		<trim prefix="where" prefixOverrides="AND|OR">
			<if test=" id != null ">
				<![CDATA[ AND ID != #{id,jdbcType=VARCHAR}	]]>
			</if>
			<if test=" companyName != null ">
				<![CDATA[ AND COMPANY_NAME = #{companyName,jdbcType=VARCHAR}	]]>
			</if>
			<if test=" companyNo != null ">
				<![CDATA[ AND COMPANY_NO = #{companyNo,jdbcType=VARCHAR}	]]>
			</if>
		</trim>
	</select>
	
	<!-- 查询条件 -->
	<sql id="Example_Where_Clause">
		<trim prefix="where" prefixOverrides="AND|OR">
			<if test="id != null and id != ''">
				<![CDATA[ AND ID = #{id,jdbcType=VARCHAR} ]]>
			</if>
			<if test="companyName != null and companyName != ''">
				<![CDATA[ AND COMPANY_NAME = #{companyName,jdbcType=VARCHAR} ]]>
			</if>
			<if test="companyNo != null and companyNo != ''">
				<![CDATA[ AND COMPANY_NO = #{companyNo,jdbcType=VARCHAR} ]]>
			</if>
		</trim>
	</sql>
	
	<!-- 查询总数-->
	<select id="count" parameterType="java.util.Map" resultType="java.lang.Integer">
  		<![CDATA[ select count(1) from t_complany 	]]>
  		<include refid="Example_Where_Clause"/>
	</select>
  
  	<!-- 查询列表 -->
  	<select id="list" parameterType="java.util.Map" resultMap="BaseResultMap">
  		<![CDATA[ select 	]]>
		<include refid="Base_Column_List"/>
		<![CDATA[ from t_complany 	]]>
		<include refid="Example_Where_Clause"/>
		<include refid="com.clkj.mapper.dao.base.BaseMapper.orderTSql"/>
  	</select>

	<!-- 根据机构名称获取机构编号  -->
	<select id="selectBycompanyName"  resultType="java.lang.String">
		<![CDATA[ select COMPANY_NO  from t_complany 	]]>
		WHERE COMPANY_NAME = #{companyName,jdbcType=VARCHAR}
	</select>

</mapper>   
