<?xml version="1.0" encoding="UTF-8"?>
<!DOCTYPE mapper PUBLIC "-//mybatis.org//DTD Mapper 3.0//EN" "http://mybatis.org/dtd/mybatis-3-mapper.dtd" >
<mapper namespace="com.clkj.mapper.dao.cog.TOrganizationMapper" > 
	<!-- Result Map-->
	<resultMap id="BaseResultMap" type="com.clkj.entity.cog.TOrganization">
		<id column="ID" property="id" javaType="String"/>
		<result column="ORGANIZATION_CF_NAME" property="organizationCfName" javaType="String"/>
		<result column="ORGANIZATION_CS_NAME" property="organizationCsName" javaType="String"/>
		<result column="COMPANY_NO" property="companyNo" javaType="String"/>
		<result column="DATA_CODE" property="dataCode" javaType="String"/>
		<result column="CREAT_TIME" property="creatTime" javaType="java.util.Date"/>
		<result column="ORG_ID" property="orgId" javaType="String"/>
	</resultMap>
       
	<!--  -->
	<sql id="Base_Column_List" >
		ID ,ORGANIZATION_CF_NAME ,ORGANIZATION_CS_NAME ,COMPANY_NO ,DATA_CODE ,CREAT_TIME,ORG_ID
	</sql>
	
	<!-- 插入记录 -->
	<insert id="insert" parameterType="com.clkj.entity.cog.TOrganization" >
		<![CDATA[ insert into t_organization ( ]]>
		<include refid="Base_Column_List"/>
		<![CDATA[  ) values ( 
			#{id,jdbcType=VARCHAR},
			#{organizationCfName,jdbcType=VARCHAR},
			#{organizationCsName,jdbcType=VARCHAR},
			#{companyNo,jdbcType=VARCHAR},
			#{dataCode,jdbcType=VARCHAR},
			#{creatTime,jdbcType=TIMESTAMP},
			#{orgId,jdbcType=VARCHAR}
		 ) ]]>
	</insert>
	
	<!-- 批量插入 -->
	<insert id="batchInsert" parameterType="java.util.List" >
		<![CDATA[ insert into t_organization ( ]]>
		<include refid="Base_Column_List"/>
		<![CDATA[ ) values ]]>
			<foreach collection="list" item="it" separator=",">
			<![CDATA[ (
				#{it.id,jdbcType=VARCHAR},
				#{it.organizationCfName,jdbcType=VARCHAR},
				#{it.organizationCsName,jdbcType=VARCHAR},
				#{it.companyNo,jdbcType=VARCHAR},
				#{it.dataCode,jdbcType=VARCHAR},
				#{it.creatTime,jdbcType=TIMESTAMP}
				#{it.orgId,jdbcType=VARCHAR}
			) ]]>
		</foreach>
	</insert>
	
	<!-- 物理删除：通过主键ID单条删除 -->
	<delete id="deleteByPrimaryKey" parameterType="com.clkj.entity.cog.TOrganization">
	    <![CDATA[ delete from t_organization  ]]>
	    <trim prefix="where" prefixOverrides="AND|OR">
			<![CDATA[ AND ID = #{id,jdbcType=VARCHAR}	]]>
	    </trim>
  	</delete>
  	
  	<!-- 物理删除：通过主键ID批量删除 -->
	<delete id="batchDeleteByPrimaryKey" parameterType="java.util.List" >
	    <![CDATA[ delete from t_organization  ]]>
	    <trim prefix="where" prefixOverrides="AND|OR">
	    	<foreach collection="list" item="it" separator=" OR " open="(" close=")" >
	    		<trim prefixOverrides="AND|OR">
					<![CDATA[ AND ID = #{it.id,jdbcType=VARCHAR}	]]>
	    		</trim>
	    	</foreach>
	    </trim>
  	</delete>
  	
  	<!-- 根据id，属性值全量更新数据记录--> 
  	<update id="updateByPrimaryKey" parameterType="com.clkj.entity.cog.TOrganization" >
		<![CDATA[ update t_organization ]]>
		<trim prefix="set" suffixOverrides=",">
			<![CDATA[ ORGANIZATION_CF_NAME = #{organizationCfName,jdbcType=VARCHAR},	]]>
			<![CDATA[ ORGANIZATION_CS_NAME = #{organizationCsName,jdbcType=VARCHAR},	]]>
			<![CDATA[ COMPANY_NO = #{companyNo,jdbcType=VARCHAR},	]]>
			<![CDATA[ DATA_CODE = #{dataCode,jdbcType=VARCHAR},	]]>
			<![CDATA[ CREAT_TIME = #{creatTime,jdbcType=TIMESTAMP},	]]>
		</trim>
		<trim prefix="where" prefixOverrides="AND|OR">
			<![CDATA[ AND ID = #{id,jdbcType=VARCHAR}	]]>
		</trim>
	</update>
   
	<!-- 根据id，更新属性值为非NULL的数据记录--> 
  	<update id="updateByPrimaryKeySelective" parameterType="com.clkj.entity.cog.TOrganization" >
		<![CDATA[ update t_organization ]]>
		<trim prefix="set" suffixOverrides=",">
			<if test=" organizationCfName != null ">
				<![CDATA[ ORGANIZATION_CF_NAME = #{organizationCfName,jdbcType=VARCHAR},	]]>
			</if>
			<if test=" organizationCsName != null ">
				<![CDATA[ ORGANIZATION_CS_NAME = #{organizationCsName,jdbcType=VARCHAR},	]]>
			</if>
			<if test=" companyNo != null ">
				<![CDATA[ COMPANY_NO = #{companyNo,jdbcType=VARCHAR},	]]>
			</if>
			<if test=" dataCode != null ">
				<![CDATA[ DATA_CODE = #{dataCode,jdbcType=VARCHAR},	]]>
			</if>
			<if test=" creatTime != null ">
				<![CDATA[ CREAT_TIME = #{creatTime,jdbcType=TIMESTAMP},	]]>
			</if>
		</trim>
		<trim prefix="where" prefixOverrides="AND|OR">
			<![CDATA[ AND ID = #{id,jdbcType=VARCHAR}	]]>
		</trim>
	</update>
	
	<!-- 根据id查询 -->
	<select id="selectByPrimaryKey" resultMap="BaseResultMap" parameterType="com.clkj.entity.cog.TOrganization">
		<![CDATA[ select ]]><include refid="Base_Column_List"/><![CDATA[ from t_organization ]]>
		<trim prefix="where" prefixOverrides="AND|OR">
			<![CDATA[ AND ID = #{id,jdbcType=VARCHAR}	]]>
		</trim>
	</select>
	
	<!-- 存在校验查询 -->
	<select id="checkExsit" resultType="java.lang.Integer" parameterType="com.clkj.entity.cog.TOrganization">
		<![CDATA[ select count(1) num from t_organization ]]>
		<trim prefix="where" prefixOverrides="AND|OR">
			<if test=" id != null ">
				<![CDATA[ AND ID != #{id,jdbcType=VARCHAR}	]]>
			</if>
			<if test=" organizationCfName != null ">
				<![CDATA[ AND ORGANIZATION_CF_NAME = #{organizationCfName,jdbcType=VARCHAR}	]]>
			</if>
			<if test=" organizationCsName != null ">
				<![CDATA[ AND ORGANIZATION_CS_NAME = #{organizationCsName,jdbcType=VARCHAR}	]]>
			</if>
			<if test=" companyNo != null ">
				<![CDATA[ AND COMPANY_NO = #{companyNo,jdbcType=VARCHAR}	]]>
			</if>
			<if test=" dataCode != null ">
				<![CDATA[ AND DATA_CODE = #{dataCode,jdbcType=VARCHAR}	]]>
			</if>
			<if test=" creatTime != null ">
				<![CDATA[ AND CREAT_TIME = #{creatTime,jdbcType=TIMESTAMP}	]]>
			</if>
		</trim>
	</select>
	
	<!-- 查询条件 -->
	<sql id="Example_Where_Clause">
		<trim prefix="where" prefixOverrides="AND|OR">
			<if test="id != null and id != ''">
				<![CDATA[ AND ID = #{id,jdbcType=VARCHAR} ]]>
			</if>
			<if test="organizationCfName != null and organizationCfName != ''">
				<![CDATA[ AND ORGANIZATION_CF_NAME = #{organizationCfName,jdbcType=VARCHAR} ]]>
			</if>
			<if test="organizationCsName != null and organizationCsName != ''">
				<![CDATA[ AND ORGANIZATION_CS_NAME = #{organizationCsName,jdbcType=VARCHAR} ]]>
			</if>
			<if test="companyNo != null and companyNo != ''">
				<![CDATA[ AND COMPANY_NO = #{companyNo,jdbcType=VARCHAR} ]]>
			</if>
			<if test="dataCode != null and dataCode != ''">
				<![CDATA[ AND DATA_CODE = #{dataCode,jdbcType=VARCHAR} ]]>
			</if>
			<if test="creatTimeStart != null and creatTimeStart != ''">
				<![CDATA[ AND CREAT_TIME >= #{creatTimeStart,jdbcType=varchar} ]]>
			</if>
			<if test="creatTimeEnd != null and creatTimeEnd != ''">
				<![CDATA[ AND CREAT_TIME < #{creatTimeEnd,jdbcType=varchar} ]]>
			</if>
		</trim>
	</sql>
	
	<!-- 查询总数-->
	<select id="count" parameterType="java.util.Map" resultType="java.lang.Integer">
  		<![CDATA[ select count(1) from t_organization 	]]>
  		<include refid="Example_Where_Clause"/>
	</select>
  
  	<!-- 查询列表 -->
  	<select id="list" parameterType="java.util.Map" resultMap="BaseResultMap">
  		<![CDATA[ select 	]]>
		<include refid="Base_Column_List"/>
		<![CDATA[ from t_organization 	]]>
		<include refid="Example_Where_Clause"/>
		<include refid="com.clkj.mapper.dao.base.BaseMapper.orderTSql"/>
  	</select>
  	
  	<delete id="deleteAll">
	    <![CDATA[ delete from t_organization  ]]>
  	</delete>

	<!-- 根绝机构编号或者 dataCode 底下所有支行 -->
	<select id="getOrgList"  resultMap="BaseResultMap">
		<![CDATA[ select 	]]>
		<include refid="Base_Column_List"/>
		<![CDATA[ from t_organization 	]]>
		<![CDATA[ where COMPANY_NO = #{companyNo,jdbcType=VARCHAR} ]]>
	</select>

	<!-- 根绝机构编号获取 底下所有支行 -->
	<select id="getOrgListByCompanyNo"  resultMap="BaseResultMap">
		<![CDATA[ select 	]]>
		<include refid="Base_Column_List"/>
		<![CDATA[ from t_organization 	]]>
		<if test="companyNo != null and companyNo != ''">
			<![CDATA[ where COMPANY_NO = #{companyNo,jdbcType=VARCHAR} ]]>
		</if>
	</select>
	

	<select id="getListByDataCodeAndCompanyNo"  resultType="java.lang.String">
		<![CDATA[ select 	]]>
		<![CDATA[ ORGANIZATION_CF_NAME 	]]>
		<![CDATA[ from t_organization 	]]>
		<![CDATA[ where COMPANY_NO = #{companyNo,jdbcType=VARCHAR} and DATA_CODE = #{dataCode,jdbcType=VARCHAR}  ]]>
	</select>

	<!-- 根据机构名称查询 -->
	<select id="getByOrgCFName" resultMap="BaseResultMap" parameterType="java.lang.String">
		<![CDATA[ select ]]><include refid="Base_Column_List"/><![CDATA[ from t_organization ]]>
		<trim prefix="where" prefixOverrides="AND|OR">
			<![CDATA[ AND ORGANIZATION_CF_NAME = #{organizationCfName,jdbcType=VARCHAR}	]]>
		</trim>
	</select>

	<!-- 根据机构简称查询 -->
	<select id="getByOrgCsName" resultMap="BaseResultMap" parameterType="java.lang.String">
		<![CDATA[ select ]]><include refid="Base_Column_List"/><![CDATA[ from t_organization ]]>
		<trim prefix="where" prefixOverrides="AND|OR">
			<![CDATA[ AND ORGANIZATION_CS_NAME = #{organizationCsName,jdbcType=VARCHAR}	]]>
		</trim>
	</select>


</mapper>   
