<?xml version="1.0" encoding="UTF-8"?>
<!DOCTYPE mapper PUBLIC "-//mybatis.org//DTD Mapper 3.0//EN" "http://mybatis.org/dtd/mybatis-3-mapper.dtd" >
<mapper namespace="com.clkj.mapper.dao.cog.TOrganizationTypeMapper" > 
	<!-- Result Map-->
	<resultMap id="BaseResultMap" type="com.clkj.entity.cog.TOrganizationType">
		<id column="ID" property="id" javaType="String"/>
		<result column="TYPE_CODE" property="typeCode" javaType="String"/>
		<result column="TYPE_NAME" property="typeName" javaType="String"/>
		<result column="CREAT_TIME" property="creatTime" javaType="java.util.Date"/>
	</resultMap>
       
	<!--  -->
	<sql id="Base_Column_List" >
		ID ,TYPE_CODE ,TYPE_NAME ,CREAT_TIME 
	</sql>
	
	<!-- 插入记录 -->
	<insert id="insert" parameterType="com.clkj.entity.cog.TOrganizationType" >
		<![CDATA[ insert into t_organization_type ( ]]>
		<include refid="Base_Column_List"/>
		<![CDATA[  ) values ( 
			#{id,jdbcType=VARCHAR},
			#{typeCode,jdbcType=VARCHAR},
			#{typeName,jdbcType=VARCHAR},
			#{creatTime,jdbcType=TIMESTAMP}
		 ) ]]>
	</insert>
	
	<!-- 批量插入 -->
	<insert id="batchInsert" parameterType="java.util.List" >
		<![CDATA[ insert into t_organization_type ( ]]>
		<include refid="Base_Column_List"/>
		<![CDATA[ ) values ]]>
			<foreach collection="list" item="it" separator=",">
			<![CDATA[ (
				#{it.id,jdbcType=VARCHAR},
				#{it.typeCode,jdbcType=VARCHAR},
				#{it.typeName,jdbcType=VARCHAR},
				#{it.creatTime,jdbcType=TIMESTAMP}
			) ]]>
		</foreach>
	</insert>
	
	<!-- 物理删除：通过主键ID单条删除 -->
	<delete id="deleteByPrimaryKey" parameterType="com.clkj.entity.cog.TOrganizationType">
	    <![CDATA[ delete from t_organization_type  ]]>
	    <trim prefix="where" prefixOverrides="AND|OR">
			<![CDATA[ AND ID = #{id,jdbcType=VARCHAR}	]]>
	    </trim>
  	</delete>
  	
  	<!-- 物理删除：通过主键ID批量删除 -->
	<delete id="batchDeleteByPrimaryKey" parameterType="java.util.List" >
	    <![CDATA[ delete from t_organization_type  ]]>
	    <trim prefix="where" prefixOverrides="AND|OR">
	    	<foreach collection="list" item="it" separator=" OR " open="(" close=")" >
	    		<trim prefixOverrides="AND|OR">
					<![CDATA[ AND ID = #{it.id,jdbcType=VARCHAR}	]]>
	    		</trim>
	    	</foreach>
	    </trim>
  	</delete>
  	
  	<!-- 根据id，属性值全量更新数据记录--> 
  	<update id="updateByPrimaryKey" parameterType="com.clkj.entity.cog.TOrganizationType" >
		<![CDATA[ update t_organization_type ]]>
		<trim prefix="set" suffixOverrides=",">
			<![CDATA[ TYPE_CODE = #{typeCode,jdbcType=VARCHAR},	]]>
			<![CDATA[ TYPE_NAME = #{typeName,jdbcType=VARCHAR},	]]>
			<![CDATA[ CREAT_TIME = #{creatTime,jdbcType=TIMESTAMP},	]]>
		</trim>
		<trim prefix="where" prefixOverrides="AND|OR">
			<![CDATA[ AND ID = #{id,jdbcType=VARCHAR}	]]>
		</trim>
	</update>
   
	<!-- 根据id，更新属性值为非NULL的数据记录--> 
  	<update id="updateByPrimaryKeySelective" parameterType="com.clkj.entity.cog.TOrganizationType" >
		<![CDATA[ update t_organization_type ]]>
		<trim prefix="set" suffixOverrides=",">
			<if test=" typeCode != null ">
				<![CDATA[ TYPE_CODE = #{typeCode,jdbcType=VARCHAR},	]]>
			</if>
			<if test=" typeName != null ">
				<![CDATA[ TYPE_NAME = #{typeName,jdbcType=VARCHAR},	]]>
			</if>
			<if test=" creatTime != null ">
				<![CDATA[ CREAT_TIME = #{creatTime,jdbcType=TIMESTAMP},	]]>
			</if>
		</trim>
		<trim prefix="where" prefixOverrides="AND|OR">
			<![CDATA[ AND ID = #{id,jdbcType=VARCHAR}	]]>
		</trim>
	</update>
	
	<!-- 根据id查询 -->
	<select id="selectByPrimaryKey" resultMap="BaseResultMap" parameterType="com.clkj.entity.cog.TOrganizationType">
		<![CDATA[ select ]]><include refid="Base_Column_List"/><![CDATA[ from t_organization_type ]]>
		<trim prefix="where" prefixOverrides="AND|OR">
			<![CDATA[ AND ID = #{id,jdbcType=VARCHAR}	]]>
		</trim>
	</select>
	
	<!-- 存在校验查询 -->
	<select id="checkExsit" resultType="java.lang.Integer" parameterType="com.clkj.entity.cog.TOrganizationType">
		<![CDATA[ select count(1) num from t_organization_type ]]>
		<trim prefix="where" prefixOverrides="AND|OR">
			<if test=" id != null ">
				<![CDATA[ AND ID != #{id,jdbcType=VARCHAR}	]]>
			</if>
			<if test=" typeCode != null ">
				<![CDATA[ AND TYPE_CODE = #{typeCode,jdbcType=VARCHAR}	]]>
			</if>
			<if test=" typeName != null ">
				<![CDATA[ AND TYPE_NAME = #{typeName,jdbcType=VARCHAR}	]]>
			</if>
			<if test=" creatTime != null ">
				<![CDATA[ AND CREAT_TIME = #{creatTime,jdbcType=TIMESTAMP}	]]>
			</if>
		</trim>
	</select>
	
	<!-- 查询条件 -->
	<sql id="Example_Where_Clause">
		<trim prefix="where" prefixOverrides="AND|OR">
			<if test="id != null and id != ''">
				<![CDATA[ AND ID = #{id,jdbcType=VARCHAR} ]]>
			</if>
			<if test="typeCode != null and typeCode != ''">
				<![CDATA[ AND TYPE_CODE = #{typeCode,jdbcType=VARCHAR} ]]>
			</if>
			<if test="typeName != null and typeName != ''">
				<![CDATA[ AND TYPE_NAME = #{typeName,jdbcType=VARCHAR} ]]>
			</if>
			<if test="creatTimeStart != null and creatTimeStart != ''">
				<![CDATA[ AND CREAT_TIME >= #{creatTimeStart,jdbcType=varchar} ]]>
			</if>
			<if test="creatTimeEnd != null and creatTimeEnd != ''">
				<![CDATA[ AND CREAT_TIME < #{creatTimeEnd,jdbcType=varchar} ]]>
			</if>
		</trim>
	</sql>
	
	<!-- 查询总数-->
	<select id="count" parameterType="java.util.Map" resultType="java.lang.Integer">
  		<![CDATA[ select count(1) from t_organization_type 	]]>
  		<include refid="Example_Where_Clause"/>
	</select>
  
  	<!-- 查询列表 -->
  	<select id="list" parameterType="java.util.Map" resultMap="BaseResultMap">
  		<![CDATA[ select 	]]>
		<include refid="Base_Column_List"/>
		<![CDATA[ from t_organization_type 	]]>
		<include refid="Example_Where_Clause"/>
		<include refid="com.clkj.mapper.dao.base.BaseMapper.orderTSql"/>
  	</select>
  	  	<delete id="deleteAll">
	    <![CDATA[ delete from t_organization_type  ]]>
  	</delete>
</mapper>   
