<?xml version="1.0" encoding="UTF-8"?>
<!DOCTYPE mapper PUBLIC "-//mybatis.org//DTD Mapper 3.0//EN" "http://mybatis.org/dtd/mybatis-3-mapper.dtd">
<mapper namespace="com.clkj.mapper.dao.cm.GyIsinteragencyQueryCcMapper">
  <resultMap id="BaseResultMap" type="com.clkj.entity.cm.GyIsinteragencyQueryCc">
    <!--@mbg.generated-->
    <!--@Table gy_isinteragency_query_cc-->
    <id column="id" jdbcType="VARCHAR" property="id" />
    <result column="PUNISH_RECORD_LIST" jdbcType="LONGVARCHAR" property="punishRecordList" />
    <result column="apply_query_id" jdbcType="LONGVARCHAR" property="applyQueryId" />
    <result column="organ" jdbcType="LONGVARCHAR" property="organ" />
    <result column="punished_name" jdbcType="LONGVARCHAR" property="punishedName" />
    <result column="identity_card" jdbcType="LONGVARCHAR" property="identityCard" />
    <result column="state" jdbcType="LONGVARCHAR" property="state" />
    <result column="create_date" jdbcType="TIMESTAMP" property="createDate" />
    <result column="punish_name" jdbcType="LONGVARCHAR" property="punishName" />
    <result column="basic_facts" jdbcType="LONGVARCHAR" property="basicFacts" />
    <result column="org_id" jdbcType="LONGVARCHAR" property="orgId" />
    <result column="fill_black_time" jdbcType="TIMESTAMP" property="fillBlackTime" />
    <result column="reporting_unit" jdbcType="LONGVARCHAR" property="reportingUnit" />
  </resultMap>
  <sql id="Base_Column_List">
    <!--@mbg.generated-->
    id, PUNISH_RECORD_LIST, apply_query_id, organ, punished_name, identity_card, `state`, 
    create_date, punish_name, basic_facts, org_id, fill_black_time, reporting_unit
  </sql>
  <select id="selectByPrimaryKey" parameterType="java.lang.String" resultMap="BaseResultMap">
    <!--@mbg.generated-->
    select 
    <include refid="Base_Column_List" />
    from gy_isinteragency_query_cc
    where id = #{id,jdbcType=VARCHAR}
  </select>
  <delete id="deleteByPrimaryKey" parameterType="java.lang.String">
    <!--@mbg.generated-->
    delete from gy_isinteragency_query_cc
    where id = #{id,jdbcType=VARCHAR}
  </delete>
  <insert id="insert" parameterType="com.clkj.entity.cm.GyIsinteragencyQueryCc">
    <!--@mbg.generated-->
    insert into gy_isinteragency_query_cc (id, PUNISH_RECORD_LIST, apply_query_id, 
      organ, punished_name, identity_card, 
      `state`, create_date, punish_name, 
      basic_facts, org_id, fill_black_time, 
      reporting_unit)
    values (#{id,jdbcType=VARCHAR}, #{punishRecordList,jdbcType=LONGVARCHAR}, #{applyQueryId,jdbcType=LONGVARCHAR}, 
      #{organ,jdbcType=LONGVARCHAR}, #{punishedName,jdbcType=LONGVARCHAR}, #{identityCard,jdbcType=LONGVARCHAR}, 
      #{state,jdbcType=LONGVARCHAR}, #{createDate,jdbcType=TIMESTAMP}, #{punishName,jdbcType=LONGVARCHAR},
      #{basicFacts,jdbcType=LONGVARCHAR}, #{orgId,jdbcType=LONGVARCHAR}, #{fillBlackTime,jdbcType=TIMESTAMP}, 
      #{reportingUnit,jdbcType=LONGVARCHAR})
  </insert>
  <insert id="insertSelective" parameterType="com.clkj.entity.cm.GyIsinteragencyQueryCc">
    <!--@mbg.generated-->
    insert into gy_isinteragency_query_cc
    <trim prefix="(" suffix=")" suffixOverrides=",">
      <if test="id != null">
        id,
      </if>
      <if test="punishRecordList != null">
        PUNISH_RECORD_LIST,
      </if>
      <if test="applyQueryId != null">
        apply_query_id,
      </if>
      <if test="organ != null">
        organ,
      </if>
      <if test="punishedName != null">
        punished_name,
      </if>
      <if test="identityCard != null">
        identity_card,
      </if>
      <if test="state != null">
        `state`,
      </if>
      <if test="createDate != null">
        create_date,
      </if>
      <if test="punishName != null">
        punish_name,
      </if>
      <if test="basicFacts != null">
        basic_facts,
      </if>
      <if test="orgId != null">
        org_id,
      </if>
      <if test="fillBlackTime != null">
        fill_black_time,
      </if>
      <if test="reportingUnit != null">
        reporting_unit,
      </if>
    </trim>
    <trim prefix="values (" suffix=")" suffixOverrides=",">
      <if test="id != null">
        #{id,jdbcType=VARCHAR},
      </if>
      <if test="punishRecordList != null">
        #{punishRecordList,jdbcType=LONGVARCHAR},
      </if>
      <if test="applyQueryId != null">
        #{applyQueryId,jdbcType=LONGVARCHAR},
      </if>
      <if test="organ != null">
        #{organ,jdbcType=LONGVARCHAR},
      </if>
      <if test="punishedName != null">
        #{punishedName,jdbcType=LONGVARCHAR},
      </if>
      <if test="identityCard != null">
        #{identityCard,jdbcType=LONGVARCHAR},
      </if>
      <if test="state != null">
        #{state,jdbcType=LONGVARCHAR},
      </if>
      <if test="createDate != null">
        #{createDate,jdbcType=TIMESTAMP},
      </if>
      <if test="punishName != null">
        #{punishName,jdbcType=LONGVARCHAR},
      </if>
      <if test="basicFacts != null">
        #{basicFacts,jdbcType=LONGVARCHAR},
      </if>
      <if test="orgId != null">
        #{orgId,jdbcType=LONGVARCHAR},
      </if>
      <if test="fillBlackTime != null">
        #{fillBlackTime,jdbcType=TIMESTAMP},
      </if>
      <if test="reportingUnit != null">
        #{reportingUnit,jdbcType=LONGVARCHAR},
      </if>
    </trim>
  </insert>
  <update id="updateByPrimaryKeySelective" parameterType="com.clkj.entity.cm.GyIsinteragencyQueryCc">
    <!--@mbg.generated-->
    update gy_isinteragency_query_cc
    <set>
      <if test="punishRecordList != null">
        PUNISH_RECORD_LIST = #{punishRecordList,jdbcType=LONGVARCHAR},
      </if>
      <if test="applyQueryId != null">
        apply_query_id = #{applyQueryId,jdbcType=LONGVARCHAR},
      </if>
      <if test="organ != null">
        organ = #{organ,jdbcType=LONGVARCHAR},
      </if>
      <if test="punishedName != null">
        punished_name = #{punishedName,jdbcType=LONGVARCHAR},
      </if>
      <if test="identityCard != null">
        identity_card = #{identityCard,jdbcType=LONGVARCHAR},
      </if>
      <if test="state != null">
        `state` = #{state,jdbcType=LONGVARCHAR},
      </if>
      <if test="createDate != null">
        create_date = #{createDate,jdbcType=TIMESTAMP},
      </if>
      <if test="punishName != null">
        punish_name = #{punishName,jdbcType=LONGVARCHAR},
      </if>
      <if test="basicFacts != null">
        basic_facts = #{basicFacts,jdbcType=LONGVARCHAR},
      </if>
      <if test="orgId != null">
        org_id = #{orgId,jdbcType=LONGVARCHAR},
      </if>
      <if test="fillBlackTime != null">
        fill_black_time = #{fillBlackTime,jdbcType=TIMESTAMP},
      </if>
      <if test="reportingUnit != null">
        reporting_unit = #{reportingUnit,jdbcType=LONGVARCHAR},
      </if>
    </set>
    where id = #{id,jdbcType=VARCHAR}
  </update>
  <update id="updateByPrimaryKey" parameterType="com.clkj.entity.cm.GyIsinteragencyQueryCc">
    <!--@mbg.generated-->
    update gy_isinteragency_query_cc
    set PUNISH_RECORD_LIST = #{punishRecordList,jdbcType=LONGVARCHAR},
      apply_query_id = #{applyQueryId,jdbcType=LONGVARCHAR},
      organ = #{organ,jdbcType=LONGVARCHAR},
      punished_name = #{punishedName,jdbcType=LONGVARCHAR},
      identity_card = #{identityCard,jdbcType=LONGVARCHAR},
      `state` = #{state,jdbcType=LONGVARCHAR},
      create_date = #{createDate,jdbcType=TIMESTAMP},
      punish_name = #{punishName,jdbcType=LONGVARCHAR},
      basic_facts = #{basicFacts,jdbcType=LONGVARCHAR},
      org_id = #{orgId,jdbcType=LONGVARCHAR},
      fill_black_time = #{fillBlackTime,jdbcType=TIMESTAMP},
      reporting_unit = #{reportingUnit,jdbcType=LONGVARCHAR}
    where id = #{id,jdbcType=VARCHAR}
  </update>
  <select id="listAll" resultMap="BaseResultMap">
    select
    <include refid="Base_Column_List"/>
    from gy_isinteragency_query_cc
    limit #{offset},#{pagesize};
  </select>
</mapper>