<?xml version="1.0" encoding="UTF-8"?>
<!DOCTYPE mapper PUBLIC "-//mybatis.org//DTD Mapper 3.0//EN" "http://mybatis.org/dtd/mybatis-3-mapper.dtd" >

<mapper namespace="com.clkj.mapper.dao.cm.LoggerMapper" > 
	<resultMap id="BaseResultMap" type="com.clkj.entity.cm.LoggerBean">
		<id column="ID" property="id" javaType="String"/>
		<result column="OPERATION_TOR" property="operationTor" javaType="String"/>
		<result column="OPERATION_ID" property="operationId" javaType="String"/>
		<result column="OPERATION_TIME" property="operationTime" javaType="java.util.Date"/>
		<result column="OPERATION_CONTENT" property="operationContent" javaType="String"/>
		<result column="OPERATION_URL" property="operationUrl" javaType="String"/>
		<result column="OPERATION_CODE" property="operationCode" javaType="String"/>
		<result column="MODULAR" property="modular" javaType="String"/>
		<result column="MENU" property="menu" javaType="String"/>
		<result column="BUTTON" property="button" javaType="String"/>
	</resultMap>
	<resultMap id="LogTypeMap" type="com.clkj.entity.cm.LogOperationType">
		<result column="URL_STR" property="urlStr" javaType="String"/>
		<result column="JAVA_FUNCTION" property="javaFunction" javaType="String"/>
		<result column="MESSAGE" property="message" javaType="String"/>
		<result column="MODULAR" property="modular" javaType="String"/>
		<result column="MENU" property="menu" javaType="String"/>
		<result column="BUTTON" property="button" javaType="String"/>
	</resultMap>
	<sql id="Base_Column_List" >
		ID,OPERATION_TOR,OPERATION_ID,OPERATION_TIME,OPERATION_CONTENT,OPERATION_URL,OPERATION_CODE,MODULAR,MENU,BUTTON
	</sql>
	<sql id="LogType_Column_List" >
		URL_STR,JAVA_FUNCTION,MESSAGE,MODULAR,MENU,BUTTON
	</sql>

<!-- 插入记录 -->
	<insert id="insert" parameterType="com.clkj.entity.cm.LoggerBean" >
		<![CDATA[ insert into log_tab ( ]]>
		<include refid="Base_Column_List"/>
		<![CDATA[  ) values ( 
			#{id,jdbcType=VARCHAR},
			#{operationTor,jdbcType=VARCHAR},
			#{operationId,jdbcType=VARCHAR},
			now(),
			#{operationContent,jdbcType=VARCHAR},
			#{operationUrl,jdbcType=VARCHAR},
			#{operationCode,jdbcType=VARCHAR},
			#{modular,jdbcType=VARCHAR},
			#{menu,jdbcType=VARCHAR},
			#{button,jdbcType=VARCHAR}
		 ) ]]>
	</insert>
	<select id="geturlOperationType" parameterType="com.clkj.entity.cm.LoggerBean" resultMap="LogTypeMap">
		select <include refid="LogType_Column_List"/>
		 from url_operation_type where java_function = #{javaFunction,jdbcType=VARCHAR} 
		and instr(#{urlStr,jdbcType=VARCHAR},url_str)
	</select>
	<!-- 查询总数-->
	<select id="count" parameterType="java.util.Map" resultType="java.lang.Integer">
  		<![CDATA[ select count(1) from log_tab 	]]>
  		<include refid="Example_Where_Clause"/>
	</select>
	<!-- 查询数据-->
	<select id="getLog" parameterType="java.util.Map" resultMap="BaseResultMap">
		select <include refid="Base_Column_List"/> 
		from  log_tab 
		<include refid="Example_Where_Clause"/> 
		order by operation_time desc
	</select>
	<!-- 查询结果 -->
	<sql id="Example_Where_Clause">
		<trim prefix="where" prefixOverrides="AND|OR">
			<if test="id != null and id != ''">
				<![CDATA[ AND ID = #{id,jdbcType=VARCHAR} ]]>
			</if>
			<if test="operationTor != null and operationTor != ''">
				<![CDATA[ AND OPERATION_TOR like concat("%", #{operationTor,jdbcType=VARCHAR},"%")  ]]>
			</if>
			 <if test="operationTimeStart != null and operationTimeEnd != null">
				<![CDATA[ AND OPERATION_TIME between #{operationTimeStart,jdbcType=DATE} and #{operationTimeEnd,jdbcType=DATE}]]>
			</if>
			<if test="modular != null and modular != ''">
				<![CDATA[ AND MODULAR like concat("%", #{modular,jdbcType=VARCHAR},"%")  ]]>
			</if>
			<if test="menu != null and menu != ''">
				<![CDATA[ AND MENU like concat("%", #{menu,jdbcType=VARCHAR},"%")  ]]>
			</if>
			<if test="button != null and button != ''">
				<![CDATA[ AND BUTTON like concat("%", #{button,jdbcType=VARCHAR},"%")  ]]>
			</if>
		</trim>
	</sql>
</mapper>