<?xml version="1.0" encoding="UTF-8"?>
<!DOCTYPE mapper PUBLIC "-//mybatis.org//DTD Mapper 3.0//EN" "http://mybatis.org/dtd/mybatis-3-mapper.dtd">
<mapper namespace="com.clkj.mapper.dao.cm.RBaseChainLowMapper">
  <resultMap id="BaseResultMap" type="com.clkj.entity.cm.RBaseChainLow">
    <!--@mbg.generated-->
    <!--@Table r_base_chain_low-->
    <id column="id" jdbcType="VARCHAR" property="id" />
    <result column="low_id" jdbcType="VARCHAR" property="lowId" />
    <result column="chain_name" jdbcType="VARCHAR" property="chainName" />
    <result column="create_date" jdbcType="TIMESTAMP" property="createDate" />
    <result column="state" jdbcType="CHAR" property="state" />
    <result column="is_invalid" jdbcType="CHAR" property="isInvalid" />
  </resultMap>
  <sql id="Base_Column_List">
    <!--@mbg.generated-->
    id, low_id, chain_name, create_date, `state`, is_invalid
  </sql>
  <select id="selectByPrimaryKey" parameterType="java.lang.String" resultMap="BaseResultMap">
    <!--@mbg.generated-->
    select 
    <include refid="Base_Column_List" />
    from r_base_chain_low
    where id = #{id,jdbcType=VARCHAR}
  </select>
  <select id="selectByLowId" parameterType="java.lang.String" resultMap="BaseResultMap">
    <!--@mbg.generated-->
    select
    <include refid="Base_Column_List" />
    from r_base_chain_low
    where low_id = #{lowId,jdbcType=VARCHAR}
  </select>
  <delete id="deleteByPrimaryKey" parameterType="java.lang.String">
    <!--@mbg.generated-->
    delete from r_base_chain_low
    where id = #{id,jdbcType=VARCHAR}
  </delete>
  <insert id="insert" parameterType="com.clkj.entity.cm.RBaseChainLow">
    <!--@mbg.generated-->
    insert into r_base_chain_low (id, low_id, chain_name, 
      create_date, `state`, is_invalid
      )
    values (#{id,jdbcType=VARCHAR}, #{lowId,jdbcType=VARCHAR}, #{chainName,jdbcType=VARCHAR}, 
      #{createDate,jdbcType=TIMESTAMP}, #{state,jdbcType=CHAR}, #{isInvalid,jdbcType=CHAR}
      )
  </insert>
  <insert id="insertSelective" parameterType="com.clkj.entity.cm.RBaseChainLow">
    <!--@mbg.generated-->
    insert into r_base_chain_low
    <trim prefix="(" suffix=")" suffixOverrides=",">
      <if test="id != null">
        id,
      </if>
      <if test="lowId != null">
        low_id,
      </if>
      <if test="chainName != null">
        chain_name,
      </if>
      <if test="createDate != null">
        create_date,
      </if>
      <if test="state != null">
        `state`,
      </if>
      <if test="isInvalid != null">
        is_invalid,
      </if>
    </trim>
    <trim prefix="values (" suffix=")" suffixOverrides=",">
      <if test="id != null">
        #{id,jdbcType=VARCHAR},
      </if>
      <if test="lowId != null">
        #{lowId,jdbcType=VARCHAR},
      </if>
      <if test="chainName != null">
        #{chainName,jdbcType=VARCHAR},
      </if>
      <if test="createDate != null">
        #{createDate,jdbcType=TIMESTAMP},
      </if>
      <if test="state != null">
        #{state,jdbcType=CHAR},
      </if>
      <if test="isInvalid != null">
        #{isInvalid,jdbcType=CHAR},
      </if>
    </trim>
  </insert>
  <update id="updateByPrimaryKeySelective" parameterType="com.clkj.entity.cm.RBaseChainLow">
    <!--@mbg.generated-->
    update r_base_chain_low
    <set>
      <if test="lowId != null">
        low_id = #{lowId,jdbcType=VARCHAR},
      </if>
      <if test="chainName != null">
        chain_name = #{chainName,jdbcType=VARCHAR},
      </if>
      <if test="createDate != null">
        create_date = #{createDate,jdbcType=TIMESTAMP},
      </if>
      <if test="state != null">
        `state` = #{state,jdbcType=CHAR},
      </if>
      <if test="isInvalid != null">
        is_invalid = #{isInvalid,jdbcType=CHAR},
      </if>
    </set>
    where id = #{id,jdbcType=VARCHAR}
  </update>
  <update id="updateByPrimaryKey" parameterType="com.clkj.entity.cm.RBaseChainLow">
    <!--@mbg.generated-->
    update r_base_chain_low
    set low_id = #{lowId,jdbcType=VARCHAR},
      chain_name = #{chainName,jdbcType=VARCHAR},
      create_date = #{createDate,jdbcType=TIMESTAMP},
      `state` = #{state,jdbcType=CHAR},
      is_invalid = #{isInvalid,jdbcType=CHAR}
    where id = #{id,jdbcType=VARCHAR}
  </update>
  <select id="selectByChainName" resultMap="BaseResultMap">
    select
    <include refid="Base_Column_List"/>
    from
    r_base_chain_low
    where
    chain_name = #{chainName,jdbcType=VARCHAR},
  </select>
  <select id="listAllByState" resultMap="BaseResultMap" parameterType="string">
    select
    <include refid="Base_Column_List"/>
    from
    r_base_chain_low
    where
    state = #{state,jdbcType=VARCHAR}
    and
    is_invalid != '1'
  </select>
</mapper>