<?xml version="1.0" encoding="UTF-8"?>
<!DOCTYPE mapper PUBLIC "-//mybatis.org//DTD Mapper 3.0//EN" "http://mybatis.org/dtd/mybatis-3-mapper.dtd" >

<mapper namespace="com.clkj.mapper.dao.cm.StatisticsMapper" > 
	<select id="countNoChain" resultType="java.util.Map">
			SELECT COUNT(1) COUNT,'缺陷管理' NAME FROM T_CM_BUG WHERE COCHAIN_STATE IN(0,1) AND IS_INVALID = '0'
			UNION ALL 
			SELECT COUNT(1) COUNT,'案例溯源' NAME FROM T_CM_CASEBACK WHERE COCHAIN_STATE IN(0,1) AND IS_INVALID = '0'
			UNION ALL 
			SELECT COUNT(1) COUNT,'项目评价' NAME FROM T_CM_EVAL WHERE COCHAIN_STATE IN(0,1) AND IS_INVALID = '0'
			UNION ALL 
			SELECT COUNT(1) COUNT,'人员评价' NAME FROM T_CM_STAFF WHERE COCHAIN_STATE IN(0,1) AND IS_INVALID = '0'
			UNION ALL 
			SELECT COUNT(1) COUNT,'尽职调查' NAME FROM T_CM_SUPPLIER WHERE COCHAIN_STATE IN(0,1) AND IS_INVALID = '0'
			UNION ALL 
			SELECT COUNT(1) COUNT,'非驻场外包' NAME FROM T_CM_UNOUTSOURCE WHERE COCHAIN_STATE IN(0,1) AND IS_INVALID = '0'
			UNION ALL 
			SELECT COUNT(1) COUNT,'重要外包项目实施中外包商风险' NAME FROM t_cm_riskassessment WHERE COCHAIN_STATE IN(0,1) AND IS_INVALID = '0'
			UNION ALL 
			SELECT COUNT(1) COUNT,'服务提供商自评估' NAME FROM t_cm_selfassessment WHERE COCHAIN_STATE IN(0,1) AND IS_INVALID = '0'
	</select>
	<select id="countChainGroupByMonth" resultType="java.util.Map" parameterType="java.util.Map">
			SELECT SUM(COUNT) TOTAL, PUBLISHTIME FROM (
				SELECT COUNT(1) COUNT, DATE_FORMAT(PUBLISH_TIME,'%Y-%m') PUBLISHTIME FROM T_CM_BUG WHERE 
				COCHAIN_STATE =2 AND IS_INVALID = '0' AND   PUBLISH_TIME BETWEEN #{start,jdbcType=TIMESTAMP} AND #{end,jdbcType=TIMESTAMP}
				GROUP BY PUBLISHTIME
				UNION ALL 
				
				SELECT  COUNT(1) COUNT, DATE_FORMAT(PUBLISH_TIME,'%Y-%m') PUBLISHTIME  FROM T_CM_CASEBACK WHERE 
				COCHAIN_STATE =2 AND IS_INVALID = '0' AND PUBLISH_TIME BETWEEN #{start,jdbcType=TIMESTAMP} AND #{end,jdbcType=TIMESTAMP}
				GROUP BY PUBLISHTIME
				UNION ALL 
				
				SELECT  COUNT(1) COUNT, DATE_FORMAT(PUBLISH_TIME,'%Y-%m') PUBLISHTIME  FROM T_CM_EVAL WHERE 
				COCHAIN_STATE =2 AND IS_INVALID = '0' AND PUBLISH_TIME BETWEEN #{start,jdbcType=TIMESTAMP} AND #{end,jdbcType=TIMESTAMP}
				GROUP BY PUBLISHTIME

				UNION ALL 
				
				SELECT  COUNT(1) COUNT,DATE_FORMAT(PUBLISH_TIME,'%Y-%m') PUBLISHTIME  FROM T_CM_STAFF WHERE 
				COCHAIN_STATE =2 AND IS_INVALID = '0' AND PUBLISH_TIME BETWEEN #{start,jdbcType=TIMESTAMP} AND #{end,jdbcType=TIMESTAMP}
				GROUP BY PUBLISHTIME
				UNION ALL 
				
				SELECT  COUNT(1) COUNT, DATE_FORMAT(PUBLISH_TIME,'%Y-%m') PUBLISHTIME  FROM T_CM_SUPPLIER WHERE
				COCHAIN_STATE =2 AND IS_INVALID = '0' AND PUBLISH_TIME BETWEEN #{start,jdbcType=TIMESTAMP} AND #{end,jdbcType=TIMESTAMP}
				GROUP BY PUBLISHTIME
				UNION ALL 
				
				SELECT COUNT(1) COUNT, DATE_FORMAT(PUBLISH_TIME,'%Y-%m') PUBLISHTIME  FROM T_CM_UNOUTSOURCE WHERE 
				COCHAIN_STATE =2 AND IS_INVALID = '0' AND PUBLISH_TIME BETWEEN #{start,jdbcType=TIMESTAMP} AND #{end,jdbcType=TIMESTAMP}
				GROUP BY PUBLISHTIME
				UNION ALL
				
				SELECT  COUNT(1) COUNT, DATE_FORMAT(PUBLISH_TIME,'%Y-%m') PUBLISHTIME  FROM
				T_CM_RISKASSESSMENT WHERE COCHAIN_STATE =2 AND IS_INVALID = '0' AND PUBLISH_TIME BETWEEN #{start,jdbcType=TIMESTAMP} AND #{end,jdbcType=TIMESTAMP}
				GROUP BY PUBLISHTIME
				UNION ALL 
				
				SELECT  COUNT(1) COUNT, DATE_FORMAT(PUBLISH_TIME,'%Y-%m') PUBLISHTIME  FROM
				T_CM_SELFASSESSMENT WHERE COCHAIN_STATE =2 AND IS_INVALID = '0' AND PUBLISH_TIME BETWEEN #{start,jdbcType=TIMESTAMP} AND #{end,jdbcType=TIMESTAMP}
				GROUP BY PUBLISHTIME
			) TEMP GROUP BY PUBLISHTIME
	</select>

	<select id="countChain" resultType="java.util.Map">
		select count(1) COUNT,'人员评价' NAME from t_cm_staff_sync
		UNION ALL
		select count(1) COUNT,'尽职调查' NAME from t_cm_supplier_sync
		UNION ALL
		select count(1) COUNT,'服务提供商自评估' NAME from t_cm_selfassessment_sync
		UNION ALL
		select count(1) COUNT,'案例溯源' NAME from t_cm_caseback_sync
		UNION ALL
		select count(1) COUNT,'缺陷管理' NAME from t_cm_bug_sync
		UNION ALL
		select count(1) COUNT,'重要外包项目实施中外包商风险评估' NAME from t_cm_riskassessment_sync
		UNION ALL
		select count(1) COUNT,'非驻场外包' NAME from t_cm_unoutsource_sync
		UNION ALL
		select count(1) COUNT,'项目评价' NAME from t_cm_eval_sync
	</select>
	<select id="countOrgChain" resultType="java.util.Map">
		SELECT ORG_CODE as `NAME`, SUM(t) as `COUNT` FROM (
			select ORG_CODE, COUNT(*) t from t_cm_staff_sync GROUP BY ORG_CODE
			UNION ALL
			select ORG_CODE, COUNT(*) t from t_cm_supplier_sync GROUP BY ORG_CODE
			UNION ALL
			select ORG_CODE, COUNT(*) t from t_cm_selfassessment_sync GROUP BY ORG_CODE
			UNION ALL
			select ORG_CODE, COUNT(*) t from t_cm_caseback_sync GROUP BY ORG_CODE
			UNION ALL
			select ORG_CODE, COUNT(*) t from t_cm_bug_sync GROUP BY ORG_CODE
			UNION ALL
			select ORG_CODE, COUNT(*) t from t_cm_riskassessment_sync GROUP BY ORG_CODE
			UNION ALL
			select ORG_CODE, COUNT(*) t from t_cm_unoutsource_sync GROUP BY ORG_CODE
			UNION ALL
			select ORG_CODE, COUNT(*) t from t_cm_eval_sync GROUP BY ORG_CODE
			) as temp GROUP by temp.ORG_CODE
	</select>

</mapper>