<?xml version="1.0" encoding="UTF-8"?>
<!DOCTYPE mapper PUBLIC "-//mybatis.org//DTD Mapper 3.0//EN" "http://mybatis.org/dtd/mybatis-3-mapper.dtd" >
<mapper namespace="com.clkj.mapper.dao.cm.TCmApplyQueryMapper" >
	<!-- Result Map-->
	<resultMap id="BaseResultMap" type="com.clkj.entity.cm.TCmApplyQuery">
		<id column="ID" property="id" javaType="String"/>
		<result column="APPLYER_ID" property="applyerId" javaType="String"/>
		<result column="APPLYER_NAME" property="applyerName" javaType="String"/>
		<result column="APPLY_ORGAN" property="applyOrgan" javaType="String"/>
		<result column="PUNISHED_NAME" property="punishedName" javaType="String"/>
		<result column="IDENTITY_CARD" property="identityCard" javaType="String"/>
		<result column="QUERY_PURPOSE" property="queryPurpose" javaType="String"/>
		<result column="STATE" property="state" javaType="String"/>
		<result column="AUDIT_TIME" property="auditTime" javaType="java.util.Date"/>
		<result column="AUDIT_NAME" property="auditName" javaType="String"/>
		<result column="IS_INVALID" property="isInvalid" javaType="String"/>
		<result column="CREATE_DATE" property="createDate" javaType="java.util.Date"/>
		<result column="IS_PUNISHER_RECORD" property="isPunishedRecord" javaType="String"/>
		<result column="CHAIN_TIME" property="chainTime" javaType="java.util.Date"/>
	</resultMap>

	<!--  -->
	<sql id="Base_Column_List" >
		ID ,APPLYER_ID ,APPLYER_NAME ,APPLY_ORGAN ,PUNISHED_NAME ,IDENTITY_CARD ,QUERY_PURPOSE,STATE ,
		AUDIT_TIME ,AUDIT_NAME ,IS_INVALID ,CREATE_DATE,IS_PUNISHER_RECORD,CHAIN_TIME
	</sql>

	<insert id="add" parameterType="com.clkj.entity.cm.TCmApplyQuery" >
		 insert into t_cm_apply_query
		(ID ,APPLYER_ID ,APPLYER_NAME ,APPLY_ORGAN ,PUNISHED_NAME ,IDENTITY_CARD ,QUERY_PURPOSE,STATE ,
		AUDIT_TIME ,AUDIT_NAME ,IS_INVALID ,CREATE_DATE,IS_PUNISHER_RECORD,CHAIN_TIME)
		 values (
		 <![CDATA[
			#{id,jdbcType=VARCHAR},
			#{applyerId,jdbcType=VARCHAR},
			#{applyerName,jdbcType=VARCHAR},
			#{applyOrgan,jdbcType=VARCHAR},
			#{punishedName,jdbcType=VARCHAR},
			#{identityCard,jdbcType=VARCHAR},
			#{queryPurpose,jdbcType=VARCHAR},
			#{state,jdbcType=VARCHAR},
			#{auditTime,jdbcType=VARCHAR},
			#{auditName,jdbcType=VARCHAR},
			#{isInvalid,jdbcType=VARCHAR},
			#{createDate,jdbcType=TIMESTAMP},
			#{isPunishedRecord,jdbcType=VARCHAR},
			#{chainTime,jdbcType=TIMESTAMP}
			]]>
		 )
	</insert>

	<!-- 查询条件 -->
	<sql id="Example_Where_Clause">
		<trim prefix="where" prefixOverrides="AND|OR">
			<if test="id != null and id != ''">
				<![CDATA[ AND ID = #{id,jdbcType=VARCHAR} ]]>
			</if>
			<if test="applyerId != null and applyerId != ''">
				<![CDATA[ AND APPLYER_ID  = #{applyerId,jdbcType=VARCHAR} ]]>
			</if>
			<if test="applyerName != null and applyerName != ''">
				<![CDATA[ AND APPLYER_NAME  = #{applyerName,jdbcType=VARCHAR} ]]>
			</if>
			<if test="applyOrgan != null and applyOrgan != ''">
				<![CDATA[ AND APPLY_ORGAN  = #{applyOrgan,jdbcType=VARCHAR} ]]>
			</if>
			<if test="punishedName != null and punishedName != ''">
				<![CDATA[ AND PUNISHED_NAME  = #{punishedName,jdbcType=VARCHAR} ]]>
			</if>
			<if test="identityCard != null and identityCard != ''">
				<![CDATA[ AND IDENTITY_CARD  = #{identityCard,jdbcType=VARCHAR} ]]>
			</if>
			<if test="queryPurpose != null and queryPurpose != ''">
				<![CDATA[ AND QUERY_PURPOSE = #{queryPurpose,jdbcType=VARCHAR} ]]>
			</if>
			<if test="state != null and state != ''">
				<![CDATA[ AND STATE = #{state,jdbcType=VARCHAR} ]]>
			</if>
			<if test="auditTime != null and auditTime != ''">
				<![CDATA[ AND AUDIT_TIME  = #{auditTime,jdbcType=VARCHAR} ]]>
			</if>
			<if test="auditName != null and auditName != ''">
				<![CDATA[ AND AUDIT_NAME  = #{auditName,jdbcType=VARCHAR} ]]>
			</if>
			<if test="isInvalid != null and isInvalid != ''">
				<![CDATA[ AND IS_INVALID  = #{isInvalid,jdbcType=VARCHAR} ]]>
			</if>
			<if test="createDate != null and createDate != ''">
				<![CDATA[ AND CREATE_DATE = #{createDate,jdbcType=VARCHAR} ]]>
			</if>
			<if test="isPunishedRecord != null and isPunishedRecord != ''">
				<![CDATA[ AND IS_PUNISHER_RECORD = #{isPunishedRecord,jdbcType=VARCHAR} ]]>
			</if>
			<if test="chainTime != null and chainTime != ''">
				<![CDATA[ AND CHAIN_TIME = #{chainTime,jdbcType=VARCHAR} ]]>
			</if>
		</trim>
	</sql>

<!--修改-->
	<select id="listNeedChain" resultMap="BaseResultMap" parameterType="java.lang.String">
		select <include refid="Base_Column_List"/>
		 from t_cm_apply_query
		<trim prefix="where" prefixOverrides="AND|OR">
			<![CDATA[ AND STATE = '0' or STATE = '1']]>
			<![CDATA[ AND IS_INVALID = 0 ]]>
		</trim>
	</select>


	<!--更新状态-->
	<update id="updateStateById" parameterType="com.clkj.entity.cm.TCmApplyQuery" >
		 update t_cm_apply_query
		<trim prefix="set" suffixOverrides=",">
			<if test="state != null">
				STATE = #{state},
			</if>
			<if test="auditName != null">
				AUDIT_NAME = #{auditName},
			</if>
			<if test="auditTime != null">
				AUDIT_TIME = #{auditTime},
			</if>
			<if test="chainTime != null">
				CHAIN_TIME = #{chainTime}
			</if>
		</trim>
		where
		<![CDATA[  ID = #{id,jdbcType=VARCHAR}	]]>
	</update>
	<update id="updateState" parameterType="string">
		update t_cm_apply_query set STATE = #{state,jdbcType=VARCHAR} where id = #{id,jdbcType=VARCHAR};
	</update>
	<select id="selectById" resultMap="BaseResultMap" parameterType="com.clkj.entity.cm.TCmApplyQuery">
		select <include refid="Base_Column_List"/>
		from t_cm_apply_query
		<include refid="Example_Where_Clause"/>
	</select>

	<!-- 查询总数-->
	<select id="count" parameterType="java.util.Map" resultType="java.lang.Integer">
		<![CDATA[ select count(1) from t_cm_apply_query 	]]>
		<include refid="Example_Where_Clause"/>
	</select>

	<!-- 查询列表 -->
	<select id="list" parameterType="java.util.Map" resultMap="BaseResultMap">
		<![CDATA[ select 	]]>
		<include refid="Base_Column_List"/>
		<![CDATA[ from t_cm_apply_query 	]]>
		<include refid="Example_Where_Clause"/>
		<![CDATA[ order by CREATE_DATE desc 	]]>
	</select>


</mapper>   
