<?xml version="1.0" encoding="UTF-8"?>
<!DOCTYPE mapper PUBLIC "-//mybatis.org//DTD Mapper 3.0//EN" "http://mybatis.org/dtd/mybatis-3-mapper.dtd">
<mapper namespace="com.clkj.mapper.dao.cm.TCmApplyQueryCheckMapper">
  <resultMap id="BaseResultMap" type="com.clkj.entity.cm.TCmApplyQueryCheck">
    <id column="ID" jdbcType="VARCHAR" property="id" />
    <result column="STATE" jdbcType="INTEGER" property="state" />
  </resultMap>
  <sql id="Base_Column_List">
    ID, `STATE`
  </sql>
  <select id="selectByPrimaryKey" parameterType="java.lang.String" resultMap="BaseResultMap">
    <!--@mbg.generated-->
    select 
    <include refid="Base_Column_List" />
    from t_cm_apply_query_check
    where ID = #{id,jdbcType=VARCHAR}
  </select>
  <delete id="deleteByPrimaryKey" parameterType="java.lang.String">
    <!--@mbg.generated-->
    delete from t_cm_apply_query_check
    where ID = #{id,jdbcType=VARCHAR}
  </delete>
  <insert id="insert" parameterType="com.clkj.entity.cm.TCmApplyQueryCheck">
    <!--@mbg.generated-->
    insert into t_cm_apply_query_check (ID, `STATE`)
    values (#{id,jdbcType=VARCHAR}, #{state,jdbcType=INTEGER})
  </insert>
  <insert id="insertSelective" parameterType="com.clkj.entity.cm.TCmApplyQueryCheck">
    <!--@mbg.generated-->
    insert into t_cm_apply_query_check
    <trim prefix="(" suffix=")" suffixOverrides=",">
      <if test="id != null">
        ID,
      </if>
      <if test="state != null">
        `STATE`,
      </if>
    </trim>
    <trim prefix="values (" suffix=")" suffixOverrides=",">
      <if test="id != null">
        #{id,jdbcType=VARCHAR},
      </if>
      <if test="state != null">
        #{state,jdbcType=INTEGER},
      </if>
    </trim>
  </insert>
  <update id="updateByPrimaryKeySelective" parameterType="com.clkj.entity.cm.TCmApplyQueryCheck">
    <!--@mbg.generated-->
    update t_cm_apply_query_check
    <set>
      <if test="state != null">
        `STATE` = #{state,jdbcType=INTEGER},
      </if>
    </set>
    where ID = #{id,jdbcType=VARCHAR}
  </update>
  <update id="updateState" parameterType="com.clkj.entity.cm.TCmApplyQueryCheck">
    <!--@mbg.generated-->
    update t_cm_apply_query_check
    set `STATE` = 1
    where ID = #{id,jdbcType=VARCHAR}
    AND
   `STATE` != 1
  </update>
</mapper>