<?xml version="1.0" encoding="UTF-8"?>
<!DOCTYPE mapper PUBLIC "-//mybatis.org//DTD Mapper 3.0//EN" "http://mybatis.org/dtd/mybatis-3-mapper.dtd" >
<mapper namespace="com.clkj.mapper.dao.cm.TCmBugMapper">
    <!-- Result Map-->
    <resultMap id="BaseResultMap" type="com.clkj.entity.cm.TCmBug">
        <id column="ID" property="id" javaType="String"/>
        <!-- 产品名称-->
        <result column="PRODUCT_NAME" property="productName" javaType="String"/>
        <!-- 产品情况-->
        <result column="BUG_NAME" property="bugName" javaType="String"/>
        <!-- 缺陷类型-->
        <result column="BUG_TYPE" property="bugType" javaType="String"/>
        <!-- 缺陷类别 -->
        <result column="BUG_GRADE" property="bugGrade" javaType="String"/>
        <!-- 生产厂商名称 -->
        <result column="ASSOCIATED_VENDOR_NAME" property="associatedVendorName" javaType="String"/>
        <!-- 设备型号/软件版本 -->
        <result column="ASSOCIATED_PRODUCT_VERSION" property="associatedProductVersion" javaType="String"/>
        <!-- 发现时间 -->
        <result column="BUG_TIME" property="bugTime" javaType="java.util.Date"/>
        <!-- 对象hash-->
        <result column="SUMMARY_CODE" property="summaryCode" javaType="String"/>
        <!-- 是否可以点击上链-->
        <result column="CLICK" property="click" javaType="Integer"/>

        <result column="COCHAIN_STATE" property="cochainState" javaType="String"/>
        <result column="CREATOR" property="creator" javaType="String"/>
        <result column="CREATOR_ID" property="creatorId" javaType="String"/>
        <result column="CREATE_DATE" property="createDate" javaType="java.util.Date"/>
        <result column="MODIFY_PERSON_ID" property="modifyPersonId" javaType="String"/>
        <result column="MODIFY_PERSON" property="modifyPerson" javaType="String"/>
        <result column="MODIFY_DATE" property="modifyDate" javaType="java.util.Date"/>
        <result column="IS_INVALID" property="isInvalid" javaType="String"/>
        <result column="INVALIDATE_DATE" property="invalidateDate" javaType="java.util.Date"/>
        <result column="INVALIDATE_USER_ID" property="invalidateUserId" javaType="String"/>
        <result column="ASSOCIATED_VENDOR_CREDIT_CODE" property="associatedVendorCreditCode" javaType="String"/>
        <result column="ASSOCIATED_PRODUCT_NAME" property="associatedProductName" javaType="String"/>
        <result column="PUBLISHER" property="publisher" javaType="String"/>
        <result column="PUBLISH_TIME" property="publishTime" javaType="java.util.Date"/>
    </resultMap>

    <resultMap id="BugResultMap" type="com.clkj.entity.cm.TCmBug">
        <id column="ID" property="id" javaType="String"/>
        <result column="BUG_NAME" property="bugName" javaType="String"/>
        <result column="BUG_TYPE" property="bugType" javaType="String"/>
        <result column="BUG_GRADE" property="bugGrade" javaType="String"/>
        <result column="ASSOCIATED_VENDOR_NAME" property="associatedVendorName" javaType="String"/>
        <result column="ASSOCIATED_VENDOR_CREDIT_CODE" property="associatedVendorCreditCode" javaType="String"/>
        <result column="ASSOCIATED_PRODUCT_NAME" property="associatedProductName" javaType="String"/>
        <result column="ASSOCIATED_PRODUCT_VERSION" property="associatedProductVersion" javaType="String"/>
        <result column="COCHAIN_STATE" property="cochainState" javaType="String"/>
        <result column="CREATOR" property="creator" javaType="String"/>
        <result column="CREATOR_ID" property="creatorId" javaType="String"/>
        <result column="BUG_TIME" property="bugTime" javaType="java.util.Date"/>
        <result column="CREATE_DATE" property="createDate" javaType="java.util.Date"/>
        <result column="MODIFY_PERSON_ID" property="modifyPersonId" javaType="String"/>
        <result column="MODIFY_PERSON" property="modifyPerson" javaType="String"/>
        <result column="MODIFY_DATE" property="modifyDate" javaType="java.util.Date"/>
        <result column="IS_INVALID" property="isInvalid" javaType="String"/>
        <result column="INVALIDATE_DATE" property="invalidateDate" javaType="java.util.Date"/>
        <result column="INVALIDATE_USER_ID" property="invalidateUserId" javaType="String"/>
        <result column="PRODUCT_NAME" property="productName" javaType="String"/>
        <result column="PUBLISHER" property="publisher" javaType="String"/>
        <result column="PUBLISH_TIME" property="publishTime" javaType="java.util.Date"/>
        <!-- 对象MD5-->
        <result column="SUMMARY_CODE" property="summaryCode" javaType="String"/>
        <!-- 是否可以点击上链-->
        <result column="CLICK" property="click" javaType="Integer"/>
        <!-- 是否授权 -->
        <result column="IS_AUTHORIZATION" property="isAuthorization" javaType="Integer"/>
        <!-- 文件备注 -->
        <result column="DESC" property="desc" javaType="String"/>
        <!-- 业务关联附件，一对多 -->
        <collection column="ID" property="file"
                    select="com.clkj.mapper.dao.cm.TCmFileMapper.getFileByResourceId"/>
    </resultMap>

    <!-- 产品缺陷信息 -->
    <sql id="Base_Column_List">
		ID ,BUG_NAME ,BUG_TYPE ,BUG_GRADE ,ASSOCIATED_VENDOR_NAME ,ASSOCIATED_VENDOR_CREDIT_CODE ,ASSOCIATED_PRODUCT_NAME ,ASSOCIATED_PRODUCT_VERSION ,COCHAIN_STATE ,CREATOR ,CREATOR_ID ,BUG_TIME ,CREATE_DATE ,MODIFY_PERSON_ID ,MODIFY_PERSON ,MODIFY_DATE ,IS_INVALID ,INVALIDATE_DATE ,INVALIDATE_USER_ID,PRODUCT_NAME,
		 PUBLISHER,PUBLISH_TIME, SUMMARY_CODE, CLICK, IS_AUTHORIZATION, `DESC`
	</sql>

    <!-- 插入记录 -->
    <insert id="insert" parameterType="com.clkj.entity.cm.TCmBug">
        <![CDATA[ insert into t_cm_bug ( ]]>
        <include refid="Base_Column_List"/>
        <![CDATA[  ) values (
			#{id,jdbcType=VARCHAR},
			#{bugName,jdbcType=VARCHAR},
			#{bugType,jdbcType=VARCHAR},
			#{bugGrade,jdbcType=VARCHAR},
			#{associatedVendorName,jdbcType=VARCHAR},
			#{associatedVendorCreditCode,jdbcType=VARCHAR},
			#{associatedProductName,jdbcType=VARCHAR},
			#{associatedProductVersion,jdbcType=VARCHAR},
			#{cochainState,jdbcType=VARCHAR},
			#{creator,jdbcType=VARCHAR},
			#{creatorId,jdbcType=VARCHAR},
			#{bugTime,jdbcType=TIMESTAMP},					 
			#{createDate,jdbcType=TIMESTAMP},
			#{modifyPersonId,jdbcType=VARCHAR},
			#{modifyPerson,jdbcType=VARCHAR},
			#{modifyDate,jdbcType=TIMESTAMP},
			#{isInvalid,jdbcType=VARCHAR},
			#{invalidateDate,jdbcType=TIMESTAMP},
			#{invalidateUserId,jdbcType=VARCHAR},
			#{productName,jdbcType=VARCHAR},
			#{publisher,jdbcType=VARCHAR},
			#{publishTime,jdbcType=TIMESTAMP},
			md5(#{summaryCode,jdbcType=VARCHAR}),
			#{click,jdbcType=TINYINT},
			#{isAuthorization,jdbcType=TINYINT},
			#{desc,jdbcType=VARCHAR}
		 ) ]]>
    </insert>

    <!-- 批量插入 -->
    <insert id="batchInsert" parameterType="java.util.List">
        <![CDATA[ insert into t_cm_bug ( ]]>
        <include refid="Base_Column_List"/>
        <![CDATA[ ) values ]]>
        <foreach collection="list" item="it" separator=",">
            <![CDATA[ (
				#{it.id,jdbcType=VARCHAR},
				#{it.bugName,jdbcType=VARCHAR},
				#{it.bugType,jdbcType=VARCHAR},
				#{it.bugGrade,jdbcType=VARCHAR},
				#{it.associatedVendorName,jdbcType=VARCHAR},
				#{it.associatedVendorCreditCode,jdbcType=VARCHAR},
				#{it.associatedProductName,jdbcType=VARCHAR},
				#{it.associatedProductVersion,jdbcType=VARCHAR},
				#{it.cochainState,jdbcType=VARCHAR},
				#{it.creator,jdbcType=VARCHAR},
				#{it.creatorId,jdbcType=VARCHAR},
				#{it.bugTime,jdbcType=TIMESTAMP},					 
				#{it.createDate,jdbcType=TIMESTAMP},
				#{it.modifyPersonId,jdbcType=VARCHAR},
				#{it.modifyPerson,jdbcType=VARCHAR},
				#{it.modifyDate,jdbcType=TIMESTAMP},
				#{it.isInvalid,jdbcType=VARCHAR},
				#{it.invalidateDate,jdbcType=TIMESTAMP},
				#{it.invalidateUserId,jdbcType=VARCHAR},
				#{it.productName,jdbcType=VARCHAR},
				#{it.publisher,jdbcType=VARCHAR},
				#{it.publishTime,jdbcType=TIMESTAMP},
				md5(#{it.summaryCode,jdbcType=VARCHAR}),
				#{it.click,jdbcType=TINYINT},
				#{it.isAuthorization,jdbcType=TINYINT},
				#{it.desc,jdbcType=VARCHAR}
			) ]]>
        </foreach>
    </insert>

    <!-- 物理删除：通过主键ID单条删除 -->
    <delete id="deleteByPrimaryKey" parameterType="com.clkj.entity.cm.TCmBug">
        <![CDATA[ delete from t_cm_bug  ]]>
        <trim prefix="where" prefixOverrides="AND|OR">
            <![CDATA[ AND ID = #{id,jdbcType=VARCHAR}	]]>
        </trim>
    </delete>

    <!-- 物理删除：通过主键ID批量删除 -->
    <delete id="batchDeleteByPrimaryKey" parameterType="java.util.List">
        <![CDATA[ delete from t_cm_bug  ]]>
        <trim prefix="where" prefixOverrides="AND|OR">
            <foreach collection="list" item="it" separator=" OR " open="(" close=")">
                <trim prefixOverrides="AND|OR">
                    <![CDATA[ AND ID = #{it.id,jdbcType=VARCHAR}	]]>
                </trim>
            </foreach>
        </trim>
    </delete>

    <!-- 根据id，属性值全量更新数据记录-->
    <update id="updateByPrimaryKey" parameterType="com.clkj.entity.cm.TCmBug">
        <![CDATA[ update t_cm_bug ]]>
        <trim prefix="set" suffixOverrides=",">
            <![CDATA[ BUG_NAME = #{bugName,jdbcType=VARCHAR},	]]>
            <![CDATA[ BUG_TYPE = #{bugType,jdbcType=VARCHAR},	]]>
            <![CDATA[ BUG_GRADE = #{bugGrade,jdbcType=VARCHAR},	]]>
            <![CDATA[ ASSOCIATED_VENDOR_NAME = #{associatedVendorName,jdbcType=VARCHAR},	]]>
            <![CDATA[ ASSOCIATED_VENDOR_CREDIT_CODE = #{associatedVendorCreditCode,jdbcType=VARCHAR},	]]>
            <![CDATA[ ASSOCIATED_PRODUCT_NAME = #{associatedProductName,jdbcType=VARCHAR},	]]>
            <![CDATA[ ASSOCIATED_PRODUCT_VERSION = #{associatedProductVersion,jdbcType=VARCHAR},	]]>
            <![CDATA[ COCHAIN_STATE = #{cochainState,jdbcType=VARCHAR},	]]>
            <![CDATA[ CREATOR = #{creator,jdbcType=VARCHAR},	]]>
            <![CDATA[ CREATOR_ID = #{creatorId,jdbcType=VARCHAR},	]]>
            <![CDATA[ BUG_TIME = #{bugTime,jdbcType=TIMESTAMP},	]]>
            <![CDATA[ CREATE_DATE = #{createDate,jdbcType=TIMESTAMP},	]]>
            <![CDATA[ MODIFY_PERSON_ID = #{modifyPersonId,jdbcType=VARCHAR},	]]>
            <![CDATA[ MODIFY_PERSON = #{modifyPerson,jdbcType=VARCHAR},	]]>
            <![CDATA[ MODIFY_DATE = now(),	]]>
            <![CDATA[ IS_INVALID = #{isInvalid,jdbcType=VARCHAR},	]]>
            <![CDATA[ INVALIDATE_DATE = #{invalidateDate,jdbcType=TIMESTAMP},	]]>
            <![CDATA[ INVALIDATE_USER_ID = #{invalidateUserId,jdbcType=VARCHAR},	]]>
            <![CDATA[ PRODUCT_NAME = #{productName,jdbcType=VARCHAR},	]]>
            <![CDATA[ PUBLISHER = #{publisher,jdbcType=VARCHAR},	]]>
            <![CDATA[ PUBLISH_TIME = #{publishTime,jdbcType=TIMESTAMP},	]]>
            <![CDATA[ SUMMARY_CODE = md5(#{summaryCode,jdbcType=VARCHAR}) ,	]]>
            <![CDATA[ CLICK = #{click,jdbcType=TINYINT} ,]]>
            <![CDATA[ `DESC` = #{desc,jdbcType=VARCHAR} ,]]>
            <![CDATA[ IS_AUTHORIZATION = #{isAuthorization,jdbcType=TINYINT} ]]>
        </trim>
        <trim prefix="where" prefixOverrides="AND|OR">
            <![CDATA[ AND ID = #{id,jdbcType=VARCHAR} ]]>
            <![CDATA[ AND IS_INVALID = '0' 	]]>
        </trim>
    </update>

    <!-- 根据id，更新属性值为非NULL的数据记录-->
    <update id="updateByPrimaryKeySelective" parameterType="com.clkj.entity.cm.TCmBug">
        <![CDATA[ update t_cm_bug ]]>
        <trim prefix="set" suffixOverrides=",">
            <if test=" bugName != null ">
                <![CDATA[ BUG_NAME = #{bugName,jdbcType=VARCHAR},	]]>
            </if>
            <if test=" bugType != null ">
                <![CDATA[ BUG_TYPE = #{bugType,jdbcType=VARCHAR},	]]>
            </if>
            <if test=" bugGrade != null ">
                <![CDATA[ BUG_GRADE = #{bugGrade,jdbcType=VARCHAR},	]]>
            </if>
            <if test=" associatedVendorName != null ">
                <![CDATA[ ASSOCIATED_VENDOR_NAME = #{associatedVendorName,jdbcType=VARCHAR},	]]>
            </if>
            <if test=" associatedVendorCreditCode != null ">
                <![CDATA[ ASSOCIATED_VENDOR_CREDIT_CODE = #{associatedVendorCreditCode,jdbcType=VARCHAR},	]]>
            </if>
            <if test=" associatedProductName != null ">
                <![CDATA[ ASSOCIATED_PRODUCT_NAME = #{associatedProductName,jdbcType=VARCHAR},	]]>
            </if>
            <if test=" associatedProductVersion != null ">
                <![CDATA[ ASSOCIATED_PRODUCT_VERSION = #{associatedProductVersion,jdbcType=VARCHAR},	]]>
            </if>
            <if test=" cochainState != null ">
                <![CDATA[ COCHAIN_STATE = #{cochainState,jdbcType=VARCHAR},	]]>
            </if>
            <if test=" creator != null ">
                <![CDATA[ CREATOR = #{creator,jdbcType=VARCHAR},	]]>
            </if>
            <if test=" creatorId != null ">
                <![CDATA[ CREATOR_ID = #{creatorId,jdbcType=VARCHAR},	]]>
            </if>
            <if test=" bugTime != null ">
                <![CDATA[ BUG_TIME = #{bugTime,jdbcType=TIMESTAMP},	]]>
            </if>
            <if test=" createDate != null ">
                <![CDATA[ CREATE_DATE = #{createDate,jdbcType=TIMESTAMP},	]]>
            </if>
            <if test=" modifyPersonId != null ">
                <![CDATA[ MODIFY_PERSON_ID = #{modifyPersonId,jdbcType=VARCHAR},	]]>
            </if>
            <if test=" modifyPerson != null ">
                <![CDATA[ MODIFY_PERSON = #{modifyPerson,jdbcType=VARCHAR},	]]>
            </if>
            <if test=" modifyDate != null ">
                <![CDATA[ MODIFY_DATE = #{modifyDate,jdbcType=TIMESTAMP},	]]>
            </if>
            <if test=" invalidateDate != null ">
                <![CDATA[ INVALIDATE_DATE = #{invalidateDate,jdbcType=TIMESTAMP},	]]>
            </if>
            <if test=" invalidateUserId != null ">
                <![CDATA[ INVALIDATE_USER_ID = #{invalidateUserId,jdbcType=VARCHAR},	]]>
            </if>
            <if test=" productName != null ">
                <![CDATA[ PRODUCT_NAME = #{productName,jdbcType=VARCHAR},	]]>
            </if>
            <if test=" publisher != null ">
                <![CDATA[ PUBLISHER = #{publisher,jdbcType=VARCHAR},	]]>
            </if>
            <if test=" publishTime != null ">
                <![CDATA[ PUBLISH_TIME = #{publishTime,jdbcType=TIMESTAMP},	]]>
            </if>
            <if test=" isInvalid != null and isInvalid != ''">
                <![CDATA[ IS_INVALID = #{isInvalid,jdbcType=VARCHAR},	]]>
            </if>
            <if test=" summaryCode != null ">
                <![CDATA[ SUMMARY_CODE = md5(#{summaryCode,jdbcType=VARCHAR}),]]>
            </if>
            <if test=" click != null ">
                <![CDATA[ CLICK = #{click,jdbcType=TINYINT} ,]]>
            </if>

        </trim>
        <trim prefix="where" prefixOverrides="AND|OR">
            <![CDATA[ AND ID = #{id,jdbcType=VARCHAR} ]]>
            <![CDATA[ AND IS_INVALID = '0' 	]]>
        </trim>
    </update>

    <!-- 根据id查询 -->
    <select id="selectByPrimaryKey" resultMap="BaseResultMap" parameterType="com.clkj.entity.cm.TCmBug">
        <![CDATA[ select ]]><include refid="Base_Column_List"/><![CDATA[ from t_cm_bug ]]>
        <trim prefix="where" prefixOverrides="AND|OR">
            <![CDATA[ AND ID = #{id,jdbcType=VARCHAR}]]>
            <![CDATA[ AND IS_INVALID = '0' 	]]>
        </trim>
    </select>

    <!-- 根据id查询 -->
    <select id="selectById" resultMap="BugResultMap" parameterType="java.lang.String">
        <![CDATA[ select ]]><include refid="Base_Column_List"/><![CDATA[ from t_cm_bug ]]>
        <trim prefix="where" prefixOverrides="AND|OR">
            <![CDATA[ AND ID = #{id,jdbcType=VARCHAR} ]]>
            <![CDATA[ AND IS_INVALID = '0' 	]]>
        </trim>
    </select>

    <!-- 存在校验查询 -->
    <select id="checkExsit" resultType="java.lang.Integer" parameterType="com.clkj.entity.cm.TCmBug">
        <![CDATA[ select count(1) num from t_cm_bug ]]>
        <trim prefix="where" prefixOverrides="AND|OR">
            <if test=" id != null ">
                <![CDATA[ AND ID != #{id,jdbcType=VARCHAR}	]]>
            </if>
            <if test=" bugName != null ">
                <![CDATA[ AND BUG_NAME = #{bugName,jdbcType=VARCHAR}	]]>
            </if>
            <if test=" bugType != null ">
                <![CDATA[ AND BUG_TYPE = #{bugType,jdbcType=VARCHAR}	]]>
            </if>
            <if test=" bugGrade != null ">
                <![CDATA[ AND BUG_GRADE = #{bugGrade,jdbcType=VARCHAR}	]]>
            </if>
            <if test=" associatedVendorName != null ">
                <![CDATA[ AND ASSOCIATED_VENDOR_NAME = #{associatedVendorName,jdbcType=VARCHAR}	]]>
            </if>
            <if test=" associatedVendorCreditCode != null ">
                <![CDATA[ AND ASSOCIATED_VENDOR_CREDIT_CODE = #{associatedVendorCreditCode,jdbcType=VARCHAR}	]]>
            </if>
            <if test=" associatedProductName != null ">
                <![CDATA[ AND ASSOCIATED_PRODUCT_NAME = #{associatedProductName,jdbcType=VARCHAR}	]]>
            </if>
            <if test=" associatedProductVersion != null ">
                <![CDATA[ AND ASSOCIATED_PRODUCT_VERSION = #{associatedProductVersion,jdbcType=VARCHAR}	]]>
            </if>
            <if test="cochainState != null and cochainState.size() > 0 ">
                <![CDATA[ AND COCHAIN_STATE IN ]]>
                <foreach item="item" index="index" collection="cochainState" open="(" separator="," close=")">
                    #{item,jdbcType=VARCHAR}
                </foreach>
            </if>
            <if test=" creator != null ">
                <![CDATA[ AND CREATOR = #{creator,jdbcType=VARCHAR}	]]>
            </if>
            <if test=" creatorId != null ">
                <![CDATA[ AND CREATOR_ID = #{creatorId,jdbcType=VARCHAR}	]]>
            </if>
            <if test=" bugTime != null ">
                <![CDATA[ AND BUG_TIME = #{bugTime,jdbcType=TIMESTAMP}	]]>
            </if>
            <if test=" createDate != null ">
                <![CDATA[ AND CREATE_DATE = #{createDate,jdbcType=TIMESTAMP}	]]>
            </if>
            <if test=" modifyPersonId != null ">
                <![CDATA[ AND MODIFY_PERSON_ID = #{modifyPersonId,jdbcType=VARCHAR}	]]>
            </if>
            <if test=" modifyPerson != null ">
                <![CDATA[ AND MODIFY_PERSON = #{modifyPerson,jdbcType=VARCHAR}	]]>
            </if>
            <if test=" modifyDate != null ">
                <![CDATA[ AND MODIFY_DATE = #{modifyDate,jdbcType=TIMESTAMP}	]]>
            </if>
            <if test=" invalidateDate != null ">
                <![CDATA[ AND INVALIDATE_DATE = #{invalidateDate,jdbcType=TIMESTAMP}	]]>
            </if>
            <if test="invalidateUserId != null ">
                <![CDATA[ AND INVALIDATE_USER_ID = #{invalidateUserId,jdbcType=VARCHAR}	]]>
            </if>
            <if test=" invalidateUserId != null ">
                <![CDATA[ AND INVALIDATE_USER_ID = #{invalidateUserId,jdbcType=VARCHAR}	]]>
            </if>
            <if test="isInvalid != null and isInvalid != ''">
                <![CDATA[ AND IS_INVALID = #{isInvalid,jdbcType=VARCHAR}	]]>
            </if>
            <if test="click != null">
                <![CDATA[ AND CLICK = #{click,jdbcType=TINYINT} ,]]>
            </if>
            <![CDATA[ AND IS_INVALID = '0' 	]]>
        </trim>
    </select>

    <!-- 查询条件 -->
    <sql id="Example_Where_Clause">
        <trim prefix="where" prefixOverrides="AND|OR">
            <if test="id != null and id != ''">
                <![CDATA[ AND ID = #{id,jdbcType=VARCHAR} ]]>
            </if>
            <if test="bugName != null and bugName != ''">
                <![CDATA[ AND BUG_NAME like concat("%", #{bugName,jdbcType=VARCHAR},"%")  ]]>
            </if>
            <if test="bugType != null and bugType.size() > 0 ">
                <![CDATA[ AND BUG_TYPE IN ]]>
                <foreach item="item" index="index" collection="bugType" open="(" separator="," close=")">
                    #{item,jdbcType=VARCHAR}
                </foreach>
            </if>
            <if test="bugGrade != null and bugGrade.size() > 0 ">
                <![CDATA[ AND BUG_GRADE IN ]]>
                <foreach item="item" index="index" collection="bugGrade" open="(" separator="," close=")">
                    #{item,jdbcType=VARCHAR}
                </foreach>
            </if>
            <if test="associatedVendorName != null and associatedVendorName != ''">
                <![CDATA[ AND ASSOCIATED_VENDOR_NAME like concat("%", #{associatedVendorName,jdbcType=VARCHAR},"%")  ]]>
            </if>
            <if test="associatedVendorCreditCode != null and associatedVendorCreditCode != ''">
                <![CDATA[ AND ASSOCIATED_VENDOR_CREDIT_CODE like concat("%", #{associatedVendorCreditCode,jdbcType=VARCHAR},"%")  ]]>
            </if>
            <if test="associatedProductName != null and associatedProductName != ''">
                <![CDATA[ AND ASSOCIATED_PRODUCT_NAME like concat("%", #{associatedProductName,jdbcType=VARCHAR},"%")  ]]>
            </if>
            <if test="associatedProductVersion != null and associatedProductVersion != ''">
                <![CDATA[ AND ASSOCIATED_PRODUCT_VERSION like concat("%", #{associatedProductVersion,jdbcType=VARCHAR},"%")  ]]>
            </if>
            <if test="cochainState != null and cochainState.size() > 0 ">
                <![CDATA[ AND COCHAIN_STATE IN ]]>
                <foreach item="item" index="index" collection="cochainState" open="(" separator="," close=")">
                    #{item,jdbcType=VARCHAR}
                </foreach>
            </if>
            <if test="creator != null and creator != ''">
                <![CDATA[ AND CREATOR like concat("%", #{creator,jdbcType=VARCHAR},"%")  ]]>
            </if>
            <if test="creatorId != null and creatorId != ''">
                <![CDATA[ AND CREATOR_ID = #{creatorId,jdbcType=VARCHAR} ]]>
            </if>
            <if test="bugTimeStart != null and bugTimeStart != ''">
                <![CDATA[ AND BUG_TIME >= #{bugTimeStart,jdbcType=varchar} ]]>
            </if>
            <if test="bugTimeEnd != null and bugTimeEnd != ''">
                <![CDATA[ AND BUG_TIME < #{bugTimeEnd,jdbcType=varchar} ]]>
            </if>
            <if test="createDateStart != null and createDateStart != ''">
                <![CDATA[ AND CREATE_DATE >= #{createDateStart,jdbcType=varchar} ]]>
            </if>
            <if test="createDateEnd != null and createDateEnd != ''">
                <![CDATA[ AND CREATE_DATE < #{createDateEnd,jdbcType=varchar} ]]>
            </if>
            <if test="modifyPersonId != null and modifyPersonId != ''">
                <![CDATA[ AND MODIFY_PERSON_ID = #{modifyPersonId,jdbcType=VARCHAR} ]]>
            </if>
            <if test="modifyPerson != null and modifyPerson != ''">
                <![CDATA[ AND MODIFY_PERSON = #{modifyPerson,jdbcType=VARCHAR} ]]>
            </if>
            <if test="modifyDateStart != null and modifyDateStart != ''">
                <![CDATA[ AND MODIFY_DATE >= #{modifyDateStart,jdbcType=varchar} ]]>
            </if>
            <if test="modifyDateEnd != null and modifyDateEnd != ''">
                <![CDATA[ AND MODIFY_DATE < #{modifyDateEnd,jdbcType=varchar} ]]>
            </if>
            <if test="invalidateDateStart != null and invalidateDateStart != ''">
                <![CDATA[ AND INVALIDATE_DATE >= #{invalidateDateStart,jdbcType=varchar} ]]>
            </if>
            <if test="invalidateDateEnd != null and invalidateDateEnd != ''">
                <![CDATA[ AND INVALIDATE_DATE < #{invalidateDateEnd,jdbcType=varchar} ]]>
            </if>
            <if test="productName != null and productName != ''">
                <![CDATA[ AND PRODUCT_NAME like concat("%", #{productName,jdbcType=VARCHAR},"%")  ]]>
            </if>
            <if test="click != null">
                <![CDATA[ AND CLICK = #{click,jdbcType=TINYINT} ]]>
            </if>
            <!-- map 中不需要传入isInvalid -->
            <if test="isInvalid != null and isInvalid != ''">
                <![CDATA[ AND IS_INVALID = #{isInvalid,jdbcType=VARCHAR} ]]>
            </if>

            <![CDATA[ AND IS_INVALID = '0' 	]]>
        </trim>
    </sql>

    <!-- 查询总数-->
    <select id="count" parameterType="java.util.Map" resultType="java.lang.Integer">
        <![CDATA[ select count(1) from t_cm_bug  ]]>
        <include refid="Example_Where_Clause"/>
    </select>

    <!-- 查询列表 -->
    <select id="list" parameterType="java.util.Map" resultMap="BaseResultMap">
        <![CDATA[ select 	]]>
        <include refid="Base_Column_List"/>
        <![CDATA[ from t_cm_bug 	]]>
        <include refid="Example_Where_Clause"/>
        <![CDATA[ order by MODIFY_DATE DESC,COCHAIN_STATE ASC 	]]>
    </select>

    <!-- 根据SummaryCode 查询记录数-->
    <select id="listBySummaryCode" resultType="java.lang.String">
		<![CDATA[ select ID from t_cm_bug ]]>
             where SUMMARY_CODE = md5(#{context,jdbcType=VARCHAR})
        <![CDATA[ AND IS_INVALID = '0']]>
	</select>

    <!-- 查询所有点击状态为1的 但是显示未上链的对象集合-->
    <select id="listByClick" resultMap="BaseResultMap">
        <![CDATA[ select ]]>
        <include refid="Base_Column_List"/>
        <![CDATA[ from t_cm_bug ]]>
        where  <![CDATA[ CLICK = '1'  AND IS_INVALID = '0'  AND COCHAIN_STATE != '2' ]]>
    </select>

</mapper>   
