<?xml version="1.0" encoding="UTF-8"?>
<!DOCTYPE mapper PUBLIC "-//mybatis.org//DTD Mapper 3.0//EN" "http://mybatis.org/dtd/mybatis-3-mapper.dtd" >
<mapper namespace="com.clkj.mapper.dao.cm.TCmCasebackMapper">
    <!-- Result Map-->
    <resultMap id="BaseResultMap" type="com.clkj.entity.cm.TCmCaseback">
        <id column="ID" property="id" javaType="String"/>
        <!-- 供应商名称 -->
        <result column="SUPPLIER_NAME" property="supplierName" javaType="String"/>
        <!-- 统一信用代码 -->
        <result column="CREDIT_CODE" property="creditCode" javaType="String"/>
        <!-- 案例名称 -->
        <result column="CASE_NAME" property="caseName" javaType="String"/>
        <!-- 案例资料类型 -->
        <result column="CASE_TYPE" property="caseType" javaType="String"/>
        <!--案例内容简述 -->
        <result column="CASE_REMARK" property="caseRemark" javaType="String"/>
        <!-- 案例开始时间 -->
        <result column="CASE_START_TIME" property="caseStartTime" javaType="java.util.Date"/>
        <!-- 案例结束时间 -->
        <result column="CASE_TIME" property="caseTime" javaType="java.util.Date"/>
        <!-- 对象hash-->
        <result column="SUMMARY_CODE" property="summaryCode" javaType="String"/>
        <!-- 是否可以点击上链-->
        <result column="CLICK" property="click" javaType="Integer"/>

        <result column="CREATOR" property="creator" javaType="String"/>
        <result column="CREATOR_ID" property="creatorId" javaType="String"/>
        <result column="CREATE_DATE" property="createDate" javaType="java.util.Date"/>
        <result column="MODIFY_PERSON_ID" property="modifyPersonId" javaType="String"/>
        <result column="MODIFY_PERSON" property="modifyPerson" javaType="String"/>
        <result column="MODIFY_DATE" property="modifyDate" javaType="java.util.Date"/>
        <result column="IS_INVALID" property="isInvalid" javaType="String"/>
        <result column="INVALIDATE_DATE" property="invalidateDate" javaType="java.util.Date"/>
        <result column="INVALIDATE_USER_ID" property="invalidateUserId" javaType="String"/>
        <result column="COCHAIN_STATE" property="cochainState" javaType="String"/>
        <result column="PUBLISHER" property="publisher" javaType="String"/>
        <result column="PUBLISH_TIME" property="publishTime" javaType="java.util.Date"/>
    </resultMap>
    <resultMap id="CaseResultMap" type="com.clkj.entity.cm.TCmCaseback">
        <id column="ID" property="id" javaType="String"/>
        <result column="SUPPLIER_NAME" property="supplierName" javaType="String"/>
        <result column="CREDIT_CODE" property="creditCode" javaType="String"/>
        <result column="CASE_NAME" property="caseName" javaType="String"/>
        <result column="CASE_TYPE" property="caseType" javaType="String"/>
        <result column="CASE_REMARK" property="caseRemark" javaType="String"/>
        <result column="CASE_TIME" property="caseTime" javaType="java.util.Date"/>
        <result column="CASE_START_TIME" property="caseStartTime" javaType="java.util.Date"/>
        <result column="CREATOR" property="creator" javaType="String"/>
        <result column="CREATOR_ID" property="creatorId" javaType="String"/>
        <result column="CREATE_DATE" property="createDate" javaType="java.util.Date"/>
        <result column="MODIFY_PERSON_ID" property="modifyPersonId" javaType="String"/>
        <result column="MODIFY_PERSON" property="modifyPerson" javaType="String"/>
        <result column="MODIFY_DATE" property="modifyDate" javaType="java.util.Date"/>
        <result column="IS_INVALID" property="isInvalid" javaType="String"/>
        <result column="INVALIDATE_DATE" property="invalidateDate" javaType="java.util.Date"/>
        <result column="INVALIDATE_USER_ID" property="invalidateUserId" javaType="String"/>
        <result column="COCHAIN_STATE" property="cochainState" javaType="String"/>
        <result column="PUBLISHER" property="publisher" javaType="String"/>
        <result column="PUBLISH_TIME" property="publishTime" javaType="java.util.Date"/>
        <!-- 对象md5-->
        <result column="SUMMARY_CODE" property="summaryCode" javaType="String"/>
        <!-- 是否可以点击上链-->
        <result column="CLICK" property="click" javaType="Integer"/>
        <!-- 是否授权 -->
        <result column="IS_AUTHORIZATION" property="isAuthorization" javaType="Integer"/>
        <!-- 文件备注 -->
        <result column="DESC" property="desc" javaType="String"/>
        <!-- 业务关联附件，一对多 -->
        <collection column="ID" property="file"
                    select="com.clkj.mapper.dao.cm.TCmFileMapper.getFileByResourceId"/>
    </resultMap>

    <!-- 案例溯源表 -->
    <sql id="Base_Column_List">
		ID ,SUPPLIER_NAME ,CREDIT_CODE ,CASE_NAME ,CASE_TYPE ,CASE_REMARK ,CASE_TIME,CASE_START_TIME ,CREATOR ,CREATOR_ID ,CREATE_DATE ,MODIFY_PERSON_ID ,MODIFY_PERSON ,MODIFY_DATE ,IS_INVALID ,INVALIDATE_DATE ,INVALIDATE_USER_ID ,COCHAIN_STATE,
		PUBLISHER,PUBLISH_TIME, SUMMARY_CODE, CLICK, IS_AUTHORIZATION, `DESC`
	</sql>

    <!-- 根据id查询 -->
    <select id="selectById" resultMap="CaseResultMap" parameterType="java.lang.String">
        <![CDATA[ select ]]><include refid="Base_Column_List"/><![CDATA[ from t_cm_caseback ]]>
        <trim prefix="where" prefixOverrides="AND|OR">
            <![CDATA[ AND ID = #{id,jdbcType=VARCHAR} AND IS_INVALID = '0' ]]>
        </trim>
    </select>

    <!-- 插入记录 -->
    <insert id="insert" parameterType="com.clkj.entity.cm.TCmCaseback">
        <![CDATA[ insert into t_cm_caseback ( ]]>
        <include refid="Base_Column_List"/>
        <![CDATA[  ) values (
			#{id,jdbcType=VARCHAR},
			#{supplierName,jdbcType=VARCHAR},
			#{creditCode,jdbcType=VARCHAR},
			#{caseName,jdbcType=VARCHAR},
			#{caseType,jdbcType=VARCHAR},
			#{caseRemark,jdbcType=VARCHAR},
			#{caseTime,jdbcType=TIMESTAMP},
			#{caseStartTime,jdbcType=TIMESTAMP},
			#{creator,jdbcType=VARCHAR},
			#{creatorId,jdbcType=VARCHAR},
			#{createDate,jdbcType=TIMESTAMP},
			#{modifyPersonId,jdbcType=VARCHAR},
			#{modifyPerson,jdbcType=VARCHAR},
			#{modifyDate,jdbcType=TIMESTAMP},
			#{isInvalid,jdbcType=VARCHAR},
			#{invalidateDate,jdbcType=TIMESTAMP},
			#{invalidateUserId,jdbcType=VARCHAR},
			#{cochainState,jdbcType=VARCHAR},
			#{publisher,jdbcType=VARCHAR},
			#{publishTime,jdbcType=TIMESTAMP},
			md5(#{summaryCode,jdbcType=VARCHAR}),
			#{click,jdbcType=TINYINT},
			#{isAuthorization,jdbcType=TINYINT},
			#{desc,jdbcType=VARCHAR}
		 ) ]]>
    </insert>

    <!-- 批量插入 -->
    <insert id="batchInsert" parameterType="java.util.List">
        <![CDATA[ insert into t_cm_caseback ( ]]>
        <include refid="Base_Column_List"/>
        <![CDATA[ ) values ]]>
        <foreach collection="list" item="it" separator=",">
            <![CDATA[ (
				#{it.id,jdbcType=VARCHAR},
				#{it.supplierName,jdbcType=VARCHAR},
				#{it.creditCode,jdbcType=VARCHAR},
				#{it.caseName,jdbcType=VARCHAR},
				#{it.caseType,jdbcType=VARCHAR},
				#{it.caseRemark,jdbcType=VARCHAR},
				#{it.caseTime,jdbcType=TIMESTAMP},
				#{it.caseStartTime,jdbcType=TIMESTAMP},
				#{it.creator,jdbcType=VARCHAR},
				#{it.creatorId,jdbcType=VARCHAR},
				#{it.createDate,jdbcType=TIMESTAMP},
				#{it.modifyPersonId,jdbcType=VARCHAR},
				#{it.modifyPerson,jdbcType=VARCHAR},
				#{it.modifyDate,jdbcType=TIMESTAMP},
				#{it.isInvalid,jdbcType=VARCHAR},
				#{it.invalidateDate,jdbcType=TIMESTAMP},
				#{it.invalidateUserId,jdbcType=VARCHAR},
				#{it.cochainState,jdbcType=VARCHAR},
				#{it.publisher,jdbcType=VARCHAR},
				#{it.publishTime,jdbcType=TIMESTAMP},
				md5(#{it.summaryCode,jdbcType=VARCHAR}),
				#{it.click,jdbcType=TINYINT},
				#{it.isAuthorization,jdbcType=TINYINT},
				#{it.desc,jdbcType=VARCHAR}
			) ]]>
        </foreach>
    </insert>

    <!-- 物理删除：通过主键ID单条删除 -->
    <delete id="deleteByPrimaryKey" parameterType="com.clkj.entity.cm.TCmCaseback">
        <![CDATA[ delete from t_cm_caseback  ]]>
        <trim prefix="where" prefixOverrides="AND|OR">
            <![CDATA[ AND ID = #{id,jdbcType=VARCHAR}	]]>
        </trim>
    </delete>

    <!-- 物理删除：通过主键ID批量删除 -->
    <delete id="batchDeleteByPrimaryKey" parameterType="java.util.List">
        <![CDATA[ delete from t_cm_caseback  ]]>
        <trim prefix="where" prefixOverrides="AND|OR">
            <foreach collection="list" item="it" separator=" OR " open="(" close=")">
                <trim prefixOverrides="AND|OR">
                    <![CDATA[ AND ID = #{it.id,jdbcType=VARCHAR}	]]>
                </trim>
            </foreach>
        </trim>
    </delete>

    <!-- 根据id，属性值全量更新数据记录-->
    <update id="updateByPrimaryKey" parameterType="com.clkj.entity.cm.TCmCaseback">
        <![CDATA[ update t_cm_caseback ]]>
        <trim prefix="set" suffixOverrides=",">
            <![CDATA[ SUPPLIER_NAME = #{supplierName,jdbcType=VARCHAR},	]]>
            <![CDATA[ CREDIT_CODE = #{creditCode,jdbcType=VARCHAR},	]]>
            <![CDATA[ CASE_NAME = #{caseName,jdbcType=VARCHAR},	]]>
            <![CDATA[ CASE_TYPE = #{caseType,jdbcType=VARCHAR},	]]>
            <![CDATA[ CASE_REMARK = #{caseRemark,jdbcType=VARCHAR},	]]>
            <![CDATA[ CASE_TIME = #{caseTime,jdbcType=TIMESTAMP},	]]>
            <![CDATA[ CASE_START_TIME = #{caseStartTime,jdbcType=TIMESTAMP},	]]>
            <![CDATA[ CREATOR = #{creator,jdbcType=VARCHAR},	]]>
            <![CDATA[ CREATOR_ID = #{creatorId,jdbcType=VARCHAR},	]]>
            <![CDATA[ CREATE_DATE = #{createDate,jdbcType=TIMESTAMP},	]]>
            <![CDATA[ MODIFY_PERSON_ID = #{modifyPersonId,jdbcType=VARCHAR},	]]>
            <![CDATA[ MODIFY_PERSON = #{modifyPerson,jdbcType=VARCHAR},	]]>
            <![CDATA[ MODIFY_DATE = now(),	]]>
            <![CDATA[ IS_INVALID = #{isInvalid,jdbcType=VARCHAR},	]]>
            <![CDATA[ INVALIDATE_DATE = #{invalidateDate,jdbcType=TIMESTAMP},	]]>
            <![CDATA[ INVALIDATE_USER_ID = #{invalidateUserId,jdbcType=VARCHAR},	]]>
            <![CDATA[ COCHAIN_STATE = #{cochainState,jdbcType=VARCHAR},	]]>
            <![CDATA[ PUBLISHER = #{publisher,jdbcType=VARCHAR},	]]>
            <![CDATA[ PUBLISH_TIME = #{publishTime,jdbcType=TIMESTAMP},	]]>
            <![CDATA[ SUMMARY_CODE = md5(#{summaryCode,jdbcType=VARCHAR}) ,	]]>
            <![CDATA[ CLICK = #{click,jdbcType=TINYINT} ,]]>
            <![CDATA[ `DESC` = #{desc,jdbcType=VARCHAR} ,]]>
            <![CDATA[ IS_AUTHORIZATION = #{isAuthorization,jdbcType=TINYINT} ]]>
        </trim>
        <trim prefix="where" prefixOverrides="AND|OR">
            <![CDATA[ AND ID = #{id,jdbcType=VARCHAR} ]]>
            <![CDATA[ AND IS_INVALID = '0'	]]>
        </trim>
    </update>

    <!-- 根据id，更新属性值为非NULL的数据记录-->
    <update id="updateByPrimaryKeySelective" parameterType="com.clkj.entity.cm.TCmCaseback">
        <![CDATA[ update t_cm_caseback ]]>
        <trim prefix="set" suffixOverrides=",">
            <if test=" supplierName != null ">
                <![CDATA[ SUPPLIER_NAME = #{supplierName,jdbcType=VARCHAR},	]]>
            </if>
            <if test=" creditCode != null ">
                <![CDATA[ CREDIT_CODE = #{creditCode,jdbcType=VARCHAR},	]]>
            </if>
            <if test=" caseName != null ">
                <![CDATA[ CASE_NAME = #{caseName,jdbcType=VARCHAR},	]]>
            </if>
            <if test=" caseType != null ">
                <![CDATA[ CASE_TYPE = #{caseType,jdbcType=VARCHAR},	]]>
            </if>
            <if test=" caseRemark != null ">
                <![CDATA[ CASE_REMARK = #{caseRemark,jdbcType=VARCHAR},	]]>
            </if>
            <if test=" caseTime != null ">
                <![CDATA[ CASE_TIME = #{caseTime,jdbcType=TIMESTAMP},	]]>
            </if>
            <if test=" caseStartTime != null ">
                <![CDATA[ CASE_START_TIME = #{caseStartTime,jdbcType=TIMESTAMP},	]]>
            </if>
            <if test=" creator != null ">
                <![CDATA[ CREATOR = #{creator,jdbcType=VARCHAR},	]]>
            </if>
            <if test=" creatorId != null ">
                <![CDATA[ CREATOR_ID = #{creatorId,jdbcType=VARCHAR},	]]>
            </if>
            <if test=" createDate != null ">
                <![CDATA[ CREATE_DATE = #{createDate,jdbcType=TIMESTAMP},	]]>
            </if>
            <if test=" modifyPersonId != null ">
                <![CDATA[ MODIFY_PERSON_ID = #{modifyPersonId,jdbcType=VARCHAR},	]]>
            </if>
            <if test=" modifyPerson != null ">
                <![CDATA[ MODIFY_PERSON = #{modifyPerson,jdbcType=VARCHAR},	]]>
            </if>
            <if test=" modifyDate != null ">
                <![CDATA[ MODIFY_DATE = #{modifyDate,jdbcType=TIMESTAMP},	]]>
            </if>
            <if test=" invalidateDate != null ">
                <![CDATA[ INVALIDATE_DATE = #{invalidateDate,jdbcType=TIMESTAMP},	]]>
            </if>
            <if test=" invalidateUserId != null ">
                <![CDATA[ INVALIDATE_USER_ID = #{invalidateUserId,jdbcType=VARCHAR},	]]>
            </if>
            <if test=" cochainState != null ">
                <![CDATA[ COCHAIN_STATE = #{cochainState,jdbcType=VARCHAR},	]]>
            </if>
            <if test=" publisher != null ">
                <![CDATA[ PUBLISHER = #{publisher,jdbcType=VARCHAR},	]]>
            </if>
            <if test=" publishTime != null ">
                <![CDATA[ PUBLISH_TIME = #{publishTime,jdbcType=TIMESTAMP},	]]>
            </if>
             <!-- 请不要传递这个参数 -->
            <if test=" isInvalid != null ">
                <![CDATA[ IS_INVALID = #{isInvalid,jdbcType=VARCHAR},]]>
            </if>
            <if test=" summaryCode != null ">
                <![CDATA[ SUMMARY_CODE = md5(#{summaryCode,jdbcType=VARCHAR}),]]>
            </if>
            <if test=" click != null ">
                <![CDATA[ CLICK = #{click,jdbcType=TINYINT} ,]]>
            </if>
        </trim>
        <trim prefix="where" prefixOverrides="AND|OR">
            <![CDATA[ AND ID = #{id,jdbcType=VARCHAR} ]]>
            <![CDATA[ AND IS_INVALID = '0' 	]]>
        </trim>
    </update>

    <!-- 根据id查询 -->
    <select id="selectByPrimaryKey" resultMap="BaseResultMap" parameterType="com.clkj.entity.cm.TCmCaseback">
        <![CDATA[ select ]]><include refid="Base_Column_List"/><![CDATA[ from t_cm_caseback ]]>
        <trim prefix="where" prefixOverrides="AND|OR">
            <![CDATA[ AND ID = #{id,jdbcType=VARCHAR} ]]>
            <![CDATA[ AND IS_INVALID = '0' ]]>
        </trim>
    </select>

    <!-- 存在校验查询 -->
    <select id="checkExsit" resultType="java.lang.Integer" parameterType="com.clkj.entity.cm.TCmCaseback">
        <![CDATA[ select count(1) num from t_cm_caseback ]]>
        <trim prefix="where" prefixOverrides="AND|OR">
            <if test=" id != null ">
                <![CDATA[ AND ID != #{id,jdbcType=VARCHAR}	]]>
            </if>
            <if test=" supplierName != null ">
                <![CDATA[ AND SUPPLIER_NAME = #{supplierName,jdbcType=VARCHAR}	]]>
            </if>
            <if test=" creditCode != null ">
                <![CDATA[ AND CREDIT_CODE = #{creditCode,jdbcType=VARCHAR}	]]>
            </if>
            <if test=" caseName != null ">
                <![CDATA[ AND CASE_NAME = #{caseName,jdbcType=VARCHAR}	]]>
            </if>
            <if test=" caseType != null ">
                <![CDATA[ AND CASE_TYPE = #{caseType,jdbcType=VARCHAR}	]]>
            </if>
            <if test=" caseRemark != null ">
                <![CDATA[ AND CASE_REMARK = #{caseRemark,jdbcType=VARCHAR}	]]>
            </if>
            <if test=" caseTime != null ">
                <![CDATA[ AND CASE_TIME = #{caseTime,jdbcType=TIMESTAMP}	]]>
            </if>
            <if test=" caseStartTime != null ">
                <![CDATA[ CASE_START_TIME = #{caseStartTime,jdbcType=TIMESTAMP},	]]>
            </if>
            <if test=" creator != null ">
                <![CDATA[ AND CREATOR = #{creator,jdbcType=VARCHAR}	]]>
            </if>
            <if test=" creatorId != null ">
                <![CDATA[ AND CREATOR_ID = #{creatorId,jdbcType=VARCHAR}	]]>
            </if>
            <if test=" createDate != null ">
                <![CDATA[ AND CREATE_DATE = #{createDate,jdbcType=TIMESTAMP}	]]>
            </if>
            <if test=" modifyPersonId != null ">
                <![CDATA[ AND MODIFY_PERSON_ID = #{modifyPersonId,jdbcType=VARCHAR}	]]>
            </if>
            <if test=" modifyPerson != null ">
                <![CDATA[ AND MODIFY_PERSON = #{modifyPerson,jdbcType=VARCHAR}	]]>
            </if>
            <if test=" modifyDate != null ">
                <![CDATA[ AND MODIFY_DATE = #{modifyDate,jdbcType=TIMESTAMP}	]]>
            </if>
            <if test=" invalidateDate != null ">
                <![CDATA[ AND INVALIDATE_DATE = #{invalidateDate,jdbcType=TIMESTAMP}	]]>
            </if>
            <if test=" invalidateUserId != null ">
                <![CDATA[ AND INVALIDATE_USER_ID = #{invalidateUserId,jdbcType=VARCHAR}	]]>
            </if>
            <if test=" cochainState != null ">
                <![CDATA[ AND COCHAIN_STATE = #{cochainState,jdbcType=VARCHAR}	]]>
            </if>
            <if test="click != null">
                <![CDATA[ AND CLICK = #{click,jdbcType=TINYINT} ,]]>
            </if>
             <!-- 如果需要使用这个参数请删除下面的语句-->
            <if test="isInvalid != null and isInvalid != ''">
                <![CDATA[ AND IS_INVALID = #{isInvalid,jdbcType=VARCHAR} ]]>
            </if>
            <![CDATA[  AND IS_INVALID = '0' ]]>
        </trim>
    </select>

    <!-- 查询条件 -->
    <sql id="Example_Where_Clause">
        <trim prefix="where" prefixOverrides="AND|OR">
            <if test="id != null and id != ''">
                <![CDATA[ AND ID = #{id,jdbcType=VARCHAR} ]]>
            </if>
            <if test="supplierName != null and supplierName != ''">
                <![CDATA[ AND SUPPLIER_NAME like concat("%", #{supplierName,jdbcType=VARCHAR},"%")  ]]>
            </if>
            <if test="creditCode != null and creditCode != ''">
                <![CDATA[ AND CREDIT_CODE like concat("%", #{creditCode,jdbcType=VARCHAR},"%")  ]]>
            </if>
            <if test="caseName != null and caseName != ''">
                <![CDATA[ AND CASE_NAME like concat("%", #{caseName,jdbcType=VARCHAR},"%")  ]]>
            </if>
            <if test="caseType != null and caseType.size() > 0 ">
                <![CDATA[ AND CASE_TYPE IN ]]>
                <foreach item="item" index="index" collection="caseType" open="(" separator="," close=")">
                    #{item,jdbcType=VARCHAR}
                </foreach>
            </if>
            <if test="caseRemark != null and caseRemark != ''">
                <![CDATA[ AND CASE_REMARK like concat("%", #{caseRemark,jdbcType=VARCHAR},"%")  ]]>
            </if>
            <if test="caseTimeStart != null and caseTimeStart != ''">
                <![CDATA[ AND CASE_TIME >= #{caseTimeStart,jdbcType=varchar} ]]>
            </if>
            <if test="caseTimeEnd != null and caseTimeEnd != ''">
                <![CDATA[ AND CASE_TIME < #{caseTimeEnd,jdbcType=varchar} ]]>
            </if>
            <if test="creator != null and creator != ''">
                <![CDATA[ AND CREATOR like concat("%", #{creator,jdbcType=VARCHAR},"%")   ]]>
            </if>
            <if test="creatorId != null and creatorId != ''">
                <![CDATA[ AND CREATOR_ID = #{creatorId,jdbcType=VARCHAR} ]]>
            </if>
            <if test="createDateStart != null and createDateStart != ''">
                <![CDATA[ AND CREATE_DATE >= #{createDateStart,jdbcType=varchar} ]]>
            </if>
            <if test="createDateEnd != null and createDateEnd != ''">
                <![CDATA[ AND CREATE_DATE < #{createDateEnd,jdbcType=varchar} ]]>
            </if>
            <if test="modifyPersonId != null and modifyPersonId != ''">
                <![CDATA[ AND MODIFY_PERSON_ID = #{modifyPersonId,jdbcType=VARCHAR} ]]>
            </if>
            <if test="modifyPerson != null and modifyPerson != ''">
                <![CDATA[ AND MODIFY_PERSON = #{modifyPerson,jdbcType=VARCHAR} ]]>
            </if>
            <if test="modifyDateStart != null and modifyDateStart != ''">
                <![CDATA[ AND MODIFY_DATE >= #{modifyDateStart,jdbcType=varchar} ]]>
            </if>
            <if test="modifyDateEnd != null and modifyDateEnd != ''">
                <![CDATA[ AND MODIFY_DATE < #{modifyDateEnd,jdbcType=varchar} ]]>
            </if>
            <if test="invalidateDateStart != null and invalidateDateStart != ''">
                <![CDATA[ AND INVALIDATE_DATE >= #{invalidateDateStart,jdbcType=varchar} ]]>
            </if>
            <if test="invalidateDateEnd != null and invalidateDateEnd != ''">
                <![CDATA[ AND INVALIDATE_DATE < #{invalidateDateEnd,jdbcType=varchar} ]]>
            </if>
            <if test="invalidateUserId != null and invalidateUserId != ''">
                <![CDATA[ AND INVALIDATE_USER_ID = #{invalidateUserId,jdbcType=VARCHAR} ]]>
            </if>
            <if test="cochainState != null and cochainState.size() > 0">
                <![CDATA[ AND COCHAIN_STATE IN ]]>
                <foreach item="item" index="index" collection="cochainState" open="(" separator="," close=")">
                    #{item,jdbcType=VARCHAR}
                </foreach>
            </if>
            <!-- map 不需要待这个字段-->
            <if test="isInvalid != null and isInvalid != ''">
                <![CDATA[ AND IS_INVALID = #{isInvalid,jdbcType=VARCHAR} ]]>
            </if>
            <!-- 查询时自动拼接，要求该标记为不为0 -->
            <![CDATA[  AND IS_INVALID = '0' ]]>
        </trim>
    </sql>

    <!-- 查询总数-->
    <select id="count" parameterType="java.util.Map" resultType="java.lang.Integer">
        <![CDATA[ select count(1) from t_cm_caseback 	]]>
        <include refid="Example_Where_Clause"/>
    </select>

    <!-- 查询列表 -->
    <select id="list" parameterType="java.util.Map" resultMap="BaseResultMap">
        <![CDATA[ select 	]]>
        <include refid="Base_Column_List"/>
        <![CDATA[ from t_cm_caseback 	]]>
        <include refid="Example_Where_Clause"/>
        <![CDATA[ order by MODIFY_DATE DESC,COCHAIN_STATE ASC 	]]>
    </select>

    <!-- 根据SummaryCode 查询记录数-->
    <select id="listBySummaryCode" resultType="string">
		<![CDATA[ select ID from t_cm_caseback ]]>
        where SUMMARY_CODE = md5(#{context,jdbcType=VARCHAR})
        <![CDATA[ AND IS_INVALID = '0' 	]]>
	</select>

    <!-- 根据统一社会信用代码查询对象信息-->
    <select id="listByCode" parameterType="string" resultMap="BaseResultMap">
        <![CDATA[ select ]]>
        <include refid="Base_Column_List"/>
        <![CDATA[  from t_cm_caseback  where CREDIT_CODE = #{code,jdbcType=VARCHAR} ]]>
        <![CDATA[ AND IS_INVALID = '0']]>
    </select>
    <select id="listByClick" resultMap="BaseResultMap">
        <![CDATA[ select ]]>
        <include refid="Base_Column_List"/>
        <![CDATA[ from t_cm_caseback ]]>
        where  <![CDATA[ CLICK = '1'  AND IS_INVALID = '0'  AND COCHAIN_STATE != '2' ]]>
    </select>
</mapper>   
