<?xml version="1.0" encoding="UTF-8"?>
<!DOCTYPE mapper PUBLIC "-//mybatis.org//DTD Mapper 3.0//EN" "http://mybatis.org/dtd/mybatis-3-mapper.dtd" >
<mapper namespace="com.clkj.mapper.dao.cm.TCmEvalMapper">
    <!-- Result Map-->
    <resultMap id="BaseResultMap" type="com.clkj.entity.cm.TCmEval">
        <id column="ID" property="id" javaType="String"/>
        <!-- 项目名称 -->
        <result column="PROJECT_NAME" property="projectName" javaType="String"/>
        <!-- 供应商名称 -->
        <result column="SERVICE_PROVIDERS" property="serviceProviders" javaType="String"/>
        <!-- 统一社会信用代码 -->
        <result column="SERVICE_CREDIT_NUMBER" property="serviceCreditNumber" javaType="String"/>
        <!-- 评价单位 -->
        <result column="COMPANY_NAME" property="companyName" javaType="String"/>
        <!-- 评价结果 -->
        <result column="EVALUATION_RESULT" property="evaluationResult" javaType="String"/>
        <!-- 评价时间 -->
        <result column="EVAL_TIME" property="evalTime" javaType="java.util.Date"/>
        <!-- 对象hash-->
        <result column="SUMMARY_CODE" property="summaryCode" javaType="String"/>
        <!-- 是否可以点击上链-->
        <result column="CLICK" property="click" javaType="Integer"/>

        <result column="CREATOR" property="creator" javaType="String"/>
        <result column="CREATOR_ID" property="creatorId" javaType="String"/>
        <result column="CREATE_DATE" property="createDate" javaType="java.util.Date"/>
        <result column="MODIFY_PERSON_ID" property="modifyPersonId" javaType="String"/>
        <result column="MODIFY_PERSON" property="modifyPerson" javaType="String"/>
        <result column="MODIFY_DATE" property="modifyDate" javaType="java.util.Date"/>
        <result column="IS_INVALID" property="isInvalid" javaType="String"/>
        <result column="INVALIDATE_DATE" property="invalidateDate" javaType="java.util.Date"/>
        <result column="INVALIDATE_USER_ID" property="invalidateUserId" javaType="String"/>
        <result column="COCHAIN_STATE" property="cochainState" javaType="String"/>
        <result column="PUBLISHER" property="publisher" javaType="String"/>
        <result column="PUBLISH_TIME" property="publishTime" javaType="java.util.Date"/>
    </resultMap>
    <resultMap id="EvalResultMap" type="com.clkj.entity.cm.TCmEval">
        <id column="ID" property="id" javaType="String"/>
        <result column="PROJECT_NAME" property="projectName" javaType="String"/>
        <result column="SERVICE_PROVIDERS" property="serviceProviders" javaType="String"/>
        <result column="SERVICE_CREDIT_NUMBER" property="serviceCreditNumber" javaType="String"/>
        <result column="COMPANY_NAME" property="companyName" javaType="String"/>
        <result column="EVALUATION_RESULT" property="evaluationResult" javaType="String"/>
        <result column="CREATOR" property="creator" javaType="String"/>
        <result column="CREATOR_ID" property="creatorId" javaType="String"/>
        <result column="EVAL_TIME" property="evalTime" javaType="java.util.Date"/>
        <result column="CREATE_DATE" property="createDate" javaType="java.util.Date"/>
        <result column="MODIFY_PERSON_ID" property="modifyPersonId" javaType="String"/>
        <result column="MODIFY_PERSON" property="modifyPerson" javaType="String"/>
        <result column="MODIFY_DATE" property="modifyDate" javaType="java.util.Date"/>
        <result column="IS_INVALID" property="isInvalid" javaType="String"/>
        <result column="INVALIDATE_DATE" property="invalidateDate" javaType="java.util.Date"/>
        <result column="INVALIDATE_USER_ID" property="invalidateUserId" javaType="String"/>
        <result column="COCHAIN_STATE" property="cochainState" javaType="String"/>
        <result column="PUBLISHER" property="publisher" javaType="String"/>
        <result column="PUBLISH_TIME" property="publishTime" javaType="java.util.Date"/>
        <!-- 对象hash-->
        <result column="SUMMARY_CODE" property="summaryCode" javaType="String"/>
        <!-- 是否可以点击上链-->
        <result column="CLICK" property="click" javaType="Integer"/>
        <!-- 是否授权 -->
        <result column="IS_AUTHORIZATION" property="isAuthorization" javaType="Integer"/>
        <!-- 文件备注 -->
        <result column="DESC" property="desc" javaType="String"/>
        <!-- 业务关联附件，一对多 -->
        <collection column="ID" property="file"
                    select="com.clkj.mapper.dao.cm.TCmFileMapper.getFileByResourceId"/>
    </resultMap>

    <!-- 项目评价 -->
    <sql id="Base_Column_List">
		ID ,PROJECT_NAME ,SERVICE_PROVIDERS ,SERVICE_CREDIT_NUMBER ,COMPANY_NAME ,EVALUATION_RESULT ,CREATOR ,CREATOR_ID ,EVAL_TIME ,CREATE_DATE ,MODIFY_PERSON_ID ,MODIFY_PERSON ,MODIFY_DATE ,IS_INVALID ,INVALIDATE_DATE ,INVALIDATE_USER_ID ,COCHAIN_STATE
		,PUBLISHER,PUBLISH_TIME , SUMMARY_CODE, CLICK, IS_AUTHORIZATION, `DESC`
	</sql>

    <!-- 根据id查询 -->
    <select id="selectById" resultMap="EvalResultMap" parameterType="java.lang.String">
        <![CDATA[ select ]]><include refid="Base_Column_List"/><![CDATA[ from t_cm_eval ]]>
        <trim prefix="where" prefixOverrides="AND|OR">
            <![CDATA[ AND ID = #{id,jdbcType=VARCHAR} AND IS_INVALID = '0' ]]>
        </trim>
    </select>

    <!-- 插入记录 -->
    <insert id="insert" parameterType="com.clkj.entity.cm.TCmEval">
        <![CDATA[ insert into t_cm_eval ( ]]>
        <include refid="Base_Column_List"/>
        <![CDATA[  ) values (
			#{id,jdbcType=VARCHAR},
			#{projectName,jdbcType=VARCHAR},
			#{serviceProviders,jdbcType=VARCHAR},
			#{serviceCreditNumber,jdbcType=VARCHAR},
			#{companyName,jdbcType=VARCHAR},
			#{evaluationResult,jdbcType=VARCHAR},
			#{creator,jdbcType=VARCHAR},
			#{creatorId,jdbcType=VARCHAR},
			#{evalTime,jdbcType=TIMESTAMP},					  
			#{createDate,jdbcType=TIMESTAMP},
			#{modifyPersonId,jdbcType=VARCHAR},
			#{modifyPerson,jdbcType=VARCHAR},
			#{modifyDate,jdbcType=TIMESTAMP},
			#{isInvalid,jdbcType=VARCHAR},
			#{invalidateDate,jdbcType=TIMESTAMP},
			#{invalidateUserId,jdbcType=VARCHAR},
			#{cochainState,jdbcType=VARCHAR},
			#{publisher,jdbcType=VARCHAR},
			#{publishTime,jdbcType=TIMESTAMP},
			md5(#{summaryCode,jdbcType=VARCHAR}),
			#{click,jdbcType=TINYINT},
			#{isAuthorization,jdbcType=TINYINT},
			#{desc,jdbcType=VARCHAR}
		 ) ]]>
    </insert>

    <!-- 批量插入 -->
    <insert id="batchInsert" parameterType="java.util.List">
        <![CDATA[ insert into t_cm_eval ( ]]>
        <include refid="Base_Column_List"/>
        <![CDATA[ ) values ]]>
        <foreach collection="list" item="it" separator=",">
            <![CDATA[ (
				#{it.id,jdbcType=VARCHAR},
				#{it.projectName,jdbcType=VARCHAR},
				#{it.serviceProviders,jdbcType=VARCHAR},
				#{it.serviceCreditNumber,jdbcType=VARCHAR},
				#{it.companyName,jdbcType=VARCHAR},
				#{it.evaluationResult,jdbcType=VARCHAR},
				#{it.creator,jdbcType=VARCHAR},
				#{it.creatorId,jdbcType=VARCHAR},
				#{it.evalTime,jdbcType=TIMESTAMP},					  
				#{it.createDate,jdbcType=TIMESTAMP},
				#{it.modifyPersonId,jdbcType=VARCHAR},
				#{it.modifyPerson,jdbcType=VARCHAR},
				#{it.modifyDate,jdbcType=TIMESTAMP},
				#{it.isInvalid,jdbcType=VARCHAR},
				#{it.invalidateDate,jdbcType=TIMESTAMP},
				#{it.invalidateUserId,jdbcType=VARCHAR},
				#{it.cochainState,jdbcType=VARCHAR},
				#{it.publisher,jdbcType=VARCHAR},
				#{it.publishTime,jdbcType=TIMESTAMP},
				md5(#{it.summaryCode,jdbcType=VARCHAR}),
				#{it.click,jdbcType=TINYINT},
				#{it.isAuthorization,jdbcType=TINYINT},
				#{it.desc,jdbcType=VARCHAR}
			) ]]>
        </foreach>
    </insert>

    <!-- 物理删除：通过主键ID单条删除 -->
    <delete id="deleteByPrimaryKey" parameterType="com.clkj.entity.cm.TCmEval">
        <![CDATA[ delete from t_cm_eval  ]]>
        <trim prefix="where" prefixOverrides="AND|OR">
            <![CDATA[ AND ID = #{id,jdbcType=VARCHAR}	]]>
        </trim>
    </delete>

    <!-- 物理删除：通过主键ID批量删除 -->
    <delete id="batchDeleteByPrimaryKey" parameterType="java.util.List">
        <![CDATA[ delete from t_cm_eval  ]]>
        <trim prefix="where" prefixOverrides="AND|OR">
            <foreach collection="list" item="it" separator=" OR " open="(" close=")">
                <trim prefixOverrides="AND|OR">
                    <![CDATA[ AND ID = #{it.id,jdbcType=VARCHAR}	]]>
                </trim>
            </foreach>
        </trim>
    </delete>

    <!-- 根据id，属性值全量更新数据记录-->
    <update id="updateByPrimaryKey" parameterType="com.clkj.entity.cm.TCmEval">
        <![CDATA[ update t_cm_eval ]]>
        <trim prefix="set" suffixOverrides=",">
            <![CDATA[ PROJECT_NAME = #{projectName,jdbcType=VARCHAR},	]]>
            <![CDATA[ SERVICE_PROVIDERS = #{serviceProviders,jdbcType=VARCHAR},	]]>
            <![CDATA[ SERVICE_CREDIT_NUMBER = #{serviceCreditNumber,jdbcType=VARCHAR},	]]>
            <![CDATA[ COMPANY_NAME = #{companyName,jdbcType=VARCHAR},	]]>
            <![CDATA[ EVALUATION_RESULT = #{evaluationResult,jdbcType=VARCHAR},	]]>
            <![CDATA[ CREATOR = #{creator,jdbcType=VARCHAR},	]]>
            <![CDATA[ CREATOR_ID = #{creatorId,jdbcType=VARCHAR},	]]>
            <![CDATA[ EVAL_TIME = #{evalTime,jdbcType=TIMESTAMP},	]]>
            <![CDATA[ CREATE_DATE = #{createDate,jdbcType=TIMESTAMP},	]]>
            <![CDATA[ MODIFY_PERSON_ID = #{modifyPersonId,jdbcType=VARCHAR},	]]>
            <![CDATA[ MODIFY_PERSON = #{modifyPerson,jdbcType=VARCHAR},	]]>
            <![CDATA[ MODIFY_DATE = now(),	]]>
            <![CDATA[ IS_INVALID = #{isInvalid,jdbcType=VARCHAR},	]]>
            <![CDATA[ INVALIDATE_DATE = #{invalidateDate,jdbcType=TIMESTAMP},	]]>
            <![CDATA[ INVALIDATE_USER_ID = #{invalidateUserId,jdbcType=VARCHAR},	]]>
            <![CDATA[ COCHAIN_STATE = #{cochainState,jdbcType=VARCHAR},	]]>
            <![CDATA[ PUBLISHER = #{publisher,jdbcType=VARCHAR},	]]>
            <![CDATA[ PUBLISH_TIME = #{publishTime,jdbcType=TIMESTAMP},	]]>
            <![CDATA[ SUMMARY_CODE = md5(#{summaryCode,jdbcType=VARCHAR}) ,	]]>
            <![CDATA[ CLICK = #{click,jdbcType=TINYINT} ,]]>
            <![CDATA[ `DESC` = #{desc,jdbcType=VARCHAR} ,]]>
            <![CDATA[ IS_AUTHORIZATION = #{isAuthorization,jdbcType=TINYINT} ]]>
        </trim>
        <trim prefix="where" prefixOverrides="AND|OR">
            <![CDATA[ AND ID = #{id,jdbcType=VARCHAR}]]>
            <![CDATA[ AND IS_INVALID = '0']]>
        </trim>
    </update>

    <!-- 根据id，更新属性值为非NULL的数据记录-->
    <update id="updateByPrimaryKeySelective" parameterType="com.clkj.entity.cm.TCmEval">
        <![CDATA[ update t_cm_eval ]]>
        <trim prefix="set" suffixOverrides=",">
            <if test=" projectName != null ">
                <![CDATA[ PROJECT_NAME = #{projectName,jdbcType=VARCHAR},	]]>
            </if>
            <if test=" serviceProviders != null ">
                <![CDATA[ SERVICE_PROVIDERS = #{serviceProviders,jdbcType=VARCHAR},	]]>
            </if>
            <if test=" serviceCreditNumber != null ">
                <![CDATA[ SERVICE_CREDIT_NUMBER = #{serviceCreditNumber,jdbcType=VARCHAR},	]]>
            </if>
            <if test=" companyName != null ">
                <![CDATA[ COMPANY_NAME = #{companyName,jdbcType=VARCHAR},	]]>
            </if>
            <if test=" evaluationResult != null ">
                <![CDATA[ EVALUATION_RESULT = #{evaluationResult,jdbcType=VARCHAR},	]]>
            </if>
            <if test=" creator != null ">
                <![CDATA[ CREATOR = #{creator,jdbcType=VARCHAR},	]]>
            </if>
            <if test=" creatorId != null ">
                <![CDATA[ CREATOR_ID = #{creatorId,jdbcType=VARCHAR},	]]>
            </if>
            <if test=" evalTime != null ">
                <![CDATA[ EVAL_TIME = #{evalTime,jdbcType=TIMESTAMP},	]]>
            </if>
            <if test=" createDate != null ">
                <![CDATA[ CREATE_DATE = #{createDate,jdbcType=TIMESTAMP},	]]>
            </if>
            <if test=" modifyPersonId != null ">
                <![CDATA[ MODIFY_PERSON_ID = #{modifyPersonId,jdbcType=VARCHAR},	]]>
            </if>
            <if test=" modifyPerson != null ">
                <![CDATA[ MODIFY_PERSON = #{modifyPerson,jdbcType=VARCHAR},	]]>
            </if>
            <if test=" modifyDate != null ">
                <![CDATA[ MODIFY_DATE = #{modifyDate,jdbcType=TIMESTAMP},	]]>
            </if>
            <if test=" invalidateDate != null ">
                <![CDATA[ INVALIDATE_DATE = #{invalidateDate,jdbcType=TIMESTAMP},	]]>
            </if>
            <if test=" invalidateUserId != null ">
                <![CDATA[ INVALIDATE_USER_ID = #{invalidateUserId,jdbcType=VARCHAR},	]]>
            </if>
            <if test=" cochainState != null ">
                <![CDATA[ COCHAIN_STATE = #{cochainState,jdbcType=VARCHAR},	]]>
            </if>
            <if test=" publisher != null ">
                <![CDATA[ PUBLISHER = #{publisher,jdbcType=VARCHAR},	]]>
            </if>
            <if test=" publishTime != null ">
                <![CDATA[ PUBLISH_TIME = #{publishTime,jdbcType=TIMESTAMP},	]]>
            </if>
            <if test=" isInvalid != null ">
                <![CDATA[ IS_INVALID = #{isInvalid,jdbcType=VARCHAR},	]]>
            </if>
            <if test=" summaryCode != null ">
                <![CDATA[ SUMMARY_CODE = md5(#{summaryCode,jdbcType=VARCHAR}),]]>
            </if>
            <if test=" click != null ">
                <![CDATA[ CLICK = #{click,jdbcType=TINYINT} ,]]>
            </if>
        </trim>
        <trim prefix="where" prefixOverrides="AND|OR">
            <![CDATA[ AND ID = #{id,jdbcType=VARCHAR} ]]>
            <![CDATA[ AND IS_INVALID = '0' 	]]>
        </trim>
    </update>

    <!-- 根据id查询 -->
    <select id="selectByPrimaryKey" resultMap="BaseResultMap" parameterType="com.clkj.entity.cm.TCmEval">
        <![CDATA[ select ]]><include refid="Base_Column_List"/><![CDATA[ from t_cm_eval ]]>
        <trim prefix="where" prefixOverrides="AND|OR">
            <![CDATA[ AND ID = #{id,jdbcType=VARCHAR}  ]]>
            <![CDATA[ AND IS_INVALID = '0' 	]]>
        </trim>
    </select>

    <!-- 存在校验查询 -->
    <select id="checkExsit" resultType="java.lang.Integer" parameterType="com.clkj.entity.cm.TCmEval">
        <![CDATA[ select count(1) num from t_cm_eval ]]>
        <trim prefix="where" prefixOverrides="AND|OR">
            <if test=" id != null ">
                <![CDATA[ AND ID != #{id,jdbcType=VARCHAR}	]]>
            </if>
            <if test=" projectName != null ">
                <![CDATA[ AND PROJECT_NAME = #{projectName,jdbcType=VARCHAR}	]]>
            </if>
            <if test=" serviceProviders != null ">
                <![CDATA[ AND SERVICE_PROVIDERS = #{serviceProviders,jdbcType=VARCHAR}	]]>
            </if>
            <if test=" serviceCreditNumber != null ">
                <![CDATA[ AND SERVICE_CREDIT_NUMBER = #{serviceCreditNumber,jdbcType=VARCHAR}	]]>
            </if>
            <if test=" companyName != null ">
                <![CDATA[ AND COMPANY_NAME = #{companyName,jdbcType=VARCHAR}	]]>
            </if>
            <if test=" evaluationResult != null ">
                <![CDATA[ AND EVALUATION_RESULT = #{evaluationResult,jdbcType=VARCHAR}	]]>
            </if>
            <if test=" creator != null ">
                <![CDATA[ AND CREATOR = #{creator,jdbcType=VARCHAR}	]]>
            </if>
            <if test=" creatorId != null ">
                <![CDATA[ AND CREATOR_ID = #{creatorId,jdbcType=VARCHAR}	]]>
            </if>
            <if test=" evalTime != null ">
                <![CDATA[ AND EVAL_TIME = #{evalTime,jdbcType=TIMESTAMP}	]]>
            </if>
            <if test=" createDate != null ">
                <![CDATA[ AND CREATE_DATE = #{createDate,jdbcType=TIMESTAMP}	]]>
            </if>
            <if test=" modifyPersonId != null ">
                <![CDATA[ AND MODIFY_PERSON_ID = #{modifyPersonId,jdbcType=VARCHAR}	]]>
            </if>
            <if test=" modifyPerson != null ">
                <![CDATA[ AND MODIFY_PERSON = #{modifyPerson,jdbcType=VARCHAR}	]]>
            </if>
            <if test=" modifyDate != null ">
                <![CDATA[ AND MODIFY_DATE = #{modifyDate,jdbcType=TIMESTAMP}	]]>
            </if>
            <if test=" invalidateDate != null ">
                <![CDATA[ AND INVALIDATE_DATE = #{invalidateDate,jdbcType=TIMESTAMP}	]]>
            </if>
            <if test=" invalidateUserId != null ">
                <![CDATA[ AND INVALIDATE_USER_ID = #{invalidateUserId,jdbcType=VARCHAR}	]]>
            </if>
            <if test=" cochainState != null ">
                <![CDATA[ AND COCHAIN_STATE = #{cochainState,jdbcType=VARCHAR}	]]>
            </if>
            <!-- map 中不需要传入isInvalid -->
            <if test=" isInvalid != null ">
                <![CDATA[ AND IS_INVALID = #{isInvalid,jdbcType=VARCHAR}	]]>
            </if>
            <if test="click != null">
                <![CDATA[ AND CLICK = #{click,jdbcType=TINYINT} ,]]>
            </if>
            <![CDATA[ AND IS_INVALID = '0' ]]>
        </trim>
    </select>

    <!-- 查询条件 -->
    <sql id="Example_Where_Clause">
        <trim prefix="where" prefixOverrides="AND|OR">
            <if test="id != null and id != ''">
                <![CDATA[ AND ID = #{id,jdbcType=VARCHAR} ]]>
            </if>
            <if test="projectName != null and projectName != ''">
                <![CDATA[ AND PROJECT_NAME like concat("%", #{projectName,jdbcType=VARCHAR},"%")  ]]>
            </if>
            <if test="serviceProviders != null and serviceProviders != ''">
                <![CDATA[ AND SERVICE_PROVIDERS like concat("%", #{serviceProviders,jdbcType=VARCHAR},"%")  ]]>
            </if>
            <if test="serviceCreditNumber != null and serviceCreditNumber != ''">
                <![CDATA[ AND SERVICE_CREDIT_NUMBER like concat("%",#{serviceCreditNumber,jdbcType=VARCHAR},"%")  ]]>
            </if>
            <if test="companyName != null and companyName != ''">
                <![CDATA[ AND COMPANY_NAME like concat("%",#{companyName,jdbcType=VARCHAR},"%")  ]]>
            </if>
            <if test="evaluationResult != null and evaluationResult != ''">
                <![CDATA[ AND EVALUATION_RESULT >= #{evaluationResult, jdbcType = DOUBLE } ]]>
            </if>
            <if test="evaluationResultEnd != null and evaluationResultEnd != ''">
                <![CDATA[ AND EVALUATION_RESULT <= #{evaluationResultEnd, jdbcType= DOUBLE } ]]>
            </if>
            <if test="creator != null and creator != ''">
                <![CDATA[ AND CREATOR like concat("%", #{creator,jdbcType=VARCHAR},"%")   ]]>
            </if>
            <if test="creatorId != null and creatorId != ''">
                <![CDATA[ AND CREATOR_ID = #{creatorId,jdbcType=VARCHAR} ]]>
            </if>
            <if test="evalTimeStart != null and evalTimeStart != ''">
                <![CDATA[ AND EVAL_TIME >= #{evalTimeStart,jdbcType=varchar} ]]>
            </if>
            <if test="evalTimeEnd != null and evalTimeEnd != ''">
                <![CDATA[ AND EVAL_TIME < #{evalTimeEnd,jdbcType=varchar} ]]>
            </if>
            <if test="createDateStart != null and createDateStart != ''">
                <![CDATA[ AND CREATE_DATE >= #{createDateStart,jdbcType=varchar} ]]>
            </if>
            <if test="createDateEnd != null and createDateEnd != ''">
                <![CDATA[ AND CREATE_DATE < #{createDateEnd,jdbcType=varchar} ]]>
            </if>
            <if test="modifyPersonId != null and modifyPersonId != ''">
                <![CDATA[ AND MODIFY_PERSON_ID = #{modifyPersonId,jdbcType=VARCHAR} ]]>
            </if>
            <if test="modifyPerson != null and modifyPerson != ''">
                <![CDATA[ AND MODIFY_PERSON = #{modifyPerson,jdbcType=VARCHAR} ]]>
            </if>
            <if test="modifyDateStart != null and modifyDateStart != ''">
                <![CDATA[ AND MODIFY_DATE >= #{modifyDateStart,jdbcType=varchar} ]]>
            </if>
            <if test="modifyDateEnd != null and modifyDateEnd != ''">
                <![CDATA[ AND MODIFY_DATE < #{modifyDateEnd,jdbcType=varchar} ]]>
            </if>
            <if test="invalidateDateStart != null and invalidateDateStart != ''">
                <![CDATA[ AND INVALIDATE_DATE >= #{invalidateDateStart,jdbcType=varchar} ]]>
            </if>
            <if test="invalidateDateEnd != null and invalidateDateEnd != ''">
                <![CDATA[ AND INVALIDATE_DATE < #{invalidateDateEnd,jdbcType=varchar} ]]>
            </if>
            <if test="invalidateUserId != null and invalidateUserId != ''">
                <![CDATA[ AND INVALIDATE_USER_ID = #{invalidateUserId,jdbcType=VARCHAR} ]]>
            </if>
            <if test="cochainState != null and cochainState.size() > 0 ">
                <![CDATA[ AND COCHAIN_STATE IN ]]>
                <foreach item="item" index="index" collection="cochainState" open="(" separator="," close=")">
                    #{item,jdbcType=VARCHAR}
                </foreach>
            </if>
            <if test="click != null">
                <![CDATA[ AND CLICK = #{click,jdbcType=TINYINT}  ]]>
            </if>
            <!-- map 中不需要传入isInvalid -->
            <if test="isInvalid != null and isInvalid != ''">
                <![CDATA[ AND IS_INVALID = #{isInvalid,jdbcType=VARCHAR} ]]>
            </if>
            <![CDATA[ AND IS_INVALID = '0' ]]>
        </trim>
    </sql>

    <!-- 查询总数-->
    <select id="count" parameterType="java.util.Map" resultType="java.lang.Integer">
        <![CDATA[ select count(1) from t_cm_eval 	]]>
        <include refid="Example_Where_Clause"/>
    </select>

    <!-- 查询列表 -->
    <select id="list" parameterType="java.util.Map" resultMap="BaseResultMap">
        <![CDATA[ select 	]]>
        <include refid="Base_Column_List"/>
        <![CDATA[ from t_cm_eval 	]]>
        <include refid="Example_Where_Clause"/>
        <![CDATA[ order by MODIFY_DATE DESC,COCHAIN_STATE ASC 	]]>
    </select>

    <!-- 根据SummaryCode 查询记录数-->
    <select id="listBySummaryCode" resultType="string">
		<![CDATA[ select ID from t_cm_eval ]]>
        where SUMMARY_CODE = md5(#{context,jdbcType=VARCHAR})
        <![CDATA[ AND IS_INVALID = '0' 	]]>
	</select>

    <!-- 根据统一社会信用代码查询对象信息-->
    <select id="listByCode" parameterType="string" resultMap="BaseResultMap">
    <![CDATA[ select ]]>
    <include refid="Base_Column_List"/>
    <![CDATA[  from t_cm_eval  where SERVICE_CREDIT_NUMBER = #{serviceProviders,jdbcType=VARCHAR} ]]>
    <![CDATA[ AND IS_INVALID = '0']]>
    </select>

    <select id="listByClick" resultMap="BaseResultMap">
        <![CDATA[ select ]]>
        <include refid="Base_Column_List"/>
        <![CDATA[ from t_cm_eval ]]>
        where  <![CDATA[ CLICK = '1'  AND IS_INVALID = '0'  AND COCHAIN_STATE != '2' ]]>
    </select>

</mapper>   
