<?xml version="1.0" encoding="UTF-8"?>
<!DOCTYPE mapper PUBLIC "-//mybatis.org//DTD Mapper 3.0//EN" "http://mybatis.org/dtd/mybatis-3-mapper.dtd" >
<mapper namespace="com.clkj.mapper.dao.cm.TCmFileMapper" >
	<!-- Result Map-->
	<resultMap id="BaseResultMap" type="com.clkj.entity.cm.TCmFile">
		<id column="ID" property="id" javaType="String"/>
		<result column="RESOURCE_ID" property="resourceId" javaType="String"/>
		<result column="RESOURCE_TYPE" property="resourceType" javaType="String"/>
		<result column="FILE_NAME" property="fileName" javaType="String"/>
		<result column="FILE_HASH" property="fileHash" javaType="String"/>
		<result column="FILE_PATH" property="filePath" javaType="String"/>
		<result column="STATE" property="state" javaType="Integer"/>
		<result column="CREATOR" property="creator" javaType="String"/>
		<result column="CREATE_DATE" property="createDate" javaType="java.util.Date"/>
		<result column="MODIFIER" property="modifier" javaType="String"/>
		<result column="UPDATE_DATE" property="updateDate" javaType="java.util.Date"/>
	</resultMap>

	<!-- 上传文件表 -->
	<sql id="Base_Column_List" >
		ID ,RESOURCE_ID ,RESOURCE_TYPE ,FILE_NAME ,FILE_HASH ,FILE_PATH ,STATE ,CREATOR ,CREATE_DATE ,MODIFIER ,UPDATE_DATE 
	</sql>

	<!-- 插入记录 -->
	<insert id="insert" parameterType="com.clkj.entity.cm.TCmFile" >
		<![CDATA[ insert into t_cm_file ( ]]>
		<include refid="Base_Column_List"/>
		<![CDATA[  ) values (
			#{id,jdbcType=VARCHAR},
			#{resourceId,jdbcType=VARCHAR},
			#{resourceType,jdbcType=VARCHAR},
			#{fileName,jdbcType=VARCHAR},
			#{fileHash,jdbcType=VARCHAR},
			#{filePath,jdbcType=VARCHAR},
			#{state,jdbcType=INTEGER},
			#{creator,jdbcType=VARCHAR},
			#{createDate,jdbcType=TIMESTAMP},
			#{modifier,jdbcType=VARCHAR},
			#{updateDate,jdbcType=TIMESTAMP}
		 ) ]]>
	</insert>

	<!-- 插入记录 -->
	<insert id="addFile" parameterType="com.clkj.entity.cm.TCmFile" >
		<![CDATA[ insert into t_cm_file ( ]]>
		<include refid="Base_Column_List"/>
		<![CDATA[  ) values (
			#{id,jdbcType=VARCHAR},
			#{resourceId,jdbcType=VARCHAR},
			#{resourceType,jdbcType=VARCHAR},
			#{fileName,jdbcType=VARCHAR},
			#{fileHash,jdbcType=VARCHAR},
			#{filePath,jdbcType=VARCHAR},
			#{state,jdbcType=INTEGER},
			#{creator,jdbcType=VARCHAR},
			#{createDate,jdbcType=TIMESTAMP},
			#{modifier,jdbcType=VARCHAR},
			#{updateDate,jdbcType=TIMESTAMP}
		 ) ]]>
	</insert>

	<!-- 批量插入 -->
	<insert id="batchInsert" parameterType="java.util.List" >
		<![CDATA[ insert into t_cm_file ( ]]>
		<include refid="Base_Column_List"/>
		<![CDATA[ ) values ]]>
			<foreach collection="list" item="it" separator=",">
			<![CDATA[ (
				#{it.id,jdbcType=VARCHAR},
				#{it.resourceId,jdbcType=VARCHAR},
				#{it.resourceType,jdbcType=VARCHAR},
				#{it.fileName,jdbcType=VARCHAR},
				#{it.fileHash,jdbcType=VARCHAR},
				#{it.filePath,jdbcType=VARCHAR},
				#{it.state,jdbcType=INTEGER},
				#{it.creator,jdbcType=VARCHAR},
				#{it.createDate,jdbcType=TIMESTAMP},
				#{it.modifier,jdbcType=VARCHAR},
				#{it.updateDate,jdbcType=TIMESTAMP}
			) ]]>
		</foreach>
	</insert>

	<!-- 物理删除：通过主键ID单条删除 -->
	<delete id="deleteByPrimaryKey" parameterType="com.clkj.entity.cm.TCmFile">
	    <![CDATA[ delete from t_cm_file  ]]>
	    <trim prefix="where" prefixOverrides="AND|OR">
			<![CDATA[ AND ID = #{id,jdbcType=VARCHAR}	]]>
	    </trim>
  	</delete>

  	<!-- 物理删除：通过主键ID批量删除 -->
	<delete id="batchDeleteByPrimaryKey" parameterType="java.util.List" >
	    <![CDATA[ delete from t_cm_file  ]]>
	    <trim prefix="where" prefixOverrides="AND|OR">
	    	<foreach collection="list" item="it" separator=" OR " open="(" close=")" >
	    		<trim prefixOverrides="AND|OR">
					<![CDATA[ AND ID = #{it.id,jdbcType=VARCHAR}	]]>
	    		</trim>
	    	</foreach>
	    </trim>
  	</delete>

  	<!-- 根据id，属性值全量更新数据记录-->
  	<update id="updateByPrimaryKey" parameterType="com.clkj.entity.cm.TCmFile" >
		<![CDATA[ update t_cm_file ]]>
		<trim prefix="set" suffixOverrides=",">
			<![CDATA[ RESOURCE_ID = #{resourceId,jdbcType=VARCHAR},	]]>
			<![CDATA[ RESOURCE_TYPE = #{resourceType,jdbcType=VARCHAR},	]]>
			<![CDATA[ FILE_NAME = #{fileName,jdbcType=VARCHAR},	]]>
			<![CDATA[ FILE_HASH = #{fileHash,jdbcType=VARCHAR},	]]>
			<![CDATA[ FILE_PATH = #{filePath,jdbcType=VARCHAR},	]]>
			<![CDATA[ STATE = #{state,jdbcType=INTEGER},	]]>
			<![CDATA[ CREATOR = #{creator,jdbcType=VARCHAR},	]]>
			<![CDATA[ CREATE_DATE = #{createDate,jdbcType=TIMESTAMP},	]]>
			<![CDATA[ MODIFIER = #{modifier,jdbcType=VARCHAR},	]]>
			<![CDATA[ UPDATE_DATE = now(),	]]>
		</trim>
		<trim prefix="where" prefixOverrides="AND|OR">
			<![CDATA[ AND ID = #{id,jdbcType=VARCHAR}	]]>
		</trim>
	</update>

	<!-- 根据id，更新属性值为非NULL的数据记录-->
  	<update id="updateByPrimaryKeySelective" parameterType="com.clkj.entity.cm.TCmFile" >
		<![CDATA[ update t_cm_file ]]>
		<trim prefix="set" suffixOverrides=",">
			<if test=" resourceId != null ">
				<![CDATA[ RESOURCE_ID = #{resourceId,jdbcType=VARCHAR},	]]>
			</if>
			<if test=" resourceType != null ">
				<![CDATA[ RESOURCE_TYPE = #{resourceType,jdbcType=VARCHAR},	]]>
			</if>
			<if test=" fileName != null ">
				<![CDATA[ FILE_NAME = #{fileName,jdbcType=VARCHAR},	]]>
			</if>
			<if test=" fileHash != null ">
				<![CDATA[ FILE_HASH = #{fileHash,jdbcType=VARCHAR},	]]>
			</if>
			<if test=" filePath != null ">
				<![CDATA[ FILE_PATH = #{filePath,jdbcType=VARCHAR},	]]>
			</if>
			<if test=" state != null ">
				<![CDATA[ STATE = #{state,jdbcType=INTEGER},	]]>
			</if>
			<if test=" creator != null ">
				<![CDATA[ CREATOR = #{creator,jdbcType=VARCHAR},	]]>
			</if>
			<if test=" createDate != null ">
				<![CDATA[ CREATE_DATE = #{createDate,jdbcType=TIMESTAMP},	]]>
			</if>
			<if test=" modifier != null ">
				<![CDATA[ MODIFIER = #{modifier,jdbcType=VARCHAR},	]]>
			</if>
			<if test=" updateDate != null ">
				<![CDATA[ UPDATE_DATE = #{updateDate,jdbcType=TIMESTAMP},	]]>
			</if>
		</trim>
		<trim prefix="where" prefixOverrides="AND|OR">
			<![CDATA[ AND ID = #{id,jdbcType=VARCHAR}	]]>
		</trim>
	</update>

	<!-- 根据id查询 -->
	<select id="selectByPrimaryKey" resultMap="BaseResultMap" parameterType="com.clkj.entity.cm.TCmFile">
		<![CDATA[ select ]]><include refid="Base_Column_List"/><![CDATA[ from t_cm_file ]]>
		<trim prefix="where" prefixOverrides="AND|OR">
			<![CDATA[ AND ID = #{id,jdbcType=VARCHAR}	]]>
		</trim>
	</select>

	<!-- 存在校验查询 -->
	<select id="checkExsit" resultType="java.lang.Integer" parameterType="com.clkj.entity.cm.TCmFile">
		<![CDATA[ select count(1) num from t_cm_file ]]>
		<trim prefix="where" prefixOverrides="AND|OR">
			<if test=" id != null ">
				<![CDATA[ AND ID != #{id,jdbcType=VARCHAR}	]]>
			</if>
			<if test=" resourceId != null ">
				<![CDATA[ AND RESOURCE_ID = #{resourceId,jdbcType=VARCHAR}	]]>
			</if>
			<if test=" resourceType != null ">
				<![CDATA[ AND RESOURCE_TYPE = #{resourceType,jdbcType=VARCHAR}	]]>
			</if>
			<if test=" fileName != null ">
				<![CDATA[ AND FILE_NAME = #{fileName,jdbcType=VARCHAR}	]]>
			</if>
			<if test=" fileHash != null ">
				<![CDATA[ AND FILE_HASH = #{fileHash,jdbcType=VARCHAR}	]]>
			</if>
			<if test=" filePath != null ">
				<![CDATA[ AND FILE_PATH = #{filePath,jdbcType=VARCHAR}	]]>
			</if>
			<if test=" state != null ">
				<![CDATA[ AND STATE = #{state,jdbcType=INTEGER}	]]>
			</if>
			<if test=" creator != null ">
				<![CDATA[ AND CREATOR = #{creator,jdbcType=VARCHAR}	]]>
			</if>
			<if test=" createDate != null ">
				<![CDATA[ AND CREATE_DATE = #{createDate,jdbcType=TIMESTAMP}	]]>
			</if>
			<if test=" modifier != null ">
				<![CDATA[ AND MODIFIER = #{modifier,jdbcType=VARCHAR}	]]>
			</if>
			<if test=" updateDate != null ">
				<![CDATA[ AND UPDATE_DATE = #{updateDate,jdbcType=TIMESTAMP}	]]>
			</if>
		</trim>
	</select>

	<!-- 查询条件 -->
	<sql id="Example_Where_Clause">
		<trim prefix="where" prefixOverrides="AND|OR">
			<if test="id != null and id != ''">
				<![CDATA[ AND ID = #{id,jdbcType=VARCHAR} ]]>
			</if>
			<if test="resourceId != null and resourceId != ''">
				<![CDATA[ AND RESOURCE_ID = #{resourceId,jdbcType=VARCHAR} ]]>
			</if>
			<if test="resourceType != null and resourceType != ''">
				<![CDATA[ AND RESOURCE_TYPE = #{resourceType,jdbcType=VARCHAR} ]]>
			</if>
			<if test="fileName != null and fileName != ''">
				<![CDATA[ AND FILE_NAME = #{fileName,jdbcType=VARCHAR} ]]>
			</if>
			<if test="fileHash != null and fileHash != ''">
				<![CDATA[ AND FILE_HASH = #{fileHash,jdbcType=VARCHAR} ]]>
			</if>
			<if test="filePath != null and filePath != ''">
				<![CDATA[ AND FILE_PATH = #{filePath,jdbcType=VARCHAR} ]]>
			</if>
			<if test="state != null and state != ''">
				<![CDATA[ AND STATE = #{state,jdbcType=INTEGER} ]]>
			</if>
			<if test="creator != null and creator != ''">
				<![CDATA[ AND CREATOR = #{creator,jdbcType=VARCHAR} ]]>
			</if>
			<if test="createDateStart != null and createDateStart != ''">
				<![CDATA[ AND CREATE_DATE >= #{createDateStart,jdbcType=varchar} ]]>
			</if>
			<if test="createDateEnd != null and createDateEnd != ''">
				<![CDATA[ AND CREATE_DATE < #{createDateEnd,jdbcType=varchar} ]]>
			</if>
			<if test="modifier != null and modifier != ''">
				<![CDATA[ AND MODIFIER = #{modifier,jdbcType=VARCHAR} ]]>
			</if>
			<if test="updateDateStart != null and updateDateStart != ''">
				<![CDATA[ AND UPDATE_DATE >= #{updateDateStart,jdbcType=varchar} ]]>
			</if>
			<if test="updateDateEnd != null and updateDateEnd != ''">
				<![CDATA[ AND UPDATE_DATE < #{updateDateEnd,jdbcType=varchar} ]]>
			</if>
		</trim>
	</sql>

	<!-- 查询总数-->
	<select id="count" parameterType="java.util.Map" resultType="java.lang.Integer">
  		<![CDATA[ select count(1) from t_cm_file 	]]>
  		<include refid="Example_Where_Clause"/>
	</select>

  	<!-- 查询列表 -->
  	<select id="list" parameterType="java.util.Map" resultMap="BaseResultMap">
  		<![CDATA[ select 	]]>
		<include refid="Base_Column_List"/>
		<![CDATA[ from t_cm_file 	]]>
		<include refid="Example_Where_Clause"/>
		<include refid="com.clkj.mapper.dao.base.BaseMapper.orderTSql"/>
  	</select>

  	<!-- 根据resourceId获取附件 -->
  <select id="getFileByResourceId" resultMap="BaseResultMap" parameterType="java.lang.String">
	  <![CDATA[ select ]]><include refid="Base_Column_List"/>
 		FROM t_cm_file
		WHERE RESOURCE_ID = #{resourceId,jdbcType=VARCHAR} AND STATE != 0
  </select>
    <select id="findByResourceId" resultType="java.lang.Integer">
		select count(*) from t_cm_file where RESOURCE_ID = #{resourceId};
	</select>
 <select id="findtByInformationId" resultMap="BaseResultMap" parameterType="java.lang.String">
	 	 select t1.ID from t_cm_file t1
		left join t_cm_punishment_record t2 on t1.RESOURCE_ID = t2.ID
		left join t_cm_punishment_information t3 on t3.ID = t2.PUNISHMENT_IMFORMATION_ID  
		where t3.ID = #{id}
  </select>
	<select id="findByFileHashAndResourceId" resultType="int" parameterType="java.lang.String">
		SELECT COUNT(id) FROM `t_cm_file` WHERE file_hash = #{fileHash,jdbcType=VARCHAR}
		AND
		RESOURCE_ID = #{resourceId,jdbcType=VARCHAR}
  	</select>
</mapper>   
