<?xml version="1.0" encoding="UTF-8"?>
<!DOCTYPE mapper PUBLIC "-//mybatis.org//DTD Mapper 3.0//EN" "http://mybatis.org/dtd/mybatis-3-mapper.dtd" >
<mapper namespace="com.clkj.mapper.dao.cm.TCmPunishmentRecordMapper" > 
	<!-- Result Map-->
	<resultMap id="BaseResultMap" type="com.clkj.entity.cm.TCmPunishmentRecord">
		<id column="ID" property="id" javaType="String"/>
		<result column="PUNISHMENT_IMFORMATION_ID" property="punishmentImformationId" javaType="String"/>
		<result column="PUNISHMENT_REDULT" property="punishmentRedult" javaType="String"/>
		<result column="PUNISHMENT_TYPE" property="punishmentType" javaType="String"/>
		<result column="PUNISHMENT_TIME" property="punishmentTime" javaType="java.util.Date"/>
		<result column="PUNISHMENT_LONG" property="punishmentLong" javaType="String"/>
		<result column="UPDATE_REASON" property="updateReason" javaType="String"/>
		<result column="UPDATE_STATUS" property="updateStatus" javaType="String"/>
		<result column="REMOVE_TIME" property="removeTime" javaType="java.util.Date"/>
		<result column="CREATOR" property="creator" javaType="String"/>
		<result column="CREATOR_ID" property="creatorId" javaType="String"/>
		<result column="CREATE_DATE" property="createDate" javaType="java.util.Date"/>
		<result column="MODIFY_PERSON_ID" property="modifyPersonId" javaType="String"/>
		<result column="MODIFY_PERSON" property="modifyPerson" javaType="String"/>
		<result column="MODIFY_DATE" property="modifyDate" javaType="java.util.Date"/>
		<result column="IS_INVALID" property="isInvalid" javaType="String"/>
		<result column="INVALIDATE_DATE" property="invalidateDate" javaType="java.util.Date"/>
		<result column="INVALIDATE_USER_ID" property="invalidateUserId" javaType="String"/>
	</resultMap>
       <resultMap id="filesMap" type="com.clkj.entity.cm.TCmPunishmentRecord">
		<id column="ID" property="id" javaType="String"/>
		<result column="PUNISHMENT_IMFORMATION_ID" property="punishmentImformationId" javaType="String"/>
		<result column="PUNISHMENT_REDULT" property="punishmentRedult" javaType="String"/>
		<result column="PUNISHMENT_TYPE" property="punishmentType" javaType="String"/>
		<result column="PUNISHMENT_TIME" property="punishmentTime" javaType="java.util.Date"/>
		<result column="PUNISHMENT_LONG" property="punishmentLong" javaType="String"/>
		<result column="UPDATE_REASON" property="updateReason" javaType="String"/>
		<result column="UPDATE_STATUS" property="updateStatus" javaType="String"/>
		<result column="REMOVE_TIME" property="removeTime" javaType="java.util.Date"/>
		<result column="CREATOR" property="creator" javaType="String"/>
		<result column="CREATOR_ID" property="creatorId" javaType="String"/>
		<result column="CREATE_DATE" property="createDate" javaType="java.util.Date"/>
		<result column="MODIFY_PERSON_ID" property="modifyPersonId" javaType="String"/>
		<result column="MODIFY_PERSON" property="modifyPerson" javaType="String"/>
		<result column="MODIFY_DATE" property="modifyDate" javaType="java.util.Date"/>
		<result column="IS_INVALID" property="isInvalid" javaType="String"/>
		<result column="INVALIDATE_DATE" property="invalidateDate" javaType="java.util.Date"/>
		<result column="INVALIDATE_USER_ID" property="invalidateUserId" javaType="String"/>
		<collection property="file" column="ID" select="com.clkj.mapper.dao.cm.TCmFileMapper.getFileByResourceId"/>
	</resultMap>
	<!--  -->
	<sql id="Base_Column_List" >
		ID ,PUNISHMENT_IMFORMATION_ID ,PUNISHMENT_REDULT ,PUNISHMENT_TYPE ,PUNISHMENT_TIME ,PUNISHMENT_LONG ,UPDATE_REASON,UPDATE_STATUS,REMOVE_TIME ,CREATOR ,CREATOR_ID ,CREATE_DATE ,MODIFY_PERSON_ID ,MODIFY_PERSON ,MODIFY_DATE ,IS_INVALID ,INVALIDATE_DATE ,INVALIDATE_USER_ID 
	</sql>
	
	<!-- 插入记录 -->
	<insert id="insert" parameterType="com.clkj.entity.cm.TCmPunishmentRecord" >
		<![CDATA[ insert into t_cm_punishment_record ( ]]>
		<include refid="Base_Column_List"/>
		<![CDATA[  ) values ( 
			#{id,jdbcType=VARCHAR},
			#{punishmentImformationId,jdbcType=VARCHAR},
			#{punishmentRedult,jdbcType=VARCHAR},
			#{punishmentType,jdbcType=VARCHAR},
			#{punishmentTime,jdbcType=TIMESTAMP},
			#{punishmentLong,jdbcType=VARCHAR},
			#{updateReason,jdbcType=VARCHAR},
			#{updateStatus,jdbcType=VARCHAR},
			#{removeTime,jdbcType=TIMESTAMP},
			#{creator,jdbcType=VARCHAR},
			#{creatorId,jdbcType=VARCHAR},
			#{createDate,jdbcType=TIMESTAMP},
			#{modifyPersonId,jdbcType=VARCHAR},
			#{modifyPerson,jdbcType=VARCHAR},
			#{modifyDate,jdbcType=TIMESTAMP},
			#{isInvalid,jdbcType=VARCHAR},
			#{invalidateDate,jdbcType=TIMESTAMP},
			#{invalidateUserId,jdbcType=VARCHAR}
		 ) ]]>
	</insert>
	
	<!-- 批量插入 -->
	<insert id="batchInsert" parameterType="java.util.List" >
		<![CDATA[ insert into t_cm_punishment_record ( ]]>
		<include refid="Base_Column_List"/>
		<![CDATA[ ) values ]]>
			<foreach collection="list" item="it" separator=",">
			<![CDATA[ (
				#{it.id,jdbcType=VARCHAR},
				#{it.punishmentImformationId,jdbcType=VARCHAR},
				#{it.punishmentRedult,jdbcType=VARCHAR},
				#{it.punishmentType,jdbcType=VARCHAR},
				#{it.punishmentTime,jdbcType=TIMESTAMP},
				#{it.punishmentLong,jdbcType=VARCHAR},
				#{it.updateReason,jdbcType=VARCHAR},
				#{it.updateStatus,jdbcType=VARCHAR},
				#{it.removeTime,jdbcType=TIMESTAMP},
				#{it.creator,jdbcType=VARCHAR},
				#{it.creatorId,jdbcType=VARCHAR},
				#{it.createDate,jdbcType=TIMESTAMP},
				#{it.modifyPersonId,jdbcType=VARCHAR},
				#{it.modifyPerson,jdbcType=VARCHAR},
				#{it.modifyDate,jdbcType=TIMESTAMP},
				#{it.isInvalid,jdbcType=VARCHAR},
				#{it.invalidateDate,jdbcType=TIMESTAMP},
				#{it.invalidateUserId,jdbcType=VARCHAR}
			) ]]>
		</foreach>
	</insert>
	
	<!-- 物理删除：通过主键ID单条删除 -->
	<delete id="deleteByPrimaryKey" parameterType="com.clkj.entity.cm.TCmPunishmentRecord">
	    <![CDATA[ delete from t_cm_punishment_record  ]]>
	    <trim prefix="where" prefixOverrides="AND|OR">
			<![CDATA[ AND ID = #{id,jdbcType=VARCHAR}	]]>
	    </trim>
  	</delete>
  	
  	<!-- 物理删除：通过主键ID批量删除 -->
	<delete id="batchDeleteByPrimaryKey" parameterType="java.util.List" >
	    <![CDATA[ delete from t_cm_punishment_record  ]]>
	    <trim prefix="where" prefixOverrides="AND|OR">
	    	<foreach collection="list" item="it" separator=" OR " open="(" close=")" >
	    		<trim prefixOverrides="AND|OR">
					<![CDATA[ AND ID = #{it.id,jdbcType=VARCHAR}	]]>
	    		</trim>
	    	</foreach>
	    </trim>
  	</delete>
  	
  	<!-- 根据id，属性值全量更新数据记录--> 
  	<update id="updateByPrimaryKey" parameterType="com.clkj.entity.cm.TCmPunishmentRecord" >
		<![CDATA[ update t_cm_punishment_record ]]>
		<trim prefix="set" suffixOverrides=",">
			<![CDATA[ PUNISHMENT_IMFORMATION_ID = #{punishmentImformationId,jdbcType=VARCHAR},	]]>
			<![CDATA[ PUNISHMENT_REDULT = #{punishmentRedult,jdbcType=VARCHAR},	]]>
			<![CDATA[ PUNISHMENT_TYPE = #{punishmentType,jdbcType=VARCHAR},	]]>
			<![CDATA[ PUNISHMENT_TIME = #{punishmentTime,jdbcType=TIMESTAMP},	]]>
			<![CDATA[ PUNISHMENT_LONG = #{punishmentLong,jdbcType=VARCHAR},	]]>
			<![CDATA[ UPDATE_REASON = #{updateReason,jdbcType=VARCHAR},	]]>
			<![CDATA[ UPDATE_STATUS = #{updateStatus,jdbcType=VARCHAR},	]]>
			<![CDATA[ REMOVE_TIME = #{removeTime,jdbcType=TIMESTAMP},	]]>
			<![CDATA[ CREATOR = #{creator,jdbcType=VARCHAR},	]]>
			<![CDATA[ CREATOR_ID = #{creatorId,jdbcType=VARCHAR},	]]>
			<![CDATA[ CREATE_DATE = #{createDate,jdbcType=TIMESTAMP},	]]>
			<![CDATA[ MODIFY_PERSON_ID = #{modifyPersonId,jdbcType=VARCHAR},	]]>
			<![CDATA[ MODIFY_PERSON = #{modifyPerson,jdbcType=VARCHAR},	]]>
			<![CDATA[ MODIFY_DATE = #{modifyDate,jdbcType=TIMESTAMP},	]]>
			<![CDATA[ IS_INVALID = #{isInvalid,jdbcType=VARCHAR},	]]>
			<![CDATA[ INVALIDATE_DATE = #{invalidateDate,jdbcType=TIMESTAMP},	]]>
			<![CDATA[ INVALIDATE_USER_ID = #{invalidateUserId,jdbcType=VARCHAR},	]]>
		</trim>
		<trim prefix="where" prefixOverrides="AND|OR">
			<![CDATA[ AND ID = #{id,jdbcType=VARCHAR}	]]>
		</trim>
	</update>
   
	<!-- 根据id，更新属性值为非NULL的数据记录--> 
  	<update id="updateByPrimaryKeySelective" parameterType="com.clkj.entity.cm.TCmPunishmentRecord" >
		<![CDATA[ update t_cm_punishment_record ]]>
		<trim prefix="set" suffixOverrides=",">
			<if test=" punishmentImformationId != null ">
				<![CDATA[ PUNISHMENT_IMFORMATION_ID = #{punishmentImformationId,jdbcType=VARCHAR},	]]>
			</if>
			<if test=" punishmentRedult != null ">
				<![CDATA[ PUNISHMENT_REDULT = #{punishmentRedult,jdbcType=VARCHAR},	]]>
			</if>
			<if test=" punishmentType != null ">
				<![CDATA[ PUNISHMENT_TYPE = #{punishmentType,jdbcType=VARCHAR},	]]>
			</if>
			<if test=" punishmentTime != null ">
				<![CDATA[ PUNISHMENT_TIME = #{punishmentTime,jdbcType=TIMESTAMP},	]]>
			</if>
			<if test=" punishmentLong != null ">
				<![CDATA[ PUNISHMENT_LONG = #{punishmentLong,jdbcType=VARCHAR},	]]>
			</if>
			<if test=" updateReason != null ">
				<![CDATA[ UPDATE_REASON = #{updateReason,jdbcType=VARCHAR},	]]>
			</if>
			<if test=" updateReason != null ">
				<![CDATA[ UPDATE_STATUS = #{updateStatus,jdbcType=VARCHAR},	]]>
			</if>
			<if test=" removeTime != null ">
				<![CDATA[ REMOVE_TIME = #{removeTime,jdbcType=TIMESTAMP},	]]>
			</if>
						<if test=" creator != null ">
				<![CDATA[ CREATOR = #{creator,jdbcType=VARCHAR},	]]>
			</if>
			<if test=" creatorId != null ">
				<![CDATA[ CREATOR_ID = #{creatorId,jdbcType=VARCHAR},	]]>
			</if>
			<if test=" createDate != null ">
				<![CDATA[ CREATE_DATE = #{createDate,jdbcType=TIMESTAMP},	]]>
			</if>
			<if test=" modifyPersonId != null ">
				<![CDATA[ MODIFY_PERSON_ID = #{modifyPersonId,jdbcType=VARCHAR},	]]>
			</if>
			<if test=" modifyPerson != null ">
				<![CDATA[ MODIFY_PERSON = #{modifyPerson,jdbcType=VARCHAR},	]]>
			</if>
			<if test=" modifyDate != null ">
				<![CDATA[ MODIFY_DATE = #{modifyDate,jdbcType=TIMESTAMP},	]]>
			</if>
			<if test=" isInvalid != null ">
				<![CDATA[ IS_INVALID = #{isInvalid,jdbcType=VARCHAR},	]]>
			</if>
			<if test=" invalidateDate != null ">
				<![CDATA[ INVALIDATE_DATE = #{invalidateDate,jdbcType=TIMESTAMP},	]]>
			</if>
			<if test=" invalidateUserId != null ">
				<![CDATA[ INVALIDATE_USER_ID = #{invalidateUserId,jdbcType=VARCHAR},	]]>
			</if>
		</trim>
		<trim prefix="where" prefixOverrides="AND|OR">
			<![CDATA[ AND ID = #{id,jdbcType=VARCHAR}	]]>
		</trim>
	</update>
	
	<!-- 根据id查询 -->
	<select id="selectByPrimaryKey" resultMap="filesMap" parameterType="com.clkj.entity.cm.TCmPunishmentRecord">
		<![CDATA[ select ]]><include refid="Base_Column_List"/><![CDATA[ from t_cm_punishment_record ]]>
		<trim prefix="where" prefixOverrides="AND|OR">
			<![CDATA[ AND ID = #{id,jdbcType=VARCHAR}	]]>
		</trim>
	</select>
	
	<!-- 存在校验查询 -->
	<select id="checkExsit" resultType="java.lang.Integer" parameterType="com.clkj.entity.cm.TCmPunishmentRecord">
		<![CDATA[ select count(1) num from t_cm_punishment_record ]]>
		<trim prefix="where" prefixOverrides="AND|OR">
			<if test=" id != null ">
				<![CDATA[ AND ID != #{id,jdbcType=VARCHAR}	]]>
			</if>
			<if test=" punishmentImformationId != null ">
				<![CDATA[ AND PUNISHMENT_IMFORMATION_ID = #{punishmentImformationId,jdbcType=VARCHAR}	]]>
			</if>
			<if test=" punishmentRedult != null ">
				<![CDATA[ AND PUNISHMENT_REDULT = #{punishmentRedult,jdbcType=VARCHAR}	]]>
			</if>
			<if test=" punishmentType != null ">
				<![CDATA[ AND PUNISHMENT_TYPE = #{punishmentType,jdbcType=VARCHAR}	]]>
			</if>
			<if test=" punishmentTime != null ">
				<![CDATA[ AND PUNISHMENT_TIME = #{punishmentTime,jdbcType=TIMESTAMP}	]]>
			</if>
			<if test=" punishmentLong != null ">
				<![CDATA[ AND PUNISHMENT_LONG = #{punishmentLong,jdbcType=VARCHAR}	]]>
			</if>
			<if test=" updateReason != null ">
				<![CDATA[ AND UPDATE_REASON = #{updateReason,jdbcType=VARCHAR}	]]>
			</if>
			<if test=" updateReason != null ">
				<![CDATA[ AND UPDATE_STATUS = #{updateStatus,jdbcType=VARCHAR}	]]>
			</if>
			<if test=" removeTime != null ">
				<![CDATA[ AND REMOVE_TIME = #{removeTime,jdbcType=TIMESTAMP}	]]>
			</if>
			<if test=" creator != null ">
				<![CDATA[ AND CREATOR = #{creator,jdbcType=VARCHAR}	]]>
			</if>
			<if test=" creatorId != null ">
				<![CDATA[ AND CREATOR_ID = #{creatorId,jdbcType=VARCHAR}	]]>
			</if>
			<if test=" createDate != null ">
				<![CDATA[ AND CREATE_DATE = #{createDate,jdbcType=TIMESTAMP}	]]>
			</if>
			<if test=" modifyPersonId != null ">
				<![CDATA[ AND MODIFY_PERSON_ID = #{modifyPersonId,jdbcType=VARCHAR}	]]>
			</if>
			<if test=" modifyPerson != null ">
				<![CDATA[ AND MODIFY_PERSON = #{modifyPerson,jdbcType=VARCHAR}	]]>
			</if>
			<if test=" modifyDate != null ">
				<![CDATA[ AND MODIFY_DATE = #{modifyDate,jdbcType=TIMESTAMP}	]]>
			</if>
			<if test=" isInvalid != null ">
				<![CDATA[ AND IS_INVALID = #{isInvalid,jdbcType=VARCHAR}	]]>
			</if>
			<if test=" invalidateDate != null ">
				<![CDATA[ AND INVALIDATE_DATE = #{invalidateDate,jdbcType=TIMESTAMP}	]]>
			</if>
			<if test=" invalidateUserId != null ">
				<![CDATA[ AND INVALIDATE_USER_ID = #{invalidateUserId,jdbcType=VARCHAR}	]]>
			</if>
		</trim>
	</select>
	
	<!-- 查询条件 -->
	<sql id="Example_Where_Clause">
		<trim prefix="where" prefixOverrides="AND|OR">
			<if test="id != null and id != ''">
				<![CDATA[ AND ID = #{id,jdbcType=VARCHAR} ]]>
			</if>
			<if test="punishmentImformationId != null and punishmentImformationId != ''">
				<![CDATA[ AND PUNISHMENT_IMFORMATION_ID = #{punishmentImformationId,jdbcType=VARCHAR} ]]>
			</if>
			<if test="punishmentRedult != null and punishmentRedult != ''">
				<![CDATA[ AND PUNISHMENT_REDULT = #{punishmentRedult,jdbcType=VARCHAR} ]]>
			</if>
			<if test="punishmentType != null and punishmentType != ''">
				<![CDATA[ AND PUNISHMENT_TYPE = #{punishmentType,jdbcType=VARCHAR} ]]>
			</if>
			<if test="punishmentTimeStart != null and punishmentTimeStart != ''">
				<![CDATA[ AND PUNISHMENT_TIME >= #{punishmentTimeStart,jdbcType=VARCHAR} ]]>
			</if>
			<if test="punishmentTimeEnd != null and punishmentTimeEnd != ''">
				<![CDATA[ AND PUNISHMENT_TIME < #{punishmentTimeEnd,jdbcType=VARCHAR} ]]>
			</if>
			<if test="punishmentLong != null and punishmentLong != ''">
				<![CDATA[ AND PUNISHMENT_LONG = #{punishmentLong,jdbcType=VARCHAR} ]]>
			</if>
			<if test="updateReason != null and updateReason != ''">
				<![CDATA[ AND UPDATE_REASON = #{updateReason,jdbcType=VARCHAR} ]]>
			</if>
			<if test="updateReason != null and updateReason != ''">
				<![CDATA[ AND UPDATE_STATUS = #{updateStatus,jdbcType=VARCHAR} ]]>
			</if>
			<if test="removeTimeStart != null and removeTimeStart != ''">
				<![CDATA[ AND REMOVE_TIME >= #{removeTimeStart,jdbcType=VARCHAR} ]]>
			</if>
			<if test="removeTimeEnd != null and removeTimeEnd != ''">
				<![CDATA[ AND REMOVE_TIME < #{removeTimeEnd,jdbcType=VARCHAR} ]]>
			</if>
			<if test="creator != null and creator != ''">
				<![CDATA[ AND CREATOR = #{creator,jdbcType=VARCHAR} ]]>
			</if>
			<if test="creatorId != null and creatorId != ''">
				<![CDATA[ AND CREATOR_ID = #{creatorId,jdbcType=VARCHAR} ]]>
			</if>
			<if test="createDateStart != null and createDateStart != ''">
				<![CDATA[ AND CREATE_DATE >= #{createDateStart,jdbcType=VARCHAR} ]]>
			</if>
			<if test="createDateEnd != null and createDateEnd != ''">
				<![CDATA[ AND CREATE_DATE < #{createDateEnd,jdbcType=VARCHAR} ]]>
			</if>
			<if test="modifyPersonId != null and modifyPersonId != ''">
				<![CDATA[ AND MODIFY_PERSON_ID = #{modifyPersonId,jdbcType=VARCHAR} ]]>
			</if>
			<if test="modifyPerson != null and modifyPerson != ''">
				<![CDATA[ AND MODIFY_PERSON = #{modifyPerson,jdbcType=VARCHAR} ]]>
			</if>
			<if test="modifyDateStart != null and modifyDateStart != ''">
				<![CDATA[ AND MODIFY_DATE >= #{modifyDateStart,jdbcType=VARCHAR} ]]>
			</if>
			<if test="modifyDateEnd != null and modifyDateEnd != ''">
				<![CDATA[ AND MODIFY_DATE < #{modifyDateEnd,jdbcType=VARCHAR} ]]>
			</if>
			<if test="isInvalid != null and isInvalid != ''">
				<![CDATA[ AND IS_INVALID = #{isInvalid,jdbcType=VARCHAR} ]]>
			</if>
			<if test="invalidateDateStart != null and invalidateDateStart != ''">
				<![CDATA[ AND INVALIDATE_DATE >= #{invalidateDateStart,jdbcType=VARCHAR} ]]>
			</if>
			<if test="invalidateDateEnd != null and invalidateDateEnd != ''">
				<![CDATA[ AND INVALIDATE_DATE < #{invalidateDateEnd,jdbcType=VARCHAR} ]]>
			</if>
			<if test="invalidateUserId != null and invalidateUserId != ''">
				<![CDATA[ AND INVALIDATE_USER_ID = #{invalidateUserId,jdbcType=VARCHAR} ]]>
			</if>
		</trim>
	</sql>
	
	<!-- 查询总数-->
	<select id="count" parameterType="java.util.Map" resultType="java.lang.Integer">
  		<![CDATA[ select count(1) from t_cm_punishment_record 	]]>
  		<include refid="Example_Where_Clause"/>
	</select>
  
  	<!-- 查询列表 -->
  	<select id="list" parameterType="java.util.Map" resultMap="BaseResultMap">
	<![CDATA[ select 	]]>
	<include refid="Base_Column_List"/>
	<![CDATA[ from t_cm_punishment_record 	]]>
	<include refid="Example_Where_Clause"/>
	<include refid="com.clkj.mapper.dao.base.BaseMapper.orderTSql"/>
</select>

	<select id="listAll" parameterType="java.util.Map" resultMap="BaseResultMap">
		SELECT
		ID,
		PUNISHMENT_LONG,
		UPDATE_REASON,
		PUNISHMENT_TIME,
		REMOVE_TIME
		FROM
		t_cm_punishment_record
	</select>
	<select id="findById" parameterType="java.lang.String" resultMap="BaseResultMap">
		<![CDATA[ select 	]]>
		<include refid="Base_Column_List"/>
		<![CDATA[ from t_cm_punishment_record where ID = #{id,jdbcType=VARCHAR}]]>
	</select>
  	<select id="selectByInformationId" parameterType="java.lang.String" resultMap="filesMap">
  		<![CDATA[ select 	]]>
		<include refid="Base_Column_List"/>
		<![CDATA[ from t_cm_punishment_record where PUNISHMENT_IMFORMATION_ID = #{informationId,jdbcType=VARCHAR}	]]>
  	</select>
  	
  	<delete id="deleteByInformationId" parameterType="java.lang.String">
	    <![CDATA[ delete from t_cm_punishment_record  ]]>
	    <trim prefix="where" prefixOverrides="AND|OR">
			<![CDATA[ AND PUNISHMENT_IMFORMATION_ID = #{id,jdbcType=VARCHAR}	]]>
	    </trim>
  	</delete>
  	
  	<select id="selectOfChange" parameterType="java.lang.String" resultMap="filesMap">
  		<![CDATA[ select 	]]>
		<include refid="Base_Column_List"/>
		<![CDATA[ from t_cm_punishment_record where UPDATE_STATUS = #{status,jdbcType=VARCHAR}	]]>
  	</select>

	<select id="getRecordCount" parameterType="java.lang.String" resultType="java.lang.Integer">
		<![CDATA[ select count(1) from t_cm_punishment_record]]>
		<![CDATA[ where PUNISHMENT_IMFORMATION_ID = #{id,jdbcType=VARCHAR}	]]>
	</select>
	<update id="updateApproval1" parameterType="com.clkj.entity.cm.TCmPunishmentRecord">
		update
		t_cm_punishment_record
		set
		PUNISHMENT_LONG = #{bean.punishmentLong,jdbcType=VARCHAR},
		PUNISHMENT_TIME =#{bean.punishmentTime,jdbcType=TIMESTAMP},
		REMOVE_TIME = #{bean.removeTime,jdbcType=TIMESTAMP},
		UPDATE_REASON = #{bean.updateReason,jdbcType=VARCHAR}
		where
		ID = #{bean.id,jdbcType=VARCHAR}
	</update>
</mapper>   
