<?xml version="1.0" encoding="UTF-8"?>
<!DOCTYPE mapper PUBLIC "-//mybatis.org//DTD Mapper 3.0//EN" "http://mybatis.org/dtd/mybatis-3-mapper.dtd" >
<mapper namespace="com.clkj.mapper.dao.cm.TCmSupplierMapper" >
	<!-- Result Map-->
	<resultMap id="BaseResultMap" type="com.clkj.entity.cm.TCmSupplier">
		<id column="ID" property="id" javaType="String"/>
		<!-- 供应商名称 -->
		<result column="NAME" property="name" javaType="String"/>
		<!-- 供应商类型 -->
		<result column="TYPE" property="type" javaType="String"/>
		<!-- 社会信用代码 -->
		<result column="CODE" property="code" javaType="String"/>
		<!-- 注册资本 -->
		<result column="MONEY" property="money" javaType="Double"/>
		<!-- 法人代表 -->
		<result column="LEGAL_PERSON" property="legalPerson" javaType="String"/>
		<!-- 供应商地址 -->
		<result column="SUPPLIER_ADDR" property="supplierAddr" javaType="String"/>
		<!-- 填表时间 -->
		<result column="SUVEY_TIME" property="suveyTime" javaType="java.util.Date"/>
		<!-- 对象hash-->
		<result column="SUMMARY_CODE" property="summaryCode" javaType="String"/>
		<!-- 是否可以点击上链-->
		<result column="CLICK" property="click" javaType="Integer"/>
		<result column="CREATOR" property="creator" javaType="String"/>
		<result column="CREATOR_ID" property="creatorId" javaType="String"/>
		<result column="CREATE_DATE" property="createDate" javaType="java.util.Date"/>
		<result column="MODIFY_PERSON_ID" property="modifyPersonId" javaType="String"/>
		<result column="MODIFY_PERSON" property="modifyPerson" javaType="String"/>
		<result column="MODIFY_DATE" property="modifyDate" javaType="java.util.Date"/>
		<result column="IS_INVALID" property="isInvalid" javaType="String"/>
		<result column="SORT" property="sort" javaType="Integer"/>
		<result column="INVALIDATE_DATE" property="invalidateDate" javaType="java.util.Date"/>
		<result column="INVALIDATE_USER_ID" property="invalidateUserId" javaType="String"/>
		<result column="REG_TIME" property="regTime" javaType="java.util.Date"/>
		<result column="COCHAIN_STATE" property="cochainState" javaType="String"/>
		<result column="FILE_NAME" property="fileName" javaType="String"/>
		<result column="PUBLISHER" property="publisher" javaType="String"/>
		<result column="PUBLISH_TIME" property="publishTime" javaType="java.util.Date"/>
	</resultMap>

	<resultMap id="SupplierResultMap" type="com.clkj.entity.cm.TCmSupplier">
     	<id column="ID" property="id" javaType="String"/>
		<result column="CREATOR" property="creator" javaType="String"/>
		<result column="CREATOR_ID" property="creatorId" javaType="String"/>
		<result column="CREATE_DATE" property="createDate" javaType="java.util.Date"/>
		<result column="MODIFY_PERSON_ID" property="modifyPersonId" javaType="String"/>
		<result column="MODIFY_PERSON" property="modifyPerson" javaType="String"/>
		<result column="MODIFY_DATE" property="modifyDate" javaType="java.util.Date"/>
		<result column="IS_INVALID" property="isInvalid" javaType="String"/>
		<result column="SORT" property="sort" javaType="Integer"/>
		<result column="INVALIDATE_DATE" property="invalidateDate" javaType="java.util.Date"/>
		<result column="INVALIDATE_USER_ID" property="invalidateUserId" javaType="String"/>
		<result column="NAME" property="name" javaType="String"/>
		<result column="TYPE" property="type" javaType="String"/>
		<result column="CODE" property="code" javaType="String"/>
		<result column="MONEY" property="money" javaType="Double"/>
		<result column="REG_TIME" property="regTime" javaType="java.util.Date"/>
		<result column="SUVEY_TIME" property="suveyTime" javaType="java.util.Date"/>
		<result column="LEGAL_PERSON" property="legalPerson" javaType="String"/>
		<result column="SUPPLIER_ADDR" property="supplierAddr" javaType="String"/>
		<result column="COCHAIN_STATE" property="cochainState" javaType="String"/>
		<result column="FILE_NAME" property="fileName" javaType="String"/>
		<result column="PUBLISHER" property="publisher" javaType="String"/>
		<result column="PUBLISH_TIME" property="publishTime" javaType="java.util.Date"/>
		<!-- 对象md5-->
		<result column="SUMMARY_CODE" property="summaryCode" javaType="String"/>
		<!-- 是否可以点击上链-->
		<result column="CLICK" property="click" javaType="Integer"/>
		<!-- 是否授权 -->
		<result column="IS_AUTHORIZATION" property="isAuthorization" javaType="Integer"/>
		<!-- 文件备注 -->
		<result column="DESC" property="desc" javaType="String"/>
		<!-- 业务关联附件，一对多 -->
        <collection column="ID" property="file"
       	    select="com.clkj.mapper.dao.cm.TCmFileMapper.getFileByResourceId"/>
  </resultMap>

	<!-- 供应商尽职调查  -->
	<sql id="Base_Column_List" >
		ID ,CREATOR ,CREATOR_ID ,CREATE_DATE ,MODIFY_PERSON_ID ,MODIFY_PERSON ,MODIFY_DATE ,IS_INVALID ,SORT ,INVALIDATE_DATE ,INVALIDATE_USER_ID ,NAME ,TYPE ,CODE ,MONEY ,REG_TIME ,SUVEY_TIME ,LEGAL_PERSON ,SUPPLIER_ADDR ,COCHAIN_STATE ,FILE_NAME 
		,PUBLISHER,PUBLISH_TIME, SUMMARY_CODE,CLICK, IS_AUTHORIZATION, `DESC`
	</sql>

	<!-- 插入记录 -->
	<insert id="insert" parameterType="com.clkj.entity.cm.TCmSupplier" >
		<![CDATA[ insert into t_cm_supplier ( ]]>
		<include refid="Base_Column_List"/>
		<![CDATA[  ) values (
			#{id,jdbcType=VARCHAR},
			#{creator,jdbcType=VARCHAR},
			#{creatorId,jdbcType=VARCHAR},
			#{createDate,jdbcType=TIMESTAMP},
			#{modifyPersonId,jdbcType=VARCHAR},
			#{modifyPerson,jdbcType=VARCHAR},
			#{modifyDate,jdbcType=TIMESTAMP},
			#{isInvalid,jdbcType=VARCHAR},
			#{sort,jdbcType=INTEGER},
			#{invalidateDate,jdbcType=TIMESTAMP},
			#{invalidateUserId,jdbcType=VARCHAR},
			#{name,jdbcType=VARCHAR},
			#{type,jdbcType=VARCHAR},
			#{code,jdbcType=VARCHAR},
			#{money,jdbcType=DOUBLE},
			#{regTime,jdbcType=TIMESTAMP},
			#{suveyTime,jdbcType=TIMESTAMP},
			#{legalPerson,jdbcType=VARCHAR},
			#{supplierAddr,jdbcType=VARCHAR},
			#{cochainState,jdbcType=VARCHAR},
			#{fileName,jdbcType=VARCHAR},
			#{publisher,jdbcType=VARCHAR},
			#{publishTime,jdbcType=TIMESTAMP},
			md5(#{summaryCode,jdbcType=VARCHAR}),
			#{click,jdbcType=TINYINT},
			#{isAuthorization,jdbcType=TINYINT},
			#{desc,jdbcType=VARCHAR}
		 ) ]]>
	</insert>

	<!-- 批量插入 -->
	<insert id="batchInsert" parameterType="java.util.List" >
		<![CDATA[ insert into t_cm_supplier ( ]]>
		<include refid="Base_Column_List"/>
		<![CDATA[ ) values ]]>
			<foreach collection="list" item="it" separator=",">
			<![CDATA[ (
				#{it.id,jdbcType=VARCHAR},
				#{it.creator,jdbcType=VARCHAR},
				#{it.creatorId,jdbcType=VARCHAR},
				#{it.createDate,jdbcType=TIMESTAMP},
				#{it.modifyPersonId,jdbcType=VARCHAR},
				#{it.modifyPerson,jdbcType=VARCHAR},
				#{it.modifyDate,jdbcType=TIMESTAMP},
				#{it.isInvalid,jdbcType=VARCHAR},
				#{it.sort,jdbcType=INTEGER},
				#{it.invalidateDate,jdbcType=TIMESTAMP},
				#{it.invalidateUserId,jdbcType=VARCHAR},
				#{it.name,jdbcType=VARCHAR},
				#{it.type,jdbcType=VARCHAR},
				#{it.code,jdbcType=VARCHAR},
				#{it.money,jdbcType=DOUBLE},
				#{it.regTime,jdbcType=TIMESTAMP},
				#{it.suveyTime,jdbcType=TIMESTAMP},
				#{it.legalPerson,jdbcType=VARCHAR},
				#{it.supplierAddr,jdbcType=VARCHAR},
				#{it.cochainState,jdbcType=VARCHAR},
				#{it.fileName,jdbcType=VARCHAR},
				#{it.publisher,jdbcType=VARCHAR},
				#{it.publishTime,jdbcType=TIMESTAMP},
				md5(#{it.summaryCode,jdbcType=VARCHAR}),
				#{it.click,jdbcType=TINYINT},
				#{it.isAuthorization,jdbcType=TINYINT},
				#{it.desc,jdbcType=VARCHAR}
			) ]]>
		</foreach>
	</insert>

	<!-- 物理删除：通过主键ID单条删除 -->
	<delete id="deleteByPrimaryKey" parameterType="com.clkj.entity.cm.TCmSupplier">
	    <![CDATA[ delete from t_cm_supplier  ]]>
	    <trim prefix="where" prefixOverrides="AND|OR">
			<![CDATA[ AND ID = #{id,jdbcType=VARCHAR}	]]>
	    </trim>
  	</delete>

  	<!-- 物理删除：通过主键ID批量删除 -->
	<delete id="batchDeleteByPrimaryKey" parameterType="java.util.List" >
	    <![CDATA[ delete from t_cm_supplier  ]]>
	    <trim prefix="where" prefixOverrides="AND|OR">
	    	<foreach collection="list" item="it" separator=" OR " open="(" close=")" >
	    		<trim prefixOverrides="AND|OR">
					<![CDATA[ AND ID = #{it.id,jdbcType=VARCHAR}	]]>
	    		</trim>
	    	</foreach>
	    </trim>
  	</delete>

  	<!-- 根据id，属性值全量更新数据记录-->
  	<update id="updateByPrimaryKey" parameterType="com.clkj.entity.cm.TCmSupplier" >
		<![CDATA[ update t_cm_supplier ]]>
		<trim prefix="set" suffixOverrides=",">
			<![CDATA[ CREATOR = #{creator,jdbcType=VARCHAR},	]]>
			<![CDATA[ CREATOR_ID = #{creatorId,jdbcType=VARCHAR},	]]>
			<![CDATA[ CREATE_DATE = #{createDate,jdbcType=TIMESTAMP},	]]>
			<![CDATA[ MODIFY_PERSON_ID = #{modifyPersonId,jdbcType=VARCHAR},	]]>
			<![CDATA[ MODIFY_PERSON = #{modifyPerson,jdbcType=VARCHAR},	]]>
			<![CDATA[ MODIFY_DATE = now(),	]]>
			<![CDATA[ IS_INVALID = #{isInvalid,jdbcType=VARCHAR},	]]>
			<![CDATA[ SORT = #{sort,jdbcType=INTEGER},	]]>
			<![CDATA[ INVALIDATE_DATE = #{invalidateDate,jdbcType=TIMESTAMP},	]]>
			<![CDATA[ INVALIDATE_USER_ID = #{invalidateUserId,jdbcType=VARCHAR},	]]>
			<![CDATA[ NAME = #{name,jdbcType=VARCHAR},	]]>
			<![CDATA[ TYPE = #{type,jdbcType=VARCHAR},	]]>
			<![CDATA[ CODE = #{code,jdbcType=VARCHAR},	]]>
			<![CDATA[ MONEY = #{money,jdbcType=DOUBLE},	]]>
			<![CDATA[ REG_TIME = #{regTime,jdbcType=TIMESTAMP},	]]>
			<![CDATA[ SUVEY_TIME = #{suveyTime,jdbcType=TIMESTAMP},	]]>
			<![CDATA[ LEGAL_PERSON = #{legalPerson,jdbcType=VARCHAR},	]]>
			<![CDATA[ SUPPLIER_ADDR = #{supplierAddr,jdbcType=VARCHAR},	]]>
			<![CDATA[ COCHAIN_STATE = #{cochainState,jdbcType=VARCHAR},	]]>
			<![CDATA[ FILE_NAME = #{fileName,jdbcType=VARCHAR},	]]>
			<![CDATA[ PUBLISHER = #{publisher,jdbcType=VARCHAR},	]]>
			<![CDATA[ PUBLISH_TIME = #{publishTime,jdbcType=TIMESTAMP},	]]>
			<![CDATA[ SUMMARY_CODE = md5(#{summaryCode,jdbcType=VARCHAR}) ,	]]>
			<![CDATA[ CLICK = #{click,jdbcType=TINYINT} ,]]>
			<![CDATA[ `DESC` = #{desc,jdbcType=VARCHAR} ,]]>
			<![CDATA[ IS_AUTHORIZATION = #{isAuthorization,jdbcType=TINYINT} ]]>
		</trim>
		<trim prefix="where" prefixOverrides="AND|OR">
			<![CDATA[ AND ID = #{id,jdbcType=VARCHAR}	]]>
			<![CDATA[ AND IS_INVALID = '0' 	]]>
		</trim>
	</update>

	<!-- 根据id，更新属性值为非NULL的数据记录-->
  	<update id="updateByPrimaryKeySelective" parameterType="com.clkj.entity.cm.TCmSupplier" >
		<![CDATA[ update t_cm_supplier ]]>
		<trim prefix="set" suffixOverrides=",">
			<if test=" creator != null ">
				<![CDATA[ CREATOR = #{creator,jdbcType=VARCHAR},	]]>
			</if>
			<if test=" creatorId != null ">
				<![CDATA[ CREATOR_ID = #{creatorId,jdbcType=VARCHAR},	]]>
			</if>
			<if test=" createDate != null ">
				<![CDATA[ CREATE_DATE = #{createDate,jdbcType=TIMESTAMP},	]]>
			</if>
			<if test=" modifyPersonId != null ">
				<![CDATA[ MODIFY_PERSON_ID = #{modifyPersonId,jdbcType=VARCHAR},	]]>
			</if>
			<if test=" modifyPerson != null ">
				<![CDATA[ MODIFY_PERSON = #{modifyPerson,jdbcType=VARCHAR},	]]>
			</if>
			<if test=" modifyDate != null ">
				<![CDATA[ MODIFY_DATE = #{modifyDate,jdbcType=TIMESTAMP},	]]>
			</if>
			<if test=" sort != null ">
				<![CDATA[ SORT = #{sort,jdbcType=INTEGER},	]]>
			</if>
			<if test=" invalidateDate != null ">
				<![CDATA[ INVALIDATE_DATE = #{invalidateDate,jdbcType=TIMESTAMP},	]]>
			</if>
			<if test=" invalidateUserId != null ">
				<![CDATA[ INVALIDATE_USER_ID = #{invalidateUserId,jdbcType=VARCHAR},	]]>
			</if>
			<if test=" name != null ">
				<![CDATA[ NAME = #{name,jdbcType=VARCHAR},	]]>
			</if>
			<if test=" type != null ">
				<![CDATA[ TYPE = #{type,jdbcType=VARCHAR},	]]>
			</if>
			<if test=" code != null ">
				<![CDATA[ CODE = #{code,jdbcType=VARCHAR},	]]>
			</if>
			<if test=" money != null ">
				<![CDATA[ MONEY = #{money,jdbcType=DOUBLE},	]]>
			</if>
			<if test=" regTime != null ">
				<![CDATA[ REG_TIME = #{regTime,jdbcType=TIMESTAMP},	]]>
			</if>
			<if test=" suveyTime != null ">
				<![CDATA[ SUVEY_TIME = #{suveyTime,jdbcType=TIMESTAMP},	]]>
			</if>
			<if test=" legalPerson != null ">
				<![CDATA[ LEGAL_PERSON = #{legalPerson,jdbcType=VARCHAR},	]]>
			</if>
			<if test=" supplierAddr != null ">
				<![CDATA[ SUPPLIER_ADDR = #{supplierAddr,jdbcType=VARCHAR},	]]>
			</if>
			<if test=" cochainState != null ">
				<![CDATA[ COCHAIN_STATE = #{cochainState,jdbcType=VARCHAR},	]]>
			</if>
			<if test=" fileName != null ">
				<![CDATA[ FILE_NAME = #{fileName,jdbcType=VARCHAR},	]]>
			</if>
			<if test=" publisher != null ">
				<![CDATA[ PUBLISHER = #{publisher,jdbcType=VARCHAR},	]]>
			</if>
			<if test=" publishTime != null ">
				<![CDATA[ PUBLISH_TIME = #{publishTime,jdbcType=TIMESTAMP},	]]>
			</if>
			<!-- map 中不需要传入isInvalid -->
			<if test=" isInvalid != null and isInvalid != '' ">
				<![CDATA[ IS_INVALID = #{isInvalid,jdbcType=VARCHAR},	]]>
			</if>
			<if test=" summaryCode != null ">
				<![CDATA[ SUMMARY_CODE = md5(#{summaryCode,jdbcType=VARCHAR}),]]>
			</if>
			<if test=" click != null ">
				<![CDATA[ CLICK = #{click,jdbcType=TINYINT} ,]]>
			</if>
		</trim>
		<trim prefix="where" prefixOverrides="AND|OR">
			<![CDATA[ AND ID = #{id,jdbcType=VARCHAR}	]]>
			<![CDATA[ AND IS_INVALID = '0' 	]]>
		</trim>
	</update>

	<!-- 根据id查询 -->
	<select id="selectByPrimaryKey" resultMap="BaseResultMap" parameterType="com.clkj.entity.cm.TCmSupplier">
		<![CDATA[ select ]]><include refid="Base_Column_List"/><![CDATA[ from t_cm_supplier ]]>
		<trim prefix="where" prefixOverrides="AND|OR">
			<![CDATA[ AND ID = #{id,jdbcType=VARCHAR}  ]]>
			<![CDATA[ AND IS_INVALID = '0' 	]]>
		</trim>
	</select>

	<!-- 根据id查询 -->
	<select id="selectById" resultMap="SupplierResultMap" parameterType="java.lang.String">
		<![CDATA[ select ]]><include refid="Base_Column_List"/><![CDATA[ from t_cm_supplier ]]>
		<trim prefix="where" prefixOverrides="AND|OR">
			<![CDATA[ AND ID = #{id,jdbcType=VARCHAR} ]]>
			<![CDATA[ AND IS_INVALID = '0' 	]]>
		</trim>
	</select>

	<!-- 存在校验查询 -->
	<select id="checkExsit" resultType="java.lang.Integer" parameterType="com.clkj.entity.cm.TCmSupplier">
		<![CDATA[ select count(1) num from t_cm_supplier ]]>
		<trim prefix="where" prefixOverrides="AND|OR">
			<if test=" id != null ">
				<![CDATA[ AND ID != #{id,jdbcType=VARCHAR}	]]>
			</if>
			<if test=" creator != null ">
				<![CDATA[ AND CREATOR = #{creator,jdbcType=VARCHAR}	]]>
			</if>
			<if test=" creatorId != null ">
				<![CDATA[ AND CREATOR_ID = #{creatorId,jdbcType=VARCHAR}	]]>
			</if>
			<if test=" createDate != null ">
				<![CDATA[ AND CREATE_DATE = #{createDate,jdbcType=TIMESTAMP}	]]>
			</if>
			<if test=" modifyPersonId != null ">
				<![CDATA[ AND MODIFY_PERSON_ID = #{modifyPersonId,jdbcType=VARCHAR}	]]>
			</if>
			<if test=" modifyPerson != null ">
				<![CDATA[ AND MODIFY_PERSON = #{modifyPerson,jdbcType=VARCHAR}	]]>
			</if>
			<if test=" modifyDate != null ">
				<![CDATA[ AND MODIFY_DATE = #{modifyDate,jdbcType=TIMESTAMP}	]]>
			</if>
			<if test=" sort != null ">
				<![CDATA[ AND SORT = #{sort,jdbcType=INTEGER}	]]>
			</if>
			<if test=" invalidateDate != null ">
				<![CDATA[ AND INVALIDATE_DATE = #{invalidateDate,jdbcType=TIMESTAMP}	]]>
			</if>
			<if test=" invalidateUserId != null ">
				<![CDATA[ AND INVALIDATE_USER_ID = #{invalidateUserId,jdbcType=VARCHAR}	]]>
			</if>
			<if test=" name != null ">
				<![CDATA[ AND NAME = #{name,jdbcType=VARCHAR}	]]>
			</if>
			<if test=" type != null ">
				<![CDATA[ AND TYPE = #{type,jdbcType=VARCHAR}	]]>
			</if>
			<if test=" code != null ">
				<![CDATA[ AND CODE = #{code,jdbcType=VARCHAR}	]]>
			</if>
			<if test=" money != null ">
				<![CDATA[ AND MONEY = #{money,jdbcType=DOUBLE}	]]>
			</if>
			<if test=" regTime != null ">
				<![CDATA[ AND REG_TIME = #{regTime,jdbcType=TIMESTAMP}	]]>
			</if>
			<if test=" suveyTime != null ">
				<![CDATA[ AND SUVEY_TIME = #{suveyTime,jdbcType=TIMESTAMP}	]]>
			</if>
			<if test=" legalPerson != null ">
				<![CDATA[ AND LEGAL_PERSON = #{legalPerson,jdbcType=VARCHAR}	]]>
			</if>
			<if test=" supplierAddr != null ">
				<![CDATA[ AND SUPPLIER_ADDR = #{supplierAddr,jdbcType=VARCHAR}	]]>
			</if>
			<if test=" cochainState != null ">
				<![CDATA[ AND COCHAIN_STATE = #{cochainState,jdbcType=VARCHAR}	]]>
			</if>
			<if test=" fileName != null ">
				<![CDATA[ AND FILE_NAME = #{fileName,jdbcType=VARCHAR}	]]>
			</if>
			<if test="click != null">
				<![CDATA[ AND CLICK = #{click,jdbcType=TINYINT} ,]]>
			</if>
			<!-- map 中不需要传入isInvalid -->
			<if test=" isInvalid != null  and isInvalid != ''">
				<![CDATA[ AND IS_INVALID = #{isInvalid,jdbcType=VARCHAR}	]]>
			</if>
			<![CDATA[ AND IS_INVALID = '0' 	]]>
		</trim>
	</select>

	<!-- 查询条件 -->
	<sql id="Example_Where_Clause">
		<trim prefix="where" prefixOverrides="AND|OR">
			<if test="id != null and id != ''">
				<![CDATA[ AND ID = #{id,jdbcType=VARCHAR} ]]>
			</if>
			<if test="creator != null and creator != ''">
				<![CDATA[ AND CREATOR like concat("%", #{creator,jdbcType=VARCHAR},"%")  ]]>
			</if>
			<if test="creatorId != null and creatorId != ''">
				<![CDATA[ AND CREATOR_ID = #{creatorId,jdbcType=VARCHAR} ]]>
			</if>
			<if test="createDateStart != null and createDateStart != ''">
				<![CDATA[ AND CREATE_DATE >= #{createDateStart,jdbcType=varchar} ]]>
			</if>
			<if test="createDateEnd != null and createDateEnd != ''">
				<![CDATA[ AND CREATE_DATE < #{createDateEnd,jdbcType=varchar} ]]>
			</if>
			<if test="modifyPersonId != null and modifyPersonId != ''">
				<![CDATA[ AND MODIFY_PERSON_ID = #{modifyPersonId,jdbcType=VARCHAR} ]]>
			</if>
			<if test="modifyPerson != null and modifyPerson != ''">
				<![CDATA[ AND MODIFY_PERSON = #{modifyPerson,jdbcType=VARCHAR} ]]>
			</if>
			<if test="modifyDateStart != null and modifyDateStart != ''">
				<![CDATA[ AND MODIFY_DATE >= #{modifyDateStart,jdbcType=varchar} ]]>
			</if>
			<if test="modifyDateEnd != null and modifyDateEnd != ''">
				<![CDATA[ AND MODIFY_DATE < #{modifyDateEnd,jdbcType=varchar} ]]>
			</if>
			<if test="sort != null and sort != ''">
				<![CDATA[ AND SORT = #{sort,jdbcType=INTEGER} ]]>
			</if>
			<if test="invalidateDateStart != null and invalidateDateStart != ''">
				<![CDATA[ AND INVALIDATE_DATE >= #{invalidateDateStart,jdbcType=varchar} ]]>
			</if>
			<if test="invalidateDateEnd != null and invalidateDateEnd != ''">
				<![CDATA[ AND INVALIDATE_DATE < #{invalidateDateEnd,jdbcType=varchar} ]]>
			</if>
			<if test="invalidateUserId != null and invalidateUserId != ''">
				<![CDATA[ AND INVALIDATE_USER_ID = #{invalidateUserId,jdbcType=VARCHAR} ]]>
			</if>
			<if test="name != null and name != ''">
				<![CDATA[ AND NAME like concat("%", #{name,jdbcType=VARCHAR},"%")  ]]>
			</if>
			<if test="type0 != null and type0 != ''">
				<![CDATA[ AND FIND_IN_SET(#{type0},t_cm_supplier.TYPE) ]]>
			</if>
			<if test="type1 != null and type1 != ''">
				<![CDATA[ AND FIND_IN_SET(#{type1},t_cm_supplier.TYPE) ]]>
			</if>
			<if test="type2 != null and type2 != ''">
				<![CDATA[ AND FIND_IN_SET(#{type2},t_cm_supplier.TYPE) ]]>
			</if>
			<if test="type3 != null and type3 != ''">
				<![CDATA[ AND FIND_IN_SET(#{type3},t_cm_supplier.TYPE) ]]>
			</if>
			<if test="type4 != null and type4 != ''">
				<![CDATA[ AND FIND_IN_SET(#{type4},t_cm_supplier.TYPE) ]]>
			</if>
			<if test="type5 != null and type5 != ''">
				<![CDATA[ AND FIND_IN_SET(#{type5},t_cm_supplier.TYPE)  ]]>
			</if>
			<if test="code != null and code != ''">
				<![CDATA[ AND CODE like concat("%", #{code,jdbcType=VARCHAR},"%")  ]]>
			</if>
			<if test="money != null and money != '' ">
				<![CDATA[ AND MONEY >= #{money,jdbcType=DOUBLE} ]]>
			</if>
			<if test="moneyEnd != null and moneyEnd != '' ">
				<![CDATA[ AND MONEY <= #{moneyEnd ,jdbcType=DOUBLE} ]]>
			</if>
			<if test="regTimeStart != null and regTimeStart != ''">
				<![CDATA[ AND REG_TIME >= #{regTimeStart,jdbcType=varchar} ]]>
			</if>
			<if test="regTimeEnd != null and regTimeEnd != ''">
				<![CDATA[ AND REG_TIME < #{regTimeEnd,jdbcType=varchar} ]]>
			</if>
			<if test="suveyTimeStart != null and suveyTimeStart != ''">
				<![CDATA[ AND SUVEY_TIME >= #{suveyTimeStart,jdbcType=varchar} ]]>
			</if>
			<if test="suveyTimeEnd != null and suveyTimeEnd != ''">
				<![CDATA[ AND SUVEY_TIME < #{suveyTimeEnd,jdbcType=varchar} ]]>
			</if>
			<if test="legalPerson != null and legalPerson != ''">
				<![CDATA[ AND LEGAL_PERSON like concat("%", #{legalPerson,jdbcType=VARCHAR},"%")  ]]>
			</if>
			<if test="supplierAddr != null and supplierAddr != ''">
				<![CDATA[ AND SUPPLIER_ADDR like concat("%", #{supplierAddr,jdbcType=VARCHAR},"%")  ]]>
			</if>
			<if test="cochainState != null and cochainState.size() > 0 ">
				<![CDATA[ AND COCHAIN_STATE IN ]]>
				<foreach item="item" index="index" collection="cochainState" open="(" separator="," close=")">
					#{item,jdbcType=VARCHAR}
				</foreach>
			</if>
			<if test="fileName != null and fileName != ''">
				<![CDATA[ AND FILE_NAME = #{fileName,jdbcType=VARCHAR} ]]>
			</if>
			<if test="click != null">
				<![CDATA[ AND CLICK = #{click,jdbcType=TINYINT}  ]]>
			</if>
			<!-- map 中不需要传入isInvalid -->
			<if test="isInvalid != null and isInvalid != ''">
				<![CDATA[ AND IS_INVALID = #{isInvalid,jdbcType=VARCHAR} ]]>
			</if>
			<![CDATA[ AND IS_INVALID = '0' 	]]>
		</trim>
	</sql>

	<!-- 查询总数-->
	<select id="count" parameterType="java.util.Map" resultType="java.lang.Integer">
  		<![CDATA[ select count(1) from t_cm_supplier 	]]>
  		<include refid="Example_Where_Clause"/>
	</select>

  	<!-- 查询列表 -->
  	<select id="list" parameterType="java.util.Map" resultMap="BaseResultMap">
  		<![CDATA[ select 	]]>
		<include refid="Base_Column_List"/>
		<![CDATA[ from t_cm_supplier 	]]>
		<include refid="Example_Where_Clause"/>
		<![CDATA[ order by MODIFY_DATE DESC,COCHAIN_STATE ASC 	]]>
  	</select>

	<!-- 根据SummaryCode 查询记录数-->
	<select id="listBySummaryCode" resultType="string">
		<![CDATA[ select ID from t_cm_supplier ]]>
        where SUMMARY_CODE = md5(#{context,jdbcType=VARCHAR})
        <![CDATA[ AND IS_INVALID = '0' 	]]>
	</select>

	<!-- 根据统一社会信用代码查询对象信息-->
	<select id="listByCode" parameterType="string" resultMap="BaseResultMap">
		<![CDATA[ select ]]>
		<include refid="Base_Column_List"/>
		<![CDATA[  from t_cm_supplier  where CODE = #{code,jdbcType=VARCHAR} ]]>
		<![CDATA[ AND IS_INVALID = '0']]>
	</select>

	<select id="listByClick" resultMap="BaseResultMap">
		<![CDATA[ select ]]>
		<include refid="Base_Column_List"/>
		<![CDATA[ from t_cm_supplier ]]>
		where  <![CDATA[ CLICK = '1'  AND IS_INVALID = '0'  AND COCHAIN_STATE != '2' ]]>
	</select>

</mapper>
