<?xml version="1.0" encoding="UTF-8"?>
<!DOCTYPE mapper PUBLIC "-//mybatis.org//DTD Mapper 3.0//EN" "http://mybatis.org/dtd/mybatis-3-mapper.dtd" >
<mapper namespace="com.clkj.mapper.dao.cm.TCmUploadVersionFileMapper" >
	<!-- Result Map-->
	<resultMap id="BaseResultMap" type="com.clkj.entity.cm.TCmUploadVersionFile">
		<id column="ID" property="id" javaType="String"/>
		<result column="VERSION" property="version" javaType="String"/>
		<result column="FILE_NAME" property="fileName" javaType="String"/>
		<result column="FILE_PATH" property="filePath" javaType="String"/>
		<result column="MD5_CODE" property="md5Code" javaType="String"/>
		<result column="CREATE_DATE" property="createDate" javaType="java.util.Date"/>
		<result column="DOWN_LOAD_DATE" property="downLoadDate" javaType="java.util.Date"/>
	</resultMap>

	<resultMap id="BaseResultMap2" type="com.clkj.entity.cm.BaseDictTreeTemp">
		<id column="DICT_ID" property="dictId" javaType="String"/>
		<result column="TYPE_ID" property="typeId" javaType="String"/>
		<result column="DICT_NAME" property="dictName" javaType="String"/>
		<result column="DICT_CODE" property="dictCode" javaType="String"/>
		<result column="PARENT_DICT_ID" property="parentDictId" javaType="String"/>
		<result column="NAME_PATH" property="namePath" javaType="String"/>
		<result column="CODE_PATH" property="codePath" javaType="String"/>
		<result column="LEAF_FLAG" property="leafFlag" javaType="String"/>
		<result column="INVALID_FLAG" property="invalidFlag" javaType="String"/>
	</resultMap>

	<resultMap id="BaseResultMap3" type="com.clkj.entity.cog.TOrganization">
		<id column="ID" property="id" javaType="String"/>
		<result column="ORGANIZATION_CF_NAME" property="organizationCfName" javaType="String"/>
		<result column="ORGANIZATION_CS_NAME" property="organizationCsName" javaType="String"/>
		<result column="COMPANY_NO" property="companyNo" javaType="String"/>
		<result column="DATA_CODE" property="dataCode" javaType="String"/>
		<result column="CREAT_TIME" property="creatTime" javaType="java.util.Date"/>
		<result column="ORG_ID" property="orgId" javaType="String"/>
	</resultMap>
	<resultMap id="BaseResultMapTemp" type="com.clkj.entity.cmc.TempEntity">
		<result column="LoginName" property="loginName" javaType="String"/>
		<result column="LoginPassword" property="loginPassword" javaType="String"/>
		<result column="RealName" property="realName" javaType="String"/>
		<result column="Organization" property="organization" javaType="String"/>
	</resultMap>
	<resultMap id="BaseResultMapTempAll" type="com.clkj.entity.cmc.TempEntity">
		<result column="LoginName" property="loginName" javaType="String"/>
		<result column="LoginPassword" property="loginPassword" javaType="String"/>
		<result column="RealName" property="realName" javaType="String"/>
		<result column="Organization" property="organization" javaType="String"/>
		<result column="DICT_NAME" property="dictName" javaType="String"/>
	</resultMap>



	<!--  -->
	<sql id="Base_Column_List" >
		ID ,VERSION ,FILE_NAME ,FILE_PATH ,MD5_CODE ,CREATE_DATE,DOWN_LOAD_DATE
	</sql>

	<insert id="insert" parameterType="com.clkj.entity.cm.TCmUploadVersionFile" >
		 insert into t_cm_upload_versions_file
		(ID ,VERSION ,FILE_NAME ,FILE_PATH ,MD5_CODE ,CREATE_DATE,DOWN_LOAD_DATE)
		 values (
		 <![CDATA[
			#{id,jdbcType=VARCHAR},
			#{version,jdbcType=VARCHAR},
			#{fileName,jdbcType=VARCHAR},
			#{filePath,jdbcType=VARCHAR},
			#{md5Code,jdbcType=VARCHAR},
			#{createDate,jdbcType=TIMESTAMP},
			#{downLoadDate,jdbcType=TIMESTAMP}
			]]>
		 )
	</insert>

	<!-- 查询条件 -->
	<sql id="Example_Where_Clause">
		<trim prefix="where" prefixOverrides="AND|OR">
			<if test="id != null and id != ''">
				<![CDATA[ AND ID = #{id,jdbcType=VARCHAR} ]]>
			</if>
			<if test="version != null and version != ''">
				<![CDATA[ AND VERSION  > #{version,jdbcType=VARCHAR} ]]>
			</if>
			<if test="fileName != null and fileName != ''">
				<![CDATA[ AND FILE_NAME  = #{fileName,jdbcType=VARCHAR} ]]>
			</if>
			<if test="filePath != null and filePath != ''">
				<![CDATA[ AND FILE_PATH  = #{filePath,jdbcType=VARCHAR} ]]>
			</if>
			<if test="md5Code != null and md5Code != ''">
				<![CDATA[ AND MD5_CODE  = #{md5Code,jdbcType=VARCHAR} ]]>
			</if>
			<if test="createDate != null and createDate != ''">
				<![CDATA[ AND CREATE_DATE  = #{createDate,jdbcType=TIMESTAMP} ]]>
			</if>
			<if test="downLoadDate != null and downLoadDate != ''">
				<![CDATA[ AND DOWN_LOAD_DATE  = #{downLoadDate,jdbcType=TIMESTAMP} ]]>
			</if>
		</trim>
	</sql>

	<!-- 查询总数-->
	<select id="count" parameterType="java.util.Map" resultType="java.lang.Integer">
		<![CDATA[ select count(1) from t_cm_upload_versions_file 	]]>
		<include refid="Example_Where_Clause"/>
	</select>

	<!-- 查询列表 -->
	<select id="list" parameterType="java.util.Map" resultMap="BaseResultMap">
		<![CDATA[ select 	]]>
		<include refid="Base_Column_List"/>
		<![CDATA[ from t_cm_upload_versions_file 	]]>
		<include refid="Example_Where_Clause"/>
		<![CDATA[ order by CREATE_DATE desc 	]]>
	</select>

	<!-- 查询最大版本号 -->
	<select id="getMaxVersion"  resultType="java.lang.String">
		<![CDATA[ select max(VERSION) from t_cm_upload_versions_file 	]]>
	</select>

	<select id="selectByPrimaryKey" parameterType="java.lang.String" resultMap="BaseResultMap">
		<![CDATA[ select 	]]>
		<include refid="Base_Column_List"/>
		<![CDATA[ from t_cm_upload_versions_file 	where ID = #{id,jdbcType=VARCHAR} ]]>
	</select>

	<select id="getAllTree" resultMap="BaseResultMap2">
		<![CDATA[ select * from t_base_dict_tree where PARENT_DICT_ID = '' 	]]>
	</select>

	<select id="getAllLeaf" resultMap="BaseResultMap2">
		<![CDATA[ select * from t_base_dict_tree where PARENT_DICT_ID != '' 	]]>
	</select>
	<select id="getShengLianSheNewList" resultMap="BaseResultMap2">
		<![CDATA[ select * from temp_shenglianshe_new 	]]>
	</select>

	<select id="getByName" resultMap="BaseResultMap2">
		<![CDATA[ select * from t_base_dict_tree where DICT_NAME = #{dictName,jdbcType=VARCHAR} 	]]>
	</select>

	<select id="getTreeByorgId" resultMap="BaseResultMap2">
		<![CDATA[ select * from t_base_dict_tree a
			INNER JOIN t_organization b
			on a.DICT_NAME = b.ORGANIZATION_CF_NAME
			where b.org_id = #{orgId,jdbcType=VARCHAR} 	]]>
	</select>

	<select id="getLeaf" resultMap="BaseResultMap2">
		<![CDATA[ select * from t_base_dict_tree
 				where  PARENT_DICT_ID = #{pId,jdbcType=VARCHAR}	]]>
	</select>

	<select id="getOrgIdList" resultType="java.lang.String">
		<![CDATA[ select org_id from t_organization where org_id !='' group by org_id ]]>
	</select>

	<select id="getByorgId" resultMap="BaseResultMap3">
		<![CDATA[ select * from t_organization where org_id = #{orgId,jdbcType=VARCHAR} ]]>
	</select>

	<select id="getJianguanList" resultMap="BaseResultMapTempAll">
		<![CDATA[ select * from shi.jianguan_user ]]>
	</select>

	<select id="getTreeName" resultType="java.lang.String">
		<![CDATA[
		select DICT_NAME from t_base_dict_tree a
		left join t_organization b
		on b.ORGANIZATION_CF_NAME = a.DICT_NAME
		where PARENT_DICT_ID = '' and org_id = #{orgId,jdbcType=VARCHAR}; ]]>
	</select>

	<select id="getInfo" resultMap="BaseResultMapTemp">
		<![CDATA[ select * from temp where Organization = #{name,jdbcType=VARCHAR} ]]>
	</select>

	<select id="getInfoAll" resultMap="BaseResultMapTempAll">
		<![CDATA[ select * from temp_all where DICT_NAME = #{name,jdbcType=VARCHAR} ]]>
	</select>

	<select id="getRoleId" resultType="java.lang.String">
		<![CDATA[
		select ID from t_base_role where ROLE_NAME = #{name,jdbcType=VARCHAR}; ]]>
	</select>

	<insert id="addLeaf" parameterType="com.clkj.entity.cm.BaseDictTreeTemp" >
		 insert into t_base_dict_tree_final
		(DICT_ID ,TYPE_ID ,DICT_NAME ,DICT_CODE ,PARENT_DICT_ID ,NAME_PATH,CODE_PATH,LEAF_FLAG,INVALID_FLAG)
		 values (
		 <![CDATA[
			#{dictId,jdbcType=VARCHAR},
			#{typeId,jdbcType=VARCHAR},
			#{dictName,jdbcType=VARCHAR},
			#{dictCode,jdbcType=VARCHAR},
			#{parentDictId,jdbcType=VARCHAR},
			#{namePath,jdbcType=VARCHAR},
			#{codePath,jdbcType=VARCHAR},
			#{leafFlag,jdbcType=VARCHAR},
			#{invalidFlag,jdbcType=VARCHAR}
			]]>
		 )
	</insert>

</mapper>   
