<?xml version="1.0" encoding="UTF-8"?>
<!DOCTYPE mapper PUBLIC "-//mybatis.org//DTD Mapper 3.0//EN" "http://mybatis.org/dtd/mybatis-3-mapper.dtd" >
<mapper namespace="com.clkj.mapper.dao.cm.TCmUnoutsourceMapper">
    <!-- Result Map-->
    <resultMap id="BaseResultMap" type="com.clkj.entity.cm.TCmUnoutsource">
        <id column="ID" property="id" javaType="String"/>
        <!-- 供应商名称 -->
        <result column="SUPPLIER_NAME" property="supplierName" javaType="String"/>
        <!-- 主营业务类型 -->
        <result column="SUPPLIER_TYPE" property="supplierType" javaType="String"/>
        <!-- 社会信用代码 -->
        <result column="CREDIT_CODE" property="creditCode" javaType="String"/>
        <!-- 服务质量评分 -->
        <result column="SERVICE_QUALITY_SCORE" property="serviceQualityScore" javaType="java.math.BigDecimal"/>
        <!-- 现场检查时间 -->
        <result column="CHECK_TIME" property="checkTime" javaType="java.util.Date"/>
        <!-- 产品或服务简述 -->
        <result column="PRODUCT_OR_SERVICE_REMARK" property="productOrServiceRemark" javaType="String"/>
        <!-- 对象hash-->
        <result column="SUMMARY_CODE" property="summaryCode" javaType="String"/>
        <!-- 是否可以点击上链-->
        <result column="CLICK" property="click" javaType="Integer"/>
        <result column="OPERATION_IN_GOOD" property="operationInGood" javaType="String"/>
        <result column="DANGER_GRADE" property="dangerGrade" javaType="String"/>
        <result column="INTERNAL_MANAGEMENT_MEASURES_PERFECT" property="internalManagementMeasuresPerfect"
                javaType="String"/>
        <result column="NUMBER_OF_ILLEGAL_INCIDENTS" property="numberOfIllegalIncidents" javaType="Integer"/>
        <result column="QUANTITY_OF_NO_RECTIFICATION_PROBLEM" property="quantityOfNoRectificationProblem"
                javaType="Integer"/>
        <result column="CREATOR" property="creator" javaType="String"/>
        <result column="CREATOR_ID" property="creatorId" javaType="String"/>
        <result column="CREATE_DATE" property="createDate" javaType="java.util.Date"/>
        <result column="MODIFY_PERSON_ID" property="modifyPersonId" javaType="String"/>
        <result column="MODIFY_PERSON" property="modifyPerson" javaType="String"/>
        <result column="MODIFY_DATE" property="modifyDate" javaType="java.util.Date"/>
        <result column="IS_INVALID" property="isInvalid" javaType="String"/>
        <result column="INVALIDATE_DATE" property="invalidateDate" javaType="java.util.Date"/>
        <result column="INVALIDATE_USER_ID" property="invalidateUserId" javaType="String"/>
        <result column="COCHAIN_STATE" property="cochainState" javaType="String"/>
        <result column="PUBLISHER" property="publisher" javaType="String"/>
        <result column="PUBLISH_TIME" property="publishTime" javaType="java.util.Date"/>
    </resultMap>

    <resultMap id="UnoutResultMap" type="com.clkj.entity.cm.TCmUnoutsource">
        <id column="ID" property="id" javaType="String"/>
        <result column="SUPPLIER_NAME" property="supplierName" javaType="String"/>
        <result column="SUPPLIER_TYPE" property="supplierType" javaType="String"/>
        <result column="CHECK_TIME" property="checkTime" javaType="java.util.Date"/>
        <result column="CREDIT_CODE" property="creditCode" javaType="String"/>
        <result column="OPERATION_IN_GOOD" property="operationInGood" javaType="String"/>
        <result column="DANGER_GRADE" property="dangerGrade" javaType="String"/>
        <result column="SERVICE_QUALITY_SCORE" property="serviceQualityScore" javaType="java.math.BigDecimal"/>
        <result column="INTERNAL_MANAGEMENT_MEASURES_PERFECT" property="internalManagementMeasuresPerfect"
                javaType="String"/>
        <result column="NUMBER_OF_ILLEGAL_INCIDENTS" property="numberOfIllegalIncidents" javaType="Integer"/>
        <result column="QUANTITY_OF_NO_RECTIFICATION_PROBLEM" property="quantityOfNoRectificationProblem"
                javaType="Integer"/>
        <result column="PRODUCT_OR_SERVICE_REMARK" property="productOrServiceRemark" javaType="String"/>
        <result column="CREATOR" property="creator" javaType="String"/>
        <result column="CREATOR_ID" property="creatorId" javaType="String"/>
        <result column="CREATE_DATE" property="createDate" javaType="java.util.Date"/>
        <result column="MODIFY_PERSON_ID" property="modifyPersonId" javaType="String"/>
        <result column="MODIFY_PERSON" property="modifyPerson" javaType="String"/>
        <result column="MODIFY_DATE" property="modifyDate" javaType="java.util.Date"/>
        <result column="IS_INVALID" property="isInvalid" javaType="String"/>
        <result column="INVALIDATE_DATE" property="invalidateDate" javaType="java.util.Date"/>
        <result column="INVALIDATE_USER_ID" property="invalidateUserId" javaType="String"/>
        <result column="COCHAIN_STATE" property="cochainState" javaType="String"/>
        <result column="PUBLISHER" property="publisher" javaType="String"/>
        <result column="PUBLISH_TIME" property="publishTime" javaType="java.util.Date"/>
        <!-- 对象md5-->
        <result column="SUMMARY_CODE" property="summaryCode" javaType="String"/>
        <!-- 是否可以点击上链-->
        <result column="CLICK" property="click" javaType="Integer"/>
        <!-- 业务关联附件，一对多 -->
        <collection column="ID" property="file"
                    select="com.clkj.mapper.dao.cm.TCmFileMapper.getFileByResourceId"/>
    </resultMap>

    <!-- 非驻场外包管理 -->
    <sql id="Base_Column_List">
		ID ,SUPPLIER_NAME ,SUPPLIER_TYPE ,CHECK_TIME ,CREDIT_CODE ,OPERATION_IN_GOOD ,DANGER_GRADE ,SERVICE_QUALITY_SCORE ,INTERNAL_MANAGEMENT_MEASURES_PERFECT ,NUMBER_OF_ILLEGAL_INCIDENTS ,QUANTITY_OF_NO_RECTIFICATION_PROBLEM ,PRODUCT_OR_SERVICE_REMARK ,CREATOR ,CREATOR_ID ,CREATE_DATE ,MODIFY_PERSON_ID ,MODIFY_PERSON ,MODIFY_DATE ,IS_INVALID ,INVALIDATE_DATE ,INVALIDATE_USER_ID ,COCHAIN_STATE 
		,PUBLISHER,PUBLISH_TIME, SUMMARY_CODE,CLICK, IS_AUTHORIZATION, `DESC`
	</sql>

    <!-- 根据id查询 -->
    <select id="selectById" resultMap="UnoutResultMap" parameterType="java.lang.String">
        <![CDATA[ select ]]><include refid="Base_Column_List"/><![CDATA[ from t_cm_unoutsource ]]>
        <trim prefix="where" prefixOverrides="AND|OR">
            <![CDATA[ AND ID = #{id,jdbcType=VARCHAR} AND IS_INVALID = '0']]>
        </trim>
    </select>

    <!-- 插入记录 -->
    <insert id="insert" parameterType="com.clkj.entity.cm.TCmUnoutsource">
        <![CDATA[ insert into t_cm_unoutsource ( ]]>
        <include refid="Base_Column_List"/>
        <![CDATA[  ) values (
			#{id,jdbcType=VARCHAR},
			#{supplierName,jdbcType=VARCHAR},
			#{supplierType,jdbcType=VARCHAR},
			#{checkTime,jdbcType=TIMESTAMP},
			#{creditCode,jdbcType=VARCHAR},
			#{operationInGood,jdbcType=VARCHAR},
			#{dangerGrade,jdbcType=VARCHAR},
			#{serviceQualityScore,jdbcType=DECIMAL},
			#{internalManagementMeasuresPerfect,jdbcType=VARCHAR},
			#{numberOfIllegalIncidents,jdbcType=INTEGER},
			#{quantityOfNoRectificationProblem,jdbcType=INTEGER},
			#{productOrServiceRemark,jdbcType=VARCHAR},
			#{creator,jdbcType=VARCHAR},
			#{creatorId,jdbcType=VARCHAR},
			#{createDate,jdbcType=TIMESTAMP},
			#{modifyPersonId,jdbcType=VARCHAR},
			#{modifyPerson,jdbcType=VARCHAR},
			#{modifyDate,jdbcType=TIMESTAMP},
			#{isInvalid,jdbcType=VARCHAR},
			#{invalidateDate,jdbcType=TIMESTAMP},
			#{invalidateUserId,jdbcType=VARCHAR},
			#{cochainState,jdbcType=VARCHAR},
			#{publisher,jdbcType=VARCHAR},
			#{publishTime,jdbcType=TIMESTAMP},
			md5(#{summaryCode,jdbcType=VARCHAR}),
			#{click,jdbcType=TINYINT},
			#{isAuthorization,jdbcType=TINYINT},
			#{desc,jdbcType=VARCHAR}
		 ) ]]>
    </insert>

    <!-- 批量插入 -->
    <insert id="batchInsert" parameterType="java.util.List">
        <![CDATA[ insert into t_cm_unoutsource ( ]]>
        <include refid="Base_Column_List"/>
        <![CDATA[ ) values ]]>
        <foreach collection="list" item="it" separator=",">
            <![CDATA[ (
				#{it.id,jdbcType=VARCHAR},
				#{it.supplierName,jdbcType=VARCHAR},
				#{it.supplierType,jdbcType=VARCHAR},
				#{it.checkTime,jdbcType=TIMESTAMP},
				#{it.creditCode,jdbcType=VARCHAR},
				#{it.operationInGood,jdbcType=VARCHAR},
				#{it.dangerGrade,jdbcType=VARCHAR},
				#{it.serviceQualityScore,jdbcType=DECIMAL},
				#{it.internalManagementMeasuresPerfect,jdbcType=VARCHAR},
				#{it.numberOfIllegalIncidents,jdbcType=INTEGER},
				#{it.quantityOfNoRectificationProblem,jdbcType=INTEGER},
				#{it.productOrServiceRemark,jdbcType=VARCHAR},
				#{it.creator,jdbcType=VARCHAR},
				#{it.creatorId,jdbcType=VARCHAR},
				#{it.createDate,jdbcType=TIMESTAMP},
				#{it.modifyPersonId,jdbcType=VARCHAR},
				#{it.modifyPerson,jdbcType=VARCHAR},
				#{it.modifyDate,jdbcType=TIMESTAMP},
				#{it.isInvalid,jdbcType=VARCHAR},
				#{it.invalidateDate,jdbcType=TIMESTAMP},
				#{it.invalidateUserId,jdbcType=VARCHAR},
				#{it.cochainState,jdbcType=VARCHAR},
				#{it.publisher,jdbcType=VARCHAR},
				#{it.publishTime,jdbcType=TIMESTAMP},
				md5(#{it.summaryCode,jdbcType=VARCHAR}),
				#{it.click,jdbcType=TINYINT},
				#{it.isAuthorization,jdbcType=TINYINT},
				#{it.desc,jdbcType=VARCHAR}
			) ]]>
        </foreach>
    </insert>

    <!-- 物理删除：通过主键ID单条删除 -->
    <delete id="deleteByPrimaryKey" parameterType="com.clkj.entity.cm.TCmUnoutsource">
        <![CDATA[ delete from t_cm_unoutsource  ]]>
        <trim prefix="where" prefixOverrides="AND|OR">
            <![CDATA[ AND ID = #{id,jdbcType=VARCHAR}	]]>
        </trim>
    </delete>

    <!-- 物理删除：通过主键ID批量删除 -->
    <delete id="batchDeleteByPrimaryKey" parameterType="java.util.List">
        <![CDATA[ delete from t_cm_unoutsource  ]]>
        <trim prefix="where" prefixOverrides="AND|OR">
            <foreach collection="list" item="it" separator=" OR " open="(" close=")">
                <trim prefixOverrides="AND|OR">
                    <![CDATA[ AND ID = #{it.id,jdbcType=VARCHAR}]]>
                </trim>
            </foreach>
        </trim>
    </delete>

    <!-- 根据id，属性值全量更新数据记录-->
    <update id="updateByPrimaryKey" parameterType="com.clkj.entity.cm.TCmUnoutsource">
        <![CDATA[ update t_cm_unoutsource ]]>
        <trim prefix="set" suffixOverrides=",">
            <![CDATA[ SUPPLIER_NAME = #{supplierName,jdbcType=VARCHAR},	]]>
            <![CDATA[ SUPPLIER_TYPE = #{supplierType,jdbcType=VARCHAR},	]]>
            <![CDATA[ CHECK_TIME = #{checkTime,jdbcType=TIMESTAMP},	]]>
            <![CDATA[ CREDIT_CODE = #{creditCode,jdbcType=VARCHAR},	]]>
            <![CDATA[ OPERATION_IN_GOOD = #{operationInGood,jdbcType=VARCHAR},	]]>
            <![CDATA[ DANGER_GRADE = #{dangerGrade,jdbcType=VARCHAR},	]]>
            <![CDATA[ SERVICE_QUALITY_SCORE = #{serviceQualityScore,jdbcType=DECIMAL},	]]>
            <![CDATA[ INTERNAL_MANAGEMENT_MEASURES_PERFECT = #{internalManagementMeasuresPerfect,jdbcType=VARCHAR},	]]>
            <![CDATA[ NUMBER_OF_ILLEGAL_INCIDENTS = #{numberOfIllegalIncidents,jdbcType=INTEGER},	]]>
            <![CDATA[ QUANTITY_OF_NO_RECTIFICATION_PROBLEM = #{quantityOfNoRectificationProblem,jdbcType=INTEGER},	]]>
            <![CDATA[ PRODUCT_OR_SERVICE_REMARK = #{productOrServiceRemark,jdbcType=VARCHAR},	]]>
            <![CDATA[ CREATOR = #{creator,jdbcType=VARCHAR},	]]>
            <![CDATA[ CREATOR_ID = #{creatorId,jdbcType=VARCHAR},	]]>
            <![CDATA[ CREATE_DATE = #{createDate,jdbcType=TIMESTAMP},	]]>
            <![CDATA[ MODIFY_PERSON_ID = #{modifyPersonId,jdbcType=VARCHAR},	]]>
            <![CDATA[ MODIFY_PERSON = #{modifyPerson,jdbcType=VARCHAR},	]]>
            <![CDATA[ MODIFY_DATE = now(),	]]>
            <![CDATA[ IS_INVALID = #{isInvalid,jdbcType=VARCHAR},	]]>
            <![CDATA[ INVALIDATE_DATE = #{invalidateDate,jdbcType=TIMESTAMP},	]]>
            <![CDATA[ INVALIDATE_USER_ID = #{invalidateUserId,jdbcType=VARCHAR},	]]>
            <![CDATA[ COCHAIN_STATE = #{cochainState,jdbcType=VARCHAR},	]]>
            <![CDATA[ PUBLISHER = #{publisher,jdbcType=VARCHAR},	]]>
            <![CDATA[ PUBLISH_TIME = #{publishTime,jdbcType=TIMESTAMP},	]]>
            <![CDATA[ SUMMARY_CODE = md5(#{summaryCode,jdbcType=VARCHAR}) ,	]]>
            <![CDATA[ CLICK = #{click,jdbcType=TINYINT} ,]]>
            <![CDATA[ `DESC` = #{desc,jdbcType=VARCHAR} ,]]>
            <![CDATA[ IS_AUTHORIZATION = #{isAuthorization,jdbcType=TINYINT} ]]>
        </trim>
        <trim prefix="where" prefixOverrides="AND|OR">
            <![CDATA[ AND ID = #{id,jdbcType=VARCHAR}	]]>
            <![CDATA[ AND IS_INVALID = '0' 	]]>
        </trim>
    </update>

    <!-- 根据id，更新属性值为非NULL的数据记录-->
    <update id="updateByPrimaryKeySelective" parameterType="com.clkj.entity.cm.TCmUnoutsource">
        <![CDATA[ update t_cm_unoutsource ]]>
        <trim prefix="set" suffixOverrides=",">
            <if test=" supplierName != null ">
                <![CDATA[ SUPPLIER_NAME = #{supplierName,jdbcType=VARCHAR},	]]>
            </if>
            <if test=" supplierType != null ">
                <![CDATA[ SUPPLIER_TYPE = #{supplierType,jdbcType=VARCHAR},	]]>
            </if>
            <if test=" checkTime != null ">
                <![CDATA[ CHECK_TIME = #{checkTime,jdbcType=TIMESTAMP},	]]>
            </if>
            <if test=" creditCode != null ">
                <![CDATA[ CREDIT_CODE = #{creditCode,jdbcType=VARCHAR},	]]>
            </if>
            <if test=" operationInGood != null ">
                <![CDATA[ OPERATION_IN_GOOD = #{operationInGood,jdbcType=VARCHAR},	]]>
            </if>
            <if test=" dangerGrade != null ">
                <![CDATA[ DANGER_GRADE = #{dangerGrade,jdbcType=VARCHAR},	]]>
            </if>
            <if test=" serviceQualityScore != null ">
                <![CDATA[ SERVICE_QUALITY_SCORE = #{serviceQualityScore,jdbcType=DECIMAL},	]]>
            </if>
            <if test=" internalManagementMeasuresPerfect != null ">
                <![CDATA[ INTERNAL_MANAGEMENT_MEASURES_PERFECT = #{internalManagementMeasuresPerfect,jdbcType=VARCHAR},	]]>
            </if>
            <if test=" numberOfIllegalIncidents != null ">
                <![CDATA[ NUMBER_OF_ILLEGAL_INCIDENTS = #{numberOfIllegalIncidents,jdbcType=INTEGER},	]]>
            </if>
            <if test=" quantityOfNoRectificationProblem != null ">
                <![CDATA[ QUANTITY_OF_NO_RECTIFICATION_PROBLEM = #{quantityOfNoRectificationProblem,jdbcType=INTEGER},	]]>
            </if>
            <if test=" productOrServiceRemark != null ">
                <![CDATA[ PRODUCT_OR_SERVICE_REMARK = #{productOrServiceRemark,jdbcType=VARCHAR},	]]>
            </if>
            <if test=" creator != null ">
                <![CDATA[ CREATOR = #{creator,jdbcType=VARCHAR},	]]>
            </if>
            <if test=" creatorId != null ">
                <![CDATA[ CREATOR_ID = #{creatorId,jdbcType=VARCHAR},	]]>
            </if>
            <if test=" createDate != null ">
                <![CDATA[ CREATE_DATE = #{createDate,jdbcType=TIMESTAMP},	]]>
            </if>
            <if test=" modifyPersonId != null ">
                <![CDATA[ MODIFY_PERSON_ID = #{modifyPersonId,jdbcType=VARCHAR},	]]>
            </if>
            <if test=" modifyPerson != null ">
                <![CDATA[ MODIFY_PERSON = #{modifyPerson,jdbcType=VARCHAR},	]]>
            </if>
            <if test=" modifyDate != null ">
                <![CDATA[ MODIFY_DATE = #{modifyDate,jdbcType=TIMESTAMP},	]]>
            </if>
            <if test=" isInvalid != null ">
                <![CDATA[ IS_INVALID = #{isInvalid,jdbcType=VARCHAR},	]]>
            </if>
            <if test=" invalidateDate != null ">
                <![CDATA[ INVALIDATE_DATE = #{invalidateDate,jdbcType=TIMESTAMP},	]]>
            </if>
            <if test=" invalidateUserId != null ">
                <![CDATA[ INVALIDATE_USER_ID = #{invalidateUserId,jdbcType=VARCHAR},	]]>
            </if>
            <if test=" cochainState != null ">
                <![CDATA[ COCHAIN_STATE = #{cochainState,jdbcType=VARCHAR},	]]>
            </if>
            <if test=" publisher != null ">
                <![CDATA[ PUBLISHER = #{publisher,jdbcType=VARCHAR}, ]]>
            </if>
            <if test=" publishTime != null ">
                <![CDATA[ PUBLISH_TIME = #{publishTime,jdbcType=TIMESTAMP},	]]>
            </if>
            <if test=" summaryCode != null ">
                <![CDATA[ SUMMARY_CODE = md5(#{summaryCode,jdbcType=VARCHAR}),]]>
            </if>
            <if test=" click != null ">
                <![CDATA[ CLICK = #{click,jdbcType=TINYINT} ,]]>
            </if>
        </trim>
        <trim prefix="where" prefixOverrides="AND|OR">
            <![CDATA[ AND ID = #{id,jdbcType=VARCHAR}	]]>
            <![CDATA[ AND IS_INVALID = '0' 	]]>
        </trim>
    </update>

    <!-- 根据id查询 -->
    <select id="selectByPrimaryKey" resultMap="BaseResultMap" parameterType="com.clkj.entity.cm.TCmUnoutsource">
        <![CDATA[ select ]]><include refid="Base_Column_List"/><![CDATA[ from t_cm_unoutsource ]]>
        <trim prefix="where" prefixOverrides="AND|OR">
            <![CDATA[ AND ID = #{id,jdbcType=VARCHAR} ]]>
            <![CDATA[ AND IS_INVALID = '0' 	]]>
        </trim>
    </select>

    <!-- 存在校验查询 -->
    <select id="checkExsit" resultType="java.lang.Integer" parameterType="com.clkj.entity.cm.TCmUnoutsource">
        <![CDATA[ select count(1) num from t_cm_unoutsource ]]>
        <trim prefix="where" prefixOverrides="AND|OR">
            <if test=" id != null ">
                <![CDATA[ AND ID != #{id,jdbcType=VARCHAR}	]]>
            </if>
            <if test=" supplierName != null ">
                <![CDATA[ AND SUPPLIER_NAME = #{supplierName,jdbcType=VARCHAR}	]]>
            </if>
            <if test=" supplierType != null ">
                <![CDATA[ AND SUPPLIER_TYPE = #{supplierType,jdbcType=VARCHAR}	]]>
            </if>
            <if test=" checkTime != null ">
                <![CDATA[ AND CHECK_TIME = #{checkTime,jdbcType=TIMESTAMP}	]]>
            </if>
            <if test=" creditCode != null ">
                <![CDATA[ AND CREDIT_CODE = #{creditCode,jdbcType=VARCHAR}	]]>
            </if>
            <if test=" operationInGood != null ">
                <![CDATA[ AND OPERATION_IN_GOOD = #{operationInGood,jdbcType=VARCHAR}	]]>
            </if>
            <if test=" dangerGrade != null ">
                <![CDATA[ AND DANGER_GRADE = #{dangerGrade,jdbcType=VARCHAR}	]]>
            </if>
            <if test=" serviceQualityScore != null ">
                <![CDATA[ AND SERVICE_QUALITY_SCORE = #{serviceQualityScore,jdbcType=DECIMAL}	]]>
            </if>
            <if test=" internalManagementMeasuresPerfect != null ">
                <![CDATA[ AND INTERNAL_MANAGEMENT_MEASURES_PERFECT = #{internalManagementMeasuresPerfect,jdbcType=VARCHAR}	]]>
            </if>
            <if test=" numberOfIllegalIncidents != null ">
                <![CDATA[ AND NUMBER_OF_ILLEGAL_INCIDENTS = #{numberOfIllegalIncidents,jdbcType=INTEGER}	]]>
            </if>
            <if test=" quantityOfNoRectificationProblem != null ">
                <![CDATA[ AND QUANTITY_OF_NO_RECTIFICATION_PROBLEM = #{quantityOfNoRectificationProblem,jdbcType=INTEGER}	]]>
            </if>
            <if test=" productOrServiceRemark != null ">
                <![CDATA[ AND PRODUCT_OR_SERVICE_REMARK = #{productOrServiceRemark,jdbcType=VARCHAR}	]]>
            </if>
            <if test=" creator != null ">
                <![CDATA[ AND CREATOR = #{creator,jdbcType=VARCHAR}	]]>
            </if>
            <if test=" creatorId != null ">
                <![CDATA[ AND CREATOR_ID = #{creatorId,jdbcType=VARCHAR}	]]>
            </if>
            <if test=" createDate != null ">
                <![CDATA[ AND CREATE_DATE = #{createDate,jdbcType=TIMESTAMP}	]]>
            </if>
            <if test=" modifyPersonId != null ">
                <![CDATA[ AND MODIFY_PERSON_ID = #{modifyPersonId,jdbcType=VARCHAR}	]]>
            </if>
            <if test=" modifyPerson != null ">
                <![CDATA[ AND MODIFY_PERSON = #{modifyPerson,jdbcType=VARCHAR}	]]>
            </if>
            <if test=" modifyDate != null ">
                <![CDATA[ AND MODIFY_DATE = #{modifyDate,jdbcType=TIMESTAMP}	]]>
            </if>
            <if test=" invalidateDate != null ">
                <![CDATA[ AND INVALIDATE_DATE = #{invalidateDate,jdbcType=TIMESTAMP}	]]>
            </if>
            <if test=" invalidateUserId != null ">
                <![CDATA[ AND INVALIDATE_USER_ID = #{invalidateUserId,jdbcType=VARCHAR}	]]>
            </if>
            <if test=" cochainState != null ">
                <![CDATA[ AND COCHAIN_STATE = #{cochainState,jdbcType=VARCHAR}	]]>
            </if>
            <if test="click != null">
                <![CDATA[ AND CLICK = #{click,jdbcType=TINYINT} ,]]>
            </if>
            <if test=" isInvalid != null  and isInvalid != '' ">
                <![CDATA[ AND IS_INVALID = #{isInvalid,jdbcType=VARCHAR}	]]>
            </if>
            <![CDATA[ AND IS_INVALID = '0' 	]]>
        </trim>
    </select>

    <!-- 查询条件 -->
    <sql id="Example_Where_Clause">
        <trim prefix="where" prefixOverrides="AND|OR">
            <if test="id != null and id != ''">
                <![CDATA[ AND ID = #{id,jdbcType=VARCHAR} ]]>
            </if>
            <if test="supplierName != null and supplierName != ''">
                <![CDATA[ AND SUPPLIER_NAME like concat("%",#{supplierName,jdbcType=VARCHAR},"%")  ]]>
            </if>
            <if test="supplierType0 != null and supplierType0 != ''">
                <![CDATA[ AND FIND_IN_SET(#{supplierType0},t_cm_unoutsource.SUPPLIER_TYPE) ]]>
            </if>
            <if test="supplierType1 != null and supplierType1 != ''">
                <![CDATA[ AND FIND_IN_SET(#{supplierType1},t_cm_unoutsource.SUPPLIER_TYPE) ]]>
            </if>
            <if test="supplierType2 != null and supplierType2 != ''">
                <![CDATA[ AND FIND_IN_SET(#{supplierType2},t_cm_unoutsource.SUPPLIER_TYPE) ]]>
            </if>
            <if test="supplierType3 != null and supplierType3 != ''">
                <![CDATA[ AND FIND_IN_SET(#{supplierType3},t_cm_unoutsource.SUPPLIER_TYPE) ]]>
            </if>
            <if test="supplierType4 != null and supplierType4 != ''">
                <![CDATA[ AND FIND_IN_SET(#{supplierType4},t_cm_unoutsource.SUPPLIER_TYPE) ]]>
            </if>
            <if test="supplierType5 != null and supplierType5 != ''">
                <![CDATA[ AND FIND_IN_SET(#{supplierType5},t_cm_unoutsource.SUPPLIER_TYPE)  ]]>
            </if>

            <if test="checkTimeStart != null and checkTimeStart != ''">
                <![CDATA[ AND CHECK_TIME >= #{checkTimeStart,jdbcType=varchar} ]]>
            </if>
            <if test="checkTimeEnd != null and checkTimeEnd != ''">
                <![CDATA[ AND CHECK_TIME < #{checkTimeEnd,jdbcType=varchar} ]]>
            </if>
            <if test="creditCode != null and creditCode != ''">
                <![CDATA[ AND CREDIT_CODE like concat("%",#{creditCode,jdbcType=VARCHAR},"%")  ]]>
            </if>
            <if test="operationInGood != null and operationInGood != ''">
                <![CDATA[ AND OPERATION_IN_GOOD = #{operationInGood,jdbcType=VARCHAR} ]]>
            </if>
            <if test="dangerGrade != null and dangerGrade != ''">
                <![CDATA[ AND DANGER_GRADE = #{dangerGrade,jdbcType=VARCHAR} ]]>
            </if>
            <if test="serviceQualityScore != null ">
                <![CDATA[ AND SERVICE_QUALITY_SCORE >= #{serviceQualityScore, jdbcType=DECIMAL} ]]>
            </if>
            <if test="serviceQualityScoreEnd != null  ">
                <![CDATA[ AND SERVICE_QUALITY_SCORE <= #{serviceQualityScoreEnd, jdbcType=DECIMAL} ]]>
            </if>
            <if test="internalManagementMeasuresPerfect != null and internalManagementMeasuresPerfect != ''">
                <![CDATA[ AND INTERNAL_MANAGEMENT_MEASURES_PERFECT = #{internalManagementMeasuresPerfect,jdbcType=VARCHAR} ]]>
            </if>
            <if test="numberOfIllegalIncidents != null and numberOfIllegalIncidents != ''">
                <![CDATA[ AND NUMBER_OF_ILLEGAL_INCIDENTS = #{numberOfIllegalIncidents,jdbcType=INTEGER} ]]>
            </if>
            <if test="quantityOfNoRectificationProblem != null and quantityOfNoRectificationProblem != ''">
                <![CDATA[ AND QUANTITY_OF_NO_RECTIFICATION_PROBLEM = #{quantityOfNoRectificationProblem,jdbcType=INTEGER} ]]>
            </if>
            <if test="productOrServiceRemark != null and productOrServiceRemark != ''">
                <![CDATA[ AND PRODUCT_OR_SERVICE_REMARK like concat("%", #{productOrServiceRemark,jdbcType=VARCHAR}, "%") ]]>
            </if>
            <if test="creator != null and creator != ''">
                <![CDATA[ AND CREATOR like concat("%",#{creator,jdbcType=VARCHAR},"%")  ]]>
            </if>
            <if test="creatorId != null and creatorId != ''">
                <![CDATA[ AND CREATOR_ID = #{creatorId,jdbcType=VARCHAR} ]]>
            </if>
            <if test="createDateStart != null and createDateStart != ''">
                <![CDATA[ AND CREATE_DATE >= #{createDateStart,jdbcType=varchar} ]]>
            </if>
            <if test="createDateEnd != null and createDateEnd != ''">
                <![CDATA[ AND CREATE_DATE < #{createDateEnd,jdbcType=varchar} ]]>
            </if>
            <if test="modifyPersonId != null and modifyPersonId != ''">
                <![CDATA[ AND MODIFY_PERSON_ID = #{modifyPersonId,jdbcType=VARCHAR} ]]>
            </if>
            <if test="modifyPerson != null and modifyPerson != ''">
                <![CDATA[ AND MODIFY_PERSON = #{modifyPerson,jdbcType=VARCHAR} ]]>
            </if>
            <if test="modifyDateStart != null and modifyDateStart != ''">
                <![CDATA[ AND MODIFY_DATE >= #{modifyDateStart,jdbcType=varchar} ]]>
            </if>
            <if test="modifyDateEnd != null and modifyDateEnd != ''">
                <![CDATA[ AND MODIFY_DATE < #{modifyDateEnd,jdbcType=varchar} ]]>
            </if>
            <if test="invalidateDateStart != null and invalidateDateStart != ''">
                <![CDATA[ AND INVALIDATE_DATE >= #{invalidateDateStart,jdbcType=varchar} ]]>
            </if>
            <if test="invalidateDateEnd != null and invalidateDateEnd != ''">
                <![CDATA[ AND INVALIDATE_DATE < #{invalidateDateEnd,jdbcType=varchar} ]]>
            </if>
            <if test="invalidateUserId != null and invalidateUserId != ''">
                <![CDATA[ AND INVALIDATE_USER_ID = #{invalidateUserId,jdbcType=VARCHAR} ]]>
            </if>
            <if test="cochainState != null and cochainState.size() > 0 ">
                <![CDATA[ AND COCHAIN_STATE IN ]]>
                <foreach item="item" index="index" collection="cochainState" open="(" separator="," close=")">
                    #{item,jdbcType=VARCHAR}
                </foreach>
            </if>
            <!-- map 不需要传入 isInvalid 参数 可能会报错-->
            <if test="isInvalid != null and isInvalid != ''">
                <![CDATA[ AND IS_INVALID = #{isInvalid,jdbcType=VARCHAR} ]]>
            </if>
            <if test="click != null">
                <![CDATA[ AND CLICK = #{click,jdbcType=TINYINT}  ]]>
            </if>
            <![CDATA[ AND IS_INVALID = '0' 	]]>
        </trim>
    </sql>

    <!-- 查询总数-->
    <select id="count" parameterType="java.util.Map" resultType="java.lang.Integer">
        <![CDATA[ select count(1) from t_cm_unoutsource 	]]>
        <include refid="Example_Where_Clause"/>
    </select>

    <!-- 查询列表 -->
    <select id="list" parameterType="java.util.Map" resultMap="BaseResultMap">
        <![CDATA[ select 	]]>
        <include refid="Base_Column_List"/>
        <![CDATA[ from t_cm_unoutsource 	]]>
        <include refid="Example_Where_Clause"/>
        <![CDATA[ order by MODIFY_DATE DESC,COCHAIN_STATE ASC 	]]>
    </select>

    <!-- 根据SummaryCode 查询记录数-->
    <select id="listBySummaryCode" resultType="string">
		<![CDATA[




                                         select ID from t_cm_unoutsource ]]>
                                                where SUMMARY_CODE = md5(#{context,jdbcType=VARCHAR})
                                                <![CDATA[ AND IS_INVALID = '0'




        ]]>
	</select>

    <!-- 根据统一社会信用代码查询对象信息-->
    <select id="listByCode" parameterType="string" resultMap="BaseResultMap">
        <![CDATA[ select ]]>
        <include refid="Base_Column_List"/>
        <![CDATA[  from t_cm_unoutsource  where CREDIT_CODE = #{code,jdbcType=VARCHAR} ]]>
        <![CDATA[ AND IS_INVALID = '0']]>
    </select>

    <select id="listByClick" resultMap="BaseResultMap">
        <![CDATA[ select ]]>
        <include refid="Base_Column_List"/>
        <![CDATA[ from t_cm_unoutsource ]]>
        where  <![CDATA[ CLICK = '1'  AND IS_INVALID = '0'  AND COCHAIN_STATE != '2' ]]>
    </select>

</mapper>
