<?xml version="1.0" encoding="UTF-8"?>
<!DOCTYPE mapper PUBLIC "-//mybatis.org//DTD Mapper 3.0//EN" "http://mybatis.org/dtd/mybatis-3-mapper.dtd">
<mapper namespace="com.clkj.mapper.dao.cm.TVersionsFileMapper">
  <resultMap id="BaseResultMap" type="com.clkj.entity.cm.TVersionsFile">
    <!--@mbg.generated-->
    <!--@Table t_versions_file-->
    <id column="ID" jdbcType="VARCHAR" property="id" />
    <result column="VERSION" jdbcType="VARCHAR" property="version" />
    <result column="EXPLAIN_FILE_ID" jdbcType="VARCHAR" property="explainFileId" />
    <result column="UPDATE_FILE_ID" jdbcType="VARCHAR" property="updateFileId" />
    <result column="MD5_CODE_EXPLAIN_FILE" jdbcType="VARCHAR" property="md5CodeExplainFile" />
    <result column="MD5_CODE_UPDATE_FILE" jdbcType="VARCHAR" property="md5CodeUpdateFile" />
    <result column="DOWNLOAD_DATE" jdbcType="TIMESTAMP" property="downloadDate" />
    <result column="STATE" jdbcType="INTEGER" property="state" />
    <result column="IS_INVALID" jdbcType="VARCHAR" property="isInvalid" />
    <result column="PROJECT_CODE" jdbcType="VARCHAR" property="projectCode" />
    <result column="REMARK" jdbcType="VARCHAR" property="remark" />
    <result column="CREATOR" jdbcType="VARCHAR" property="creator" />
    <result column="CREATOR_ID" jdbcType="VARCHAR" property="creatorId" />
    <result column="CREATE_DATE" jdbcType="TIMESTAMP" property="createDate" />
    <result column="MODIFY_PERSON_ID" jdbcType="VARCHAR" property="modifyPersonId" />
    <result column="MODIFY_PERSON" jdbcType="VARCHAR" property="modifyPerson" />
    <result column="MODIFY_DATE" jdbcType="TIMESTAMP" property="modifyDate" />
    <result column="INVALIDATE_DATE" jdbcType="TIMESTAMP" property="invalidateDate" />
    <result column="INVALIDATE_USER_ID" jdbcType="VARCHAR" property="invalidateUserId" />
    <result column="SORT" jdbcType="SMALLINT" property="sort" />
  </resultMap>
  <sql id="Base_Column_List">
    <!--@mbg.generated-->
    ID, VERSION, EXPLAIN_FILE_ID, UPDATE_FILE_ID, MD5_CODE_EXPLAIN_FILE, MD5_CODE_UPDATE_FILE, 
    DOWNLOAD_DATE, `STATE`, IS_INVALID, PROJECT_CODE, REMARK, CREATOR, CREATOR_ID, CREATE_DATE, 
    MODIFY_PERSON_ID, MODIFY_PERSON, MODIFY_DATE, INVALIDATE_DATE, INVALIDATE_USER_ID, 
    SORT
  </sql>
  <select id="selectByPrimaryKey" parameterType="java.lang.String" resultMap="BaseResultMap">
    <!--@mbg.generated-->
    select 
    <include refid="Base_Column_List" />
    from t_versions_file
    where ID = #{id,jdbcType=VARCHAR}
  </select>
  <delete id="deleteByPrimaryKey" parameterType="java.lang.String">
    <!--@mbg.generated-->
    delete from t_versions_file
    where ID = #{id,jdbcType=VARCHAR}
  </delete>
  <insert id="insert" parameterType="com.clkj.entity.cm.TVersionsFile">
    <!--@mbg.generated-->
    insert into t_versions_file (ID, VERSION, EXPLAIN_FILE_ID, 
      UPDATE_FILE_ID, MD5_CODE_EXPLAIN_FILE, MD5_CODE_UPDATE_FILE, 
      DOWNLOAD_DATE, `STATE`, IS_INVALID, 
      PROJECT_CODE, REMARK, CREATOR, 
      CREATOR_ID, CREATE_DATE, MODIFY_PERSON_ID, 
      MODIFY_PERSON, MODIFY_DATE, INVALIDATE_DATE, 
      INVALIDATE_USER_ID, SORT)
    values (#{id,jdbcType=VARCHAR}, #{version,jdbcType=VARCHAR}, #{explainFileId,jdbcType=VARCHAR}, 
      #{updateFileId,jdbcType=VARCHAR}, #{md5CodeExplainFile,jdbcType=VARCHAR}, #{md5CodeUpdateFile,jdbcType=VARCHAR}, 
      #{downloadDate,jdbcType=TIMESTAMP}, #{state,jdbcType=INTEGER}, #{isInvalid,jdbcType=VARCHAR}, 
      #{projectCode,jdbcType=VARCHAR}, #{remark,jdbcType=VARCHAR}, #{creator,jdbcType=VARCHAR}, 
      #{creatorId,jdbcType=VARCHAR}, #{createDate,jdbcType=TIMESTAMP}, #{modifyPersonId,jdbcType=VARCHAR}, 
      #{modifyPerson,jdbcType=VARCHAR}, #{modifyDate,jdbcType=TIMESTAMP}, #{invalidateDate,jdbcType=TIMESTAMP}, 
      #{invalidateUserId,jdbcType=VARCHAR}, #{sort,jdbcType=SMALLINT})
  </insert>
  <insert id="insertSelective" parameterType="com.clkj.entity.cm.TVersionsFile">
    <!--@mbg.generated-->
    insert into t_versions_file
    <trim prefix="(" suffix=")" suffixOverrides=",">
      <if test="id != null">
        ID,
      </if>
      <if test="version != null">
        VERSION,
      </if>
      <if test="explainFileId != null">
        EXPLAIN_FILE_ID,
      </if>
      <if test="updateFileId != null">
        UPDATE_FILE_ID,
      </if>
      <if test="md5CodeExplainFile != null">
        MD5_CODE_EXPLAIN_FILE,
      </if>
      <if test="md5CodeUpdateFile != null">
        MD5_CODE_UPDATE_FILE,
      </if>
      <if test="downloadDate != null">
        DOWNLOAD_DATE,
      </if>
      <if test="state != null">
        `STATE`,
      </if>
      <if test="isInvalid != null">
        IS_INVALID,
      </if>
      <if test="projectCode != null">
        PROJECT_CODE,
      </if>
      <if test="remark != null">
        REMARK,
      </if>
      <if test="creator != null">
        CREATOR,
      </if>
      <if test="creatorId != null">
        CREATOR_ID,
      </if>
      <if test="createDate != null">
        CREATE_DATE,
      </if>
      <if test="modifyPersonId != null">
        MODIFY_PERSON_ID,
      </if>
      <if test="modifyPerson != null">
        MODIFY_PERSON,
      </if>
      <if test="modifyDate != null">
        MODIFY_DATE,
      </if>
      <if test="invalidateDate != null">
        INVALIDATE_DATE,
      </if>
      <if test="invalidateUserId != null">
        INVALIDATE_USER_ID,
      </if>
      <if test="sort != null">
        SORT,
      </if>
    </trim>
    <trim prefix="values (" suffix=")" suffixOverrides=",">
      <if test="id != null">
        #{id,jdbcType=VARCHAR},
      </if>
      <if test="version != null">
        #{version,jdbcType=VARCHAR},
      </if>
      <if test="explainFileId != null">
        #{explainFileId,jdbcType=VARCHAR},
      </if>
      <if test="updateFileId != null">
        #{updateFileId,jdbcType=VARCHAR},
      </if>
      <if test="md5CodeExplainFile != null">
        #{md5CodeExplainFile,jdbcType=VARCHAR},
      </if>
      <if test="md5CodeUpdateFile != null">
        #{md5CodeUpdateFile,jdbcType=VARCHAR},
      </if>
      <if test="downloadDate != null">
        #{downloadDate,jdbcType=TIMESTAMP},
      </if>
      <if test="state != null">
        #{state,jdbcType=INTEGER},
      </if>
      <if test="isInvalid != null">
        #{isInvalid,jdbcType=VARCHAR},
      </if>
      <if test="projectCode != null">
        #{projectCode,jdbcType=VARCHAR},
      </if>
      <if test="remark != null">
        #{remark,jdbcType=VARCHAR},
      </if>
      <if test="creator != null">
        #{creator,jdbcType=VARCHAR},
      </if>
      <if test="creatorId != null">
        #{creatorId,jdbcType=VARCHAR},
      </if>
      <if test="createDate != null">
        #{createDate,jdbcType=TIMESTAMP},
      </if>
      <if test="modifyPersonId != null">
        #{modifyPersonId,jdbcType=VARCHAR},
      </if>
      <if test="modifyPerson != null">
        #{modifyPerson,jdbcType=VARCHAR},
      </if>
      <if test="modifyDate != null">
        #{modifyDate,jdbcType=TIMESTAMP},
      </if>
      <if test="invalidateDate != null">
        #{invalidateDate,jdbcType=TIMESTAMP},
      </if>
      <if test="invalidateUserId != null">
        #{invalidateUserId,jdbcType=VARCHAR},
      </if>
      <if test="sort != null">
        #{sort,jdbcType=SMALLINT},
      </if>
    </trim>
  </insert>
  <update id="updateByPrimaryKeySelective" parameterType="com.clkj.entity.cm.TVersionsFile">
    <!--@mbg.generated-->
    update t_versions_file
    <set>
      <if test="version != null">
        VERSION = #{version,jdbcType=VARCHAR},
      </if>
      <if test="explainFileId != null">
        EXPLAIN_FILE_ID = #{explainFileId,jdbcType=VARCHAR},
      </if>
      <if test="updateFileId != null">
        UPDATE_FILE_ID = #{updateFileId,jdbcType=VARCHAR},
      </if>
      <if test="md5CodeExplainFile != null">
        MD5_CODE_EXPLAIN_FILE = #{md5CodeExplainFile,jdbcType=VARCHAR},
      </if>
      <if test="md5CodeUpdateFile != null">
        MD5_CODE_UPDATE_FILE = #{md5CodeUpdateFile,jdbcType=VARCHAR},
      </if>
      <if test="downloadDate != null">
        DOWNLOAD_DATE = #{downloadDate,jdbcType=TIMESTAMP},
      </if>
      <if test="state != null">
        `STATE` = #{state,jdbcType=INTEGER},
      </if>
      <if test="isInvalid != null">
        IS_INVALID = #{isInvalid,jdbcType=VARCHAR},
      </if>
      <if test="projectCode != null">
        PROJECT_CODE = #{projectCode,jdbcType=VARCHAR},
      </if>
      <if test="remark != null">
        REMARK = #{remark,jdbcType=VARCHAR},
      </if>
      <if test="creator != null">
        CREATOR = #{creator,jdbcType=VARCHAR},
      </if>
      <if test="creatorId != null">
        CREATOR_ID = #{creatorId,jdbcType=VARCHAR},
      </if>
      <if test="createDate != null">
        CREATE_DATE = #{createDate,jdbcType=TIMESTAMP},
      </if>
      <if test="modifyPersonId != null">
        MODIFY_PERSON_ID = #{modifyPersonId,jdbcType=VARCHAR},
      </if>
      <if test="modifyPerson != null">
        MODIFY_PERSON = #{modifyPerson,jdbcType=VARCHAR},
      </if>
      <if test="modifyDate != null">
        MODIFY_DATE = #{modifyDate,jdbcType=TIMESTAMP},
      </if>
      <if test="invalidateDate != null">
        INVALIDATE_DATE = #{invalidateDate,jdbcType=TIMESTAMP},
      </if>
      <if test="invalidateUserId != null">
        INVALIDATE_USER_ID = #{invalidateUserId,jdbcType=VARCHAR},
      </if>
      <if test="sort != null">
        SORT = #{sort,jdbcType=SMALLINT},
      </if>
    </set>
    where ID = #{id,jdbcType=VARCHAR}
  </update>
  <update id="updateByPrimaryKey" parameterType="com.clkj.entity.cm.TVersionsFile">
    <!--@mbg.generated-->
    update t_versions_file
    set VERSION = #{version,jdbcType=VARCHAR},
      EXPLAIN_FILE_ID = #{explainFileId,jdbcType=VARCHAR},
      UPDATE_FILE_ID = #{updateFileId,jdbcType=VARCHAR},
      MD5_CODE_EXPLAIN_FILE = #{md5CodeExplainFile,jdbcType=VARCHAR},
      MD5_CODE_UPDATE_FILE = #{md5CodeUpdateFile,jdbcType=VARCHAR},
      DOWNLOAD_DATE = #{downloadDate,jdbcType=TIMESTAMP},
      `STATE` = #{state,jdbcType=INTEGER},
      IS_INVALID = #{isInvalid,jdbcType=VARCHAR},
      PROJECT_CODE = #{projectCode,jdbcType=VARCHAR},
      REMARK = #{remark,jdbcType=VARCHAR},
      CREATOR = #{creator,jdbcType=VARCHAR},
      CREATOR_ID = #{creatorId,jdbcType=VARCHAR},
      CREATE_DATE = #{createDate,jdbcType=TIMESTAMP},
      MODIFY_PERSON_ID = #{modifyPersonId,jdbcType=VARCHAR},
      MODIFY_PERSON = #{modifyPerson,jdbcType=VARCHAR},
      MODIFY_DATE = #{modifyDate,jdbcType=TIMESTAMP},
      INVALIDATE_DATE = #{invalidateDate,jdbcType=TIMESTAMP},
      INVALIDATE_USER_ID = #{invalidateUserId,jdbcType=VARCHAR},
      SORT = #{sort,jdbcType=SMALLINT}
    where ID = #{id,jdbcType=VARCHAR}
  </update>
    <select id="getVersionNow" resultMap="BaseResultMap">
      SELECT MODIFY_DATE,VERSION,STATE FROM`t_versions_file` WHERE STATE = 1 ORDER BY VERSION+0 DESC LIMIT 1;
    </select>
  <select id="getAllVersion" resultMap="BaseResultMap">
    SELECT * FROM`t_versions_file`
  </select>
  <select id="getStateByVersion" parameterType="java.lang.String" resultType="int">
    SELECT state FROM `t_versions_file`WHERE VERSION = #{version}
  </select>

</mapper>