<?xml version="1.0" encoding="UTF-8" ?>
<beans xmlns="http://www.springframework.org/schema/beans"
	xmlns:xsi="http://www.w3.org/2001/XMLSchema-instance"
	xmlns:p="http://www.springframework.org/schema/p"
	xmlns:context="http://www.springframework.org/schema/context"
	xmlns:mvc="http://www.springframework.org/schema/mvc" xmlns:aop="http://www.springframework.org/schema/aop"
	xmlns:task="http://www.springframework.org/schema/task"
	xsi:schemaLocation="
		http://www.springframework.org/schema/task
		http://www.springframework.org/schema/task/spring-task.xsd
		http://www.springframework.org/schema/beans http://www.springframework.org/schema/beans/spring-beans.xsd
		http://www.springframework.org/schema/context http://www.springframework.org/schema/context/spring-context.xsd
		http://www.springframework.org/schema/mvc http://www.springframework.org/schema/mvc/spring-mvc.xsd
		http://www.springframework.org/schema/aop http://www.springframework.org/schema/aop/spring-aop.xsd"
	default-lazy-init="false">


<!--
	定时 对审核通过的 申请查询 上链
-->

	<!--<bean class="com.clkj.controller.punish.auto.AutoChainApplyQuery" id="mytask1" />
	<task:scheduled-tasks>
		<task:scheduled ref="mytask1" method="approvalDataPlus" cron="0 */1 * * * ?" />
	</task:scheduled-tasks>

	&lt;!&ndash;同步链上处罚记录变更及作废的数据 &ndash;&gt;
	<bean class="com.clkj.controller.punish.auto.AutoChainApplyQuery" id="mytask2" />
	<task:scheduled-tasks>
		<task:scheduled ref="mytask2" method="approvalData2" cron="0 */1 * * * ?" />
	</task:scheduled-tasks>-->
	<!--************************************分割线***************************************-->

	<bean class="com.clkj.controller.punish.auto.AutoChainApplyQuery" id="mytaskPunish" />
	<task:scheduled-tasks>
		<!--(机构)同步链上申请查询状态为3(通过审批)的数据到本地-->
		<task:scheduled ref="mytaskPunish" method="approvalData1" cron="0 */5 * * * ?" />
		<!--(机构)把链上的处罚记录变更同步至本地-->
		<task:scheduled ref="mytaskPunish" method="approval1" cron="0 */8 * * * ?" />
		<!--(机构)作废定时任务-->
		<task:scheduled ref="mytaskPunish" method="approval2" cron="0 */12 * * * ?" />

		<!--推送密钥数据-->
		<!--每个周最后一个周六晚上七点十五-->
		<task:scheduled ref="mytaskPunish" method="pushToMiYao" cron="0 15 20 ? * SUN" />
		<!--最后一个周六晚上七点十分-->
		<task:scheduled ref="mytaskPunish" method="pushFileToMiYao" cron="0 10 19 ? * SAT" />
	</task:scheduled-tasks>
</beans>